<?xml version="1.0" encoding="UTF-8"?>
<gpx version="1.1" creator="tcap-parcours" xmlns="http://www.topografix.com/GPX/1/1">
  <metadata><name>Le grand tour du coin, featuring TBM57 – Boucle 80 km</name></metadata>
  <trk><name>Le grand tour du coin, featuring TBM57 – Boucle 80 km</name><trkseg>
    <trkpt lat="48.370208" lon="-4.640253"><ele>60.0</ele></trkpt>
    <trkpt lat="48.370210" lon="-4.640153"><ele>60.0</ele></trkpt>
    <trkpt lat="48.370362" lon="-4.640161"><ele>60.0</ele></trkpt>
    <trkpt lat="48.370671" lon="-4.640031"><ele>58.0</ele></trkpt>
    <trkpt lat="48.370762" lon="-4.640063"><ele>58.0</ele></trkpt>
    <trkpt lat="48.371100" lon="-4.640374"><ele>57.3</ele></trkpt>
    <trkpt lat="48.371581" lon="-4.640608"><ele>56.0</ele></trkpt>
    <trkpt lat="48.371675" lon="-4.640539"><ele>55.3</ele></trkpt>
    <trkpt lat="48.372546" lon="-4.640610"><ele>52.0</ele></trkpt>
    <trkpt lat="48.372614" lon="-4.640546"><ele>52.0</ele></trkpt>
    <trkpt lat="48.372736" lon="-4.640208"><ele>51.0</ele></trkpt>
    <trkpt lat="48.372913" lon="-4.639872"><ele>51.6</ele></trkpt>
    <trkpt lat="48.372967" lon="-4.639858"><ele>51.6</ele></trkpt>
    <trkpt lat="48.373799" lon="-4.640251"><ele>51.5</ele></trkpt>
    <trkpt lat="48.373733" lon="-4.641056"><ele>49.9</ele></trkpt>
    <trkpt lat="48.373695" lon="-4.641178"><ele>49.4</ele></trkpt>
    <trkpt lat="48.373832" lon="-4.641337"><ele>49.0</ele></trkpt>
    <trkpt lat="48.373880" lon="-4.641543"><ele>49.1</ele></trkpt>
    <trkpt lat="48.374060" lon="-4.641663"><ele>49.0</ele></trkpt>
    <trkpt lat="48.374220" lon="-4.642050"><ele>50.1</ele></trkpt>
    <trkpt lat="48.374302" lon="-4.642112"><ele>50.9</ele></trkpt>
    <trkpt lat="48.374725" lon="-4.642248"><ele>51.5</ele></trkpt>
    <trkpt lat="48.375134" lon="-4.642326"><ele>51.0</ele></trkpt>
    <trkpt lat="48.375540" lon="-4.642290"><ele>51.0</ele></trkpt>
    <trkpt lat="48.375682" lon="-4.642398"><ele>51.0</ele></trkpt>
    <trkpt lat="48.375888" lon="-4.642095"><ele>51.4</ele></trkpt>
    <trkpt lat="48.376223" lon="-4.641760"><ele>50.4</ele></trkpt>
    <trkpt lat="48.376296" lon="-4.641762"><ele>50.3</ele></trkpt>
    <trkpt lat="48.376301" lon="-4.641838"><ele>50.7</ele></trkpt>
    <trkpt lat="48.376363" lon="-4.641853"><ele>50.2</ele></trkpt>
    <trkpt lat="48.376383" lon="-4.641912"><ele>50.4</ele></trkpt>
    <trkpt lat="48.376718" lon="-4.641473"><ele>50.4</ele></trkpt>
    <trkpt lat="48.377833" lon="-4.639108"><ele>48.8</ele></trkpt>
    <trkpt lat="48.379170" lon="-4.636107"><ele>48.2</ele></trkpt>
    <trkpt lat="48.379247" lon="-4.635778"><ele>47.8</ele></trkpt>
    <trkpt lat="48.379265" lon="-4.635450"><ele>47.8</ele></trkpt>
    <trkpt lat="48.379225" lon="-4.634567"><ele>46.8</ele></trkpt>
    <trkpt lat="48.379148" lon="-4.634035"><ele>46.4</ele></trkpt>
    <trkpt lat="48.378910" lon="-4.633115"><ele>46.6</ele></trkpt>
    <trkpt lat="48.378118" lon="-4.631195"><ele>46.8</ele></trkpt>
    <trkpt lat="48.377908" lon="-4.630570"><ele>46.4</ele></trkpt>
    <trkpt lat="48.377755" lon="-4.629992"><ele>46.2</ele></trkpt>
    <trkpt lat="48.377633" lon="-4.629217"><ele>45.8</ele></trkpt>
    <trkpt lat="48.377592" lon="-4.628625"><ele>45.0</ele></trkpt>
    <trkpt lat="48.377615" lon="-4.628212"><ele>44.4</ele></trkpt>
    <trkpt lat="48.377682" lon="-4.627788"><ele>44.0</ele></trkpt>
    <trkpt lat="48.377755" lon="-4.627498"><ele>43.8</ele></trkpt>
    <trkpt lat="48.377952" lon="-4.627020"><ele>44.0</ele></trkpt>
    <trkpt lat="48.378305" lon="-4.626362"><ele>44.0</ele></trkpt>
    <trkpt lat="48.378627" lon="-4.625908"><ele>44.4</ele></trkpt>
    <trkpt lat="48.378912" lon="-4.625623"><ele>44.4</ele></trkpt>
    <trkpt lat="48.379267" lon="-4.625193"><ele>45.2</ele></trkpt>
    <trkpt lat="48.379455" lon="-4.624910"><ele>45.4</ele></trkpt>
    <trkpt lat="48.379850" lon="-4.623920"><ele>47.4</ele></trkpt>
    <trkpt lat="48.379888" lon="-4.623565"><ele>48.0</ele></trkpt>
    <trkpt lat="48.379970" lon="-4.623362"><ele>48.2</ele></trkpt>
    <trkpt lat="48.380053" lon="-4.623002"><ele>48.4</ele></trkpt>
    <trkpt lat="48.380265" lon="-4.622652"><ele>50.0</ele></trkpt>
    <trkpt lat="48.380372" lon="-4.622175"><ele>50.8</ele></trkpt>
    <trkpt lat="48.380305" lon="-4.621923"><ele>51.2</ele></trkpt>
    <trkpt lat="48.380010" lon="-4.621292"><ele>50.8</ele></trkpt>
    <trkpt lat="48.380002" lon="-4.621028"><ele>50.8</ele></trkpt>
    <trkpt lat="48.380052" lon="-4.620877"><ele>51.0</ele></trkpt>
    <trkpt lat="48.380162" lon="-4.620775"><ele>51.4</ele></trkpt>
    <trkpt lat="48.380287" lon="-4.620328"><ele>52.2</ele></trkpt>
    <trkpt lat="48.380537" lon="-4.620117"><ele>53.2</ele></trkpt>
    <trkpt lat="48.380715" lon="-4.619795"><ele>53.8</ele></trkpt>
    <trkpt lat="48.380747" lon="-4.619650"><ele>54.2</ele></trkpt>
    <trkpt lat="48.380647" lon="-4.619212"><ele>54.4</ele></trkpt>
    <trkpt lat="48.380285" lon="-4.618498"><ele>54.4</ele></trkpt>
    <trkpt lat="48.380280" lon="-4.618413"><ele>54.4</ele></trkpt>
    <trkpt lat="48.380343" lon="-4.618267"><ele>55.0</ele></trkpt>
    <trkpt lat="48.380592" lon="-4.618005"><ele>56.0</ele></trkpt>
    <trkpt lat="48.381377" lon="-4.617402"><ele>61.2</ele></trkpt>
    <trkpt lat="48.381422" lon="-4.617405"><ele>61.4</ele></trkpt>
    <trkpt lat="48.381542" lon="-4.617285"><ele>62.4</ele></trkpt>
    <trkpt lat="48.381770" lon="-4.617147"><ele>63.6</ele></trkpt>
    <trkpt lat="48.381863" lon="-4.617013"><ele>64.4</ele></trkpt>
    <trkpt lat="48.382370" lon="-4.616760"><ele>68.0</ele></trkpt>
    <trkpt lat="48.382863" lon="-4.616453"><ele>71.2</ele></trkpt>
    <trkpt lat="48.383325" lon="-4.616100"><ele>73.8</ele></trkpt>
    <trkpt lat="48.383485" lon="-4.616043"><ele>74.2</ele></trkpt>
    <trkpt lat="48.383620" lon="-4.615850"><ele>74.8</ele></trkpt>
    <trkpt lat="48.384430" lon="-4.614963"><ele>75.2</ele></trkpt>
    <trkpt lat="48.384520" lon="-4.614782"><ele>74.8</ele></trkpt>
    <trkpt lat="48.384605" lon="-4.614695"><ele>74.6</ele></trkpt>
    <trkpt lat="48.384497" lon="-4.614630"><ele>74.6</ele></trkpt>
    <trkpt lat="48.384535" lon="-4.614690"><ele>74.4</ele></trkpt>
    <trkpt lat="48.384582" lon="-4.614682"><ele>74.2</ele></trkpt>
    <trkpt lat="48.384912" lon="-4.614313"><ele>73.8</ele></trkpt>
    <trkpt lat="48.384828" lon="-4.614052"><ele>74.2</ele></trkpt>
    <trkpt lat="48.384753" lon="-4.613565"><ele>74.4</ele></trkpt>
    <trkpt lat="48.384657" lon="-4.613390"><ele>74.6</ele></trkpt>
    <trkpt lat="48.384610" lon="-4.613217"><ele>74.2</ele></trkpt>
    <trkpt lat="48.384635" lon="-4.612853"><ele>74.2</ele></trkpt>
    <trkpt lat="48.384745" lon="-4.612492"><ele>72.6</ele></trkpt>
    <trkpt lat="48.384860" lon="-4.612453"><ele>72.2</ele></trkpt>
    <trkpt lat="48.385015" lon="-4.612325"><ele>71.8</ele></trkpt>
    <trkpt lat="48.385380" lon="-4.612242"><ele>70.4</ele></trkpt>
    <trkpt lat="48.385542" lon="-4.612040"><ele>69.2</ele></trkpt>
    <trkpt lat="48.385607" lon="-4.612012"><ele>68.8</ele></trkpt>
    <trkpt lat="48.385682" lon="-4.612075"><ele>67.4</ele></trkpt>
    <trkpt lat="48.385725" lon="-4.612495"><ele>67.2</ele></trkpt>
    <trkpt lat="48.385773" lon="-4.612570"><ele>67.4</ele></trkpt>
    <trkpt lat="48.386283" lon="-4.612238"><ele>64.4</ele></trkpt>
    <trkpt lat="48.386390" lon="-4.612113"><ele>64.0</ele></trkpt>
    <trkpt lat="48.386398" lon="-4.611988"><ele>63.6</ele></trkpt>
    <trkpt lat="48.386372" lon="-4.611933"><ele>63.6</ele></trkpt>
    <trkpt lat="48.386248" lon="-4.611897"><ele>63.8</ele></trkpt>
    <trkpt lat="48.385955" lon="-4.611687"><ele>65.0</ele></trkpt>
    <trkpt lat="48.385767" lon="-4.611467"><ele>65.8</ele></trkpt>
    <trkpt lat="48.385160" lon="-4.610498"><ele>67.8</ele></trkpt>
    <trkpt lat="48.385103" lon="-4.610395"><ele>67.8</ele></trkpt>
    <trkpt lat="48.385090" lon="-4.610297"><ele>67.8</ele></trkpt>
    <trkpt lat="48.385150" lon="-4.610185"><ele>66.6</ele></trkpt>
    <trkpt lat="48.385908" lon="-4.609363"><ele>65.8</ele></trkpt>
    <trkpt lat="48.386062" lon="-4.609118"><ele>66.2</ele></trkpt>
    <trkpt lat="48.386113" lon="-4.608927"><ele>66.6</ele></trkpt>
    <trkpt lat="48.386128" lon="-4.609012"><ele>66.4</ele></trkpt>
    <trkpt lat="48.386168" lon="-4.609012"><ele>66.4</ele></trkpt>
    <trkpt lat="48.386340" lon="-4.608817"><ele>66.0</ele></trkpt>
    <trkpt lat="48.386733" lon="-4.608115"><ele>67.4</ele></trkpt>
    <trkpt lat="48.387003" lon="-4.607713"><ele>68.0</ele></trkpt>
    <trkpt lat="48.387305" lon="-4.607165"><ele>69.2</ele></trkpt>
    <trkpt lat="48.387463" lon="-4.606802"><ele>70.6</ele></trkpt>
    <trkpt lat="48.387805" lon="-4.606228"><ele>72.2</ele></trkpt>
    <trkpt lat="48.388320" lon="-4.604885"><ele>76.6</ele></trkpt>
    <trkpt lat="48.388308" lon="-4.604823"><ele>76.8</ele></trkpt>
    <trkpt lat="48.388127" lon="-4.604577"><ele>77.6</ele></trkpt>
    <trkpt lat="48.387928" lon="-4.603882"><ele>79.2</ele></trkpt>
    <trkpt lat="48.387608" lon="-4.603095"><ele>81.0</ele></trkpt>
    <trkpt lat="48.387418" lon="-4.602707"><ele>82.0</ele></trkpt>
    <trkpt lat="48.387348" lon="-4.602483"><ele>83.0</ele></trkpt>
    <trkpt lat="48.387233" lon="-4.602280"><ele>83.6</ele></trkpt>
    <trkpt lat="48.387143" lon="-4.601953"><ele>84.2</ele></trkpt>
    <trkpt lat="48.386880" lon="-4.601360"><ele>85.0</ele></trkpt>
    <trkpt lat="48.386852" lon="-4.601200"><ele>85.2</ele></trkpt>
    <trkpt lat="48.386607" lon="-4.600615"><ele>85.6</ele></trkpt>
    <trkpt lat="48.386445" lon="-4.600043"><ele>86.6</ele></trkpt>
    <trkpt lat="48.386382" lon="-4.599522"><ele>87.2</ele></trkpt>
    <trkpt lat="48.386373" lon="-4.598825"><ele>87.4</ele></trkpt>
    <trkpt lat="48.386398" lon="-4.598448"><ele>87.0</ele></trkpt>
    <trkpt lat="48.386340" lon="-4.597972"><ele>86.6</ele></trkpt>
    <trkpt lat="48.386443" lon="-4.597065"><ele>84.4</ele></trkpt>
    <trkpt lat="48.386488" lon="-4.596013"><ele>82.0</ele></trkpt>
    <trkpt lat="48.386832" lon="-4.595298"><ele>75.6</ele></trkpt>
    <trkpt lat="48.386922" lon="-4.595167"><ele>74.0</ele></trkpt>
    <trkpt lat="48.386975" lon="-4.594953"><ele>72.8</ele></trkpt>
    <trkpt lat="48.387198" lon="-4.594560"><ele>69.0</ele></trkpt>
    <trkpt lat="48.387297" lon="-4.594247"><ele>66.6</ele></trkpt>
    <trkpt lat="48.387537" lon="-4.593762"><ele>63.6</ele></trkpt>
    <trkpt lat="48.387462" lon="-4.593603"><ele>63.4</ele></trkpt>
    <trkpt lat="48.387298" lon="-4.593463"><ele>63.4</ele></trkpt>
    <trkpt lat="48.387237" lon="-4.593433"><ele>63.6</ele></trkpt>
    <trkpt lat="48.387138" lon="-4.593462"><ele>63.8</ele></trkpt>
    <trkpt lat="48.387013" lon="-4.593610"><ele>64.4</ele></trkpt>
    <trkpt lat="48.386550" lon="-4.593928"><ele>67.4</ele></trkpt>
    <trkpt lat="48.386413" lon="-4.593995"><ele>68.2</ele></trkpt>
    <trkpt lat="48.386115" lon="-4.594048"><ele>70.8</ele></trkpt>
    <trkpt lat="48.385927" lon="-4.594163"><ele>73.2</ele></trkpt>
    <trkpt lat="48.385793" lon="-4.594175"><ele>74.4</ele></trkpt>
    <trkpt lat="48.385347" lon="-4.594368"><ele>78.2</ele></trkpt>
    <trkpt lat="48.384847" lon="-4.594623"><ele>80.8</ele></trkpt>
    <trkpt lat="48.384450" lon="-4.594892"><ele>83.2</ele></trkpt>
    <trkpt lat="48.383997" lon="-4.595403"><ele>84.6</ele></trkpt>
    <trkpt lat="48.383598" lon="-4.596193"><ele>85.0</ele></trkpt>
    <trkpt lat="48.383457" lon="-4.596685"><ele>84.8</ele></trkpt>
    <trkpt lat="48.383370" lon="-4.597348"><ele>84.6</ele></trkpt>
    <trkpt lat="48.383305" lon="-4.597613"><ele>84.8</ele></trkpt>
    <trkpt lat="48.383255" lon="-4.597675"><ele>84.6</ele></trkpt>
    <trkpt lat="48.382967" lon="-4.597558"><ele>83.8</ele></trkpt>
    <trkpt lat="48.382512" lon="-4.597275"><ele>81.2</ele></trkpt>
    <trkpt lat="48.382243" lon="-4.597183"><ele>80.2</ele></trkpt>
    <trkpt lat="48.381383" lon="-4.597038"><ele>76.6</ele></trkpt>
    <trkpt lat="48.381185" lon="-4.597060"><ele>76.0</ele></trkpt>
    <trkpt lat="48.380393" lon="-4.596963"><ele>74.8</ele></trkpt>
    <trkpt lat="48.380053" lon="-4.596793"><ele>75.2</ele></trkpt>
    <trkpt lat="48.379640" lon="-4.596673"><ele>75.2</ele></trkpt>
    <trkpt lat="48.379138" lon="-4.596443"><ele>75.6</ele></trkpt>
    <trkpt lat="48.379078" lon="-4.596452"><ele>75.8</ele></trkpt>
    <trkpt lat="48.378685" lon="-4.596178"><ele>75.4</ele></trkpt>
    <trkpt lat="48.378260" lon="-4.595977"><ele>75.0</ele></trkpt>
    <trkpt lat="48.378057" lon="-4.595800"><ele>74.6</ele></trkpt>
    <trkpt lat="48.377907" lon="-4.595597"><ele>74.2</ele></trkpt>
    <trkpt lat="48.377592" lon="-4.595003"><ele>74.0</ele></trkpt>
    <trkpt lat="48.377177" lon="-4.594650"><ele>76.4</ele></trkpt>
    <trkpt lat="48.377032" lon="-4.594300"><ele>78.0</ele></trkpt>
    <trkpt lat="48.376830" lon="-4.594075"><ele>79.6</ele></trkpt>
    <trkpt lat="48.376745" lon="-4.593848"><ele>80.8</ele></trkpt>
    <trkpt lat="48.376417" lon="-4.593345"><ele>82.2</ele></trkpt>
    <trkpt lat="48.376275" lon="-4.593047"><ele>82.0</ele></trkpt>
    <trkpt lat="48.376263" lon="-4.592835"><ele>81.8</ele></trkpt>
    <trkpt lat="48.376183" lon="-4.592538"><ele>81.6</ele></trkpt>
    <trkpt lat="48.376173" lon="-4.592255"><ele>82.4</ele></trkpt>
    <trkpt lat="48.376143" lon="-4.592137"><ele>82.6</ele></trkpt>
    <trkpt lat="48.375995" lon="-4.591793"><ele>83.2</ele></trkpt>
    <trkpt lat="48.375668" lon="-4.591230"><ele>84.0</ele></trkpt>
    <trkpt lat="48.375632" lon="-4.590905"><ele>84.2</ele></trkpt>
    <trkpt lat="48.375710" lon="-4.590327"><ele>84.4</ele></trkpt>
    <trkpt lat="48.375677" lon="-4.590210"><ele>84.4</ele></trkpt>
    <trkpt lat="48.375248" lon="-4.590048"><ele>85.2</ele></trkpt>
    <trkpt lat="48.375153" lon="-4.589962"><ele>85.4</ele></trkpt>
    <trkpt lat="48.374610" lon="-4.589695"><ele>86.4</ele></trkpt>
    <trkpt lat="48.373993" lon="-4.589245"><ele>87.4</ele></trkpt>
    <trkpt lat="48.373488" lon="-4.588785"><ele>87.8</ele></trkpt>
    <trkpt lat="48.373278" lon="-4.588677"><ele>88.0</ele></trkpt>
    <trkpt lat="48.373073" lon="-4.588397"><ele>87.8</ele></trkpt>
    <trkpt lat="48.372313" lon="-4.587865"><ele>87.8</ele></trkpt>
    <trkpt lat="48.372262" lon="-4.587718"><ele>87.6</ele></trkpt>
    <trkpt lat="48.372258" lon="-4.587515"><ele>87.8</ele></trkpt>
    <trkpt lat="48.372147" lon="-4.587433"><ele>87.4</ele></trkpt>
    <trkpt lat="48.372137" lon="-4.587290"><ele>86.6</ele></trkpt>
    <trkpt lat="48.371622" lon="-4.586922"><ele>84.6</ele></trkpt>
    <trkpt lat="48.371395" lon="-4.586623"><ele>83.2</ele></trkpt>
    <trkpt lat="48.371052" lon="-4.585947"><ele>79.4</ele></trkpt>
    <trkpt lat="48.371003" lon="-4.585952"><ele>77.2</ele></trkpt>
    <trkpt lat="48.370760" lon="-4.585723"><ele>76.0</ele></trkpt>
    <trkpt lat="48.370572" lon="-4.585673"><ele>75.8</ele></trkpt>
    <trkpt lat="48.370383" lon="-4.585872"><ele>75.4</ele></trkpt>
    <trkpt lat="48.370310" lon="-4.585880"><ele>74.8</ele></trkpt>
    <trkpt lat="48.369888" lon="-4.585410"><ele>70.8</ele></trkpt>
    <trkpt lat="48.369840" lon="-4.585122"><ele>68.6</ele></trkpt>
    <trkpt lat="48.369852" lon="-4.584743"><ele>66.6</ele></trkpt>
    <trkpt lat="48.369812" lon="-4.584603"><ele>65.8</ele></trkpt>
    <trkpt lat="48.369738" lon="-4.584507"><ele>65.0</ele></trkpt>
    <trkpt lat="48.369483" lon="-4.584332"><ele>62.6</ele></trkpt>
    <trkpt lat="48.368858" lon="-4.583515"><ele>57.8</ele></trkpt>
    <trkpt lat="48.368813" lon="-4.583328"><ele>57.4</ele></trkpt>
    <trkpt lat="48.368842" lon="-4.582998"><ele>57.0</ele></trkpt>
    <trkpt lat="48.368807" lon="-4.582868"><ele>56.8</ele></trkpt>
    <trkpt lat="48.368615" lon="-4.582688"><ele>56.6</ele></trkpt>
    <trkpt lat="48.367770" lon="-4.582077"><ele>55.0</ele></trkpt>
    <trkpt lat="48.367615" lon="-4.581888"><ele>55.0</ele></trkpt>
    <trkpt lat="48.367327" lon="-4.581250"><ele>54.4</ele></trkpt>
    <trkpt lat="48.367167" lon="-4.580778"><ele>53.8</ele></trkpt>
    <trkpt lat="48.367108" lon="-4.580327"><ele>52.8</ele></trkpt>
    <trkpt lat="48.367110" lon="-4.579935"><ele>52.4</ele></trkpt>
    <trkpt lat="48.367038" lon="-4.579628"><ele>52.6</ele></trkpt>
    <trkpt lat="48.366758" lon="-4.579188"><ele>54.4</ele></trkpt>
    <trkpt lat="48.366800" lon="-4.578733"><ele>52.2</ele></trkpt>
    <trkpt lat="48.366763" lon="-4.577915"><ele>47.0</ele></trkpt>
    <trkpt lat="48.366803" lon="-4.577370"><ele>43.0</ele></trkpt>
    <trkpt lat="48.366790" lon="-4.577132"><ele>41.6</ele></trkpt>
    <trkpt lat="48.366825" lon="-4.576838"><ele>41.0</ele></trkpt>
    <trkpt lat="48.366903" lon="-4.576487"><ele>41.0</ele></trkpt>
    <trkpt lat="48.366948" lon="-4.576032"><ele>39.8</ele></trkpt>
    <trkpt lat="48.367052" lon="-4.575688"><ele>39.0</ele></trkpt>
    <trkpt lat="48.367118" lon="-4.575210"><ele>38.0</ele></trkpt>
    <trkpt lat="48.367278" lon="-4.575005"><ele>37.8</ele></trkpt>
    <trkpt lat="48.367432" lon="-4.574677"><ele>38.2</ele></trkpt>
    <trkpt lat="48.367405" lon="-4.574348"><ele>37.0</ele></trkpt>
    <trkpt lat="48.367322" lon="-4.574182"><ele>35.6</ele></trkpt>
    <trkpt lat="48.367207" lon="-4.573712"><ele>41.0</ele></trkpt>
    <trkpt lat="48.367220" lon="-4.573618"><ele>42.0</ele></trkpt>
    <trkpt lat="48.367370" lon="-4.573412"><ele>44.0</ele></trkpt>
    <trkpt lat="48.367468" lon="-4.573208"><ele>45.0</ele></trkpt>
    <trkpt lat="48.367503" lon="-4.572947"><ele>45.2</ele></trkpt>
    <trkpt lat="48.367450" lon="-4.572123"><ele>46.4</ele></trkpt>
    <trkpt lat="48.367522" lon="-4.571975"><ele>47.4</ele></trkpt>
    <trkpt lat="48.367797" lon="-4.572022"><ele>50.0</ele></trkpt>
    <trkpt lat="48.367947" lon="-4.571965"><ele>51.2</ele></trkpt>
    <trkpt lat="48.367835" lon="-4.571737"><ele>51.8</ele></trkpt>
    <trkpt lat="48.367828" lon="-4.571227"><ele>51.8</ele></trkpt>
    <trkpt lat="48.367757" lon="-4.570922"><ele>51.6</ele></trkpt>
    <trkpt lat="48.367702" lon="-4.570373"><ele>50.8</ele></trkpt>
    <trkpt lat="48.367780" lon="-4.569647"><ele>51.0</ele></trkpt>
    <trkpt lat="48.367902" lon="-4.569080"><ele>51.8</ele></trkpt>
    <trkpt lat="48.367880" lon="-4.568857"><ele>51.6</ele></trkpt>
    <trkpt lat="48.367910" lon="-4.568467"><ele>51.6</ele></trkpt>
    <trkpt lat="48.368043" lon="-4.567998"><ele>50.6</ele></trkpt>
    <trkpt lat="48.368118" lon="-4.567550"><ele>48.2</ele></trkpt>
    <trkpt lat="48.368178" lon="-4.567473"><ele>46.8</ele></trkpt>
    <trkpt lat="48.368295" lon="-4.567442"><ele>45.6</ele></trkpt>
    <trkpt lat="48.368548" lon="-4.567222"><ele>41.0</ele></trkpt>
    <trkpt lat="48.368617" lon="-4.566987"><ele>37.2</ele></trkpt>
    <trkpt lat="48.368558" lon="-4.566788"><ele>40.6</ele></trkpt>
    <trkpt lat="48.368552" lon="-4.566582"><ele>48.6</ele></trkpt>
    <trkpt lat="48.368577" lon="-4.566493"><ele>50.0</ele></trkpt>
    <trkpt lat="48.368308" lon="-4.566268"><ele>52.0</ele></trkpt>
    <trkpt lat="48.368260" lon="-4.566185"><ele>52.6</ele></trkpt>
    <trkpt lat="48.368213" lon="-4.565907"><ele>55.2</ele></trkpt>
    <trkpt lat="48.368087" lon="-4.565760"><ele>55.8</ele></trkpt>
    <trkpt lat="48.367792" lon="-4.565910"><ele>52.0</ele></trkpt>
    <trkpt lat="48.367673" lon="-4.565830"><ele>51.0</ele></trkpt>
    <trkpt lat="48.367522" lon="-4.565888"><ele>49.2</ele></trkpt>
    <trkpt lat="48.367378" lon="-4.565827"><ele>47.4</ele></trkpt>
    <trkpt lat="48.367342" lon="-4.565898"><ele>46.2</ele></trkpt>
    <trkpt lat="48.367282" lon="-4.565918"><ele>45.2</ele></trkpt>
    <trkpt lat="48.367158" lon="-4.565940"><ele>42.6</ele></trkpt>
    <trkpt lat="48.366932" lon="-4.565897"><ele>38.2</ele></trkpt>
    <trkpt lat="48.366833" lon="-4.565963"><ele>36.2</ele></trkpt>
    <trkpt lat="48.366645" lon="-4.565970"><ele>34.2</ele></trkpt>
    <trkpt lat="48.366340" lon="-4.566127"><ele>30.0</ele></trkpt>
    <trkpt lat="48.366238" lon="-4.566043"><ele>31.6</ele></trkpt>
    <trkpt lat="48.365983" lon="-4.566070"><ele>31.2</ele></trkpt>
    <trkpt lat="48.365552" lon="-4.566783"><ele>27.6</ele></trkpt>
    <trkpt lat="48.365448" lon="-4.566892"><ele>26.6</ele></trkpt>
    <trkpt lat="48.365460" lon="-4.567035"><ele>25.4</ele></trkpt>
    <trkpt lat="48.365555" lon="-4.567170"><ele>21.8</ele></trkpt>
    <trkpt lat="48.365327" lon="-4.567392"><ele>18.8</ele></trkpt>
    <trkpt lat="48.365342" lon="-4.567508"><ele>18.8</ele></trkpt>
    <trkpt lat="48.365313" lon="-4.567568"><ele>19.0</ele></trkpt>
    <trkpt lat="48.365312" lon="-4.567690"><ele>19.4</ele></trkpt>
    <trkpt lat="48.365417" lon="-4.567988"><ele>20.8</ele></trkpt>
    <trkpt lat="48.365470" lon="-4.568357"><ele>24.8</ele></trkpt>
    <trkpt lat="48.365515" lon="-4.568320"><ele>24.4</ele></trkpt>
    <trkpt lat="48.365567" lon="-4.568368"><ele>23.2</ele></trkpt>
    <trkpt lat="48.365673" lon="-4.568647"><ele>21.0</ele></trkpt>
    <trkpt lat="48.365757" lon="-4.569222"><ele>20.8</ele></trkpt>
    <trkpt lat="48.365833" lon="-4.569468"><ele>22.2</ele></trkpt>
    <trkpt lat="48.365857" lon="-4.569742"><ele>23.4</ele></trkpt>
    <trkpt lat="48.366025" lon="-4.570225"><ele>24.8</ele></trkpt>
    <trkpt lat="48.366052" lon="-4.570637"><ele>27.8</ele></trkpt>
    <trkpt lat="48.366157" lon="-4.570887"><ele>27.4</ele></trkpt>
    <trkpt lat="48.366248" lon="-4.571462"><ele>29.2</ele></trkpt>
    <trkpt lat="48.366377" lon="-4.571950"><ele>30.0</ele></trkpt>
    <trkpt lat="48.366417" lon="-4.572308"><ele>30.6</ele></trkpt>
    <trkpt lat="48.366425" lon="-4.572620"><ele>30.4</ele></trkpt>
    <trkpt lat="48.366337" lon="-4.572878"><ele>31.4</ele></trkpt>
    <trkpt lat="48.366303" lon="-4.573168"><ele>31.8</ele></trkpt>
    <trkpt lat="48.366302" lon="-4.573293"><ele>32.6</ele></trkpt>
    <trkpt lat="48.366340" lon="-4.573412"><ele>32.8</ele></trkpt>
    <trkpt lat="48.366313" lon="-4.573698"><ele>36.0</ele></trkpt>
    <trkpt lat="48.366252" lon="-4.573710"><ele>38.6</ele></trkpt>
    <trkpt lat="48.366162" lon="-4.573655"><ele>39.8</ele></trkpt>
    <trkpt lat="48.366125" lon="-4.573540"><ele>42.4</ele></trkpt>
    <trkpt lat="48.365950" lon="-4.573387"><ele>48.2</ele></trkpt>
    <trkpt lat="48.365885" lon="-4.573205"><ele>51.2</ele></trkpt>
    <trkpt lat="48.365928" lon="-4.572832"><ele>51.2</ele></trkpt>
    <trkpt lat="48.365857" lon="-4.572195"><ele>48.6</ele></trkpt>
    <trkpt lat="48.365857" lon="-4.571753"><ele>45.8</ele></trkpt>
    <trkpt lat="48.365785" lon="-4.571073"><ele>43.2</ele></trkpt>
    <trkpt lat="48.365712" lon="-4.570940"><ele>43.6</ele></trkpt>
    <trkpt lat="48.365533" lon="-4.570760"><ele>44.6</ele></trkpt>
    <trkpt lat="48.365292" lon="-4.570667"><ele>44.8</ele></trkpt>
    <trkpt lat="48.365078" lon="-4.570325"><ele>41.6</ele></trkpt>
    <trkpt lat="48.365040" lon="-4.570062"><ele>41.2</ele></trkpt>
    <trkpt lat="48.365057" lon="-4.569985"><ele>41.4</ele></trkpt>
    <trkpt lat="48.365192" lon="-4.569905"><ele>41.4</ele></trkpt>
    <trkpt lat="48.365363" lon="-4.569687"><ele>40.4</ele></trkpt>
    <trkpt lat="48.365337" lon="-4.569577"><ele>42.0</ele></trkpt>
    <trkpt lat="48.365278" lon="-4.569512"><ele>43.0</ele></trkpt>
    <trkpt lat="48.365238" lon="-4.569180"><ele>42.0</ele></trkpt>
    <trkpt lat="48.365203" lon="-4.569088"><ele>41.8</ele></trkpt>
    <trkpt lat="48.365023" lon="-4.568935"><ele>42.2</ele></trkpt>
    <trkpt lat="48.364923" lon="-4.568770"><ele>41.6</ele></trkpt>
    <trkpt lat="48.364857" lon="-4.568752"><ele>41.0</ele></trkpt>
    <trkpt lat="48.364778" lon="-4.568798"><ele>40.6</ele></trkpt>
    <trkpt lat="48.364682" lon="-4.569035"><ele>42.0</ele></trkpt>
    <trkpt lat="48.364548" lon="-4.569025"><ele>41.6</ele></trkpt>
    <trkpt lat="48.364388" lon="-4.569088"><ele>40.6</ele></trkpt>
    <trkpt lat="48.364142" lon="-4.569307"><ele>39.2</ele></trkpt>
    <trkpt lat="48.364023" lon="-4.569197"><ele>36.6</ele></trkpt>
    <trkpt lat="48.363988" lon="-4.568822"><ele>34.2</ele></trkpt>
    <trkpt lat="48.364118" lon="-4.568268"><ele>38.2</ele></trkpt>
    <trkpt lat="48.363997" lon="-4.566555"><ele>40.0</ele></trkpt>
    <trkpt lat="48.363630" lon="-4.565568"><ele>40.2</ele></trkpt>
    <trkpt lat="48.363358" lon="-4.565358"><ele>39.4</ele></trkpt>
    <trkpt lat="48.362908" lon="-4.565353"><ele>38.2</ele></trkpt>
    <trkpt lat="48.362803" lon="-4.565172"><ele>39.2</ele></trkpt>
    <trkpt lat="48.362967" lon="-4.564870"><ele>40.8</ele></trkpt>
    <trkpt lat="48.363022" lon="-4.564630"><ele>41.4</ele></trkpt>
    <trkpt lat="48.362993" lon="-4.564332"><ele>42.2</ele></trkpt>
    <trkpt lat="48.362928" lon="-4.564213"><ele>42.6</ele></trkpt>
    <trkpt lat="48.362842" lon="-4.563412"><ele>39.6</ele></trkpt>
    <trkpt lat="48.362665" lon="-4.562968"><ele>38.4</ele></trkpt>
    <trkpt lat="48.362592" lon="-4.562573"><ele>37.4</ele></trkpt>
    <trkpt lat="48.362377" lon="-4.562005"><ele>34.4</ele></trkpt>
    <trkpt lat="48.362150" lon="-4.561697"><ele>32.0</ele></trkpt>
    <trkpt lat="48.362180" lon="-4.561633"><ele>31.2</ele></trkpt>
    <trkpt lat="48.362538" lon="-4.561595"><ele>27.2</ele></trkpt>
    <trkpt lat="48.362692" lon="-4.561625"><ele>25.0</ele></trkpt>
    <trkpt lat="48.362777" lon="-4.561693"><ele>24.0</ele></trkpt>
    <trkpt lat="48.362887" lon="-4.561937"><ele>22.4</ele></trkpt>
    <trkpt lat="48.363002" lon="-4.562320"><ele>21.6</ele></trkpt>
    <trkpt lat="48.363142" lon="-4.562602"><ele>21.6</ele></trkpt>
    <trkpt lat="48.363262" lon="-4.562998"><ele>21.4</ele></trkpt>
    <trkpt lat="48.363775" lon="-4.563503"><ele>14.4</ele></trkpt>
    <trkpt lat="48.363962" lon="-4.563830"><ele>13.0</ele></trkpt>
    <trkpt lat="48.364042" lon="-4.564298"><ele>17.0</ele></trkpt>
    <trkpt lat="48.364162" lon="-4.564627"><ele>17.8</ele></trkpt>
    <trkpt lat="48.364382" lon="-4.565187"><ele>17.0</ele></trkpt>
    <trkpt lat="48.364500" lon="-4.565368"><ele>17.2</ele></trkpt>
    <trkpt lat="48.364707" lon="-4.565868"><ele>16.4</ele></trkpt>
    <trkpt lat="48.364718" lon="-4.565977"><ele>16.4</ele></trkpt>
    <trkpt lat="48.364657" lon="-4.566522"><ele>16.2</ele></trkpt>
    <trkpt lat="48.364633" lon="-4.566672"><ele>16.2</ele></trkpt>
    <trkpt lat="48.364533" lon="-4.566938"><ele>17.6</ele></trkpt>
    <trkpt lat="48.364543" lon="-4.567115"><ele>18.2</ele></trkpt>
    <trkpt lat="48.364657" lon="-4.567333"><ele>17.8</ele></trkpt>
    <trkpt lat="48.364907" lon="-4.567463"><ele>16.4</ele></trkpt>
    <trkpt lat="48.364942" lon="-4.567380"><ele>16.0</ele></trkpt>
    <trkpt lat="48.364937" lon="-4.567180"><ele>15.4</ele></trkpt>
    <trkpt lat="48.364880" lon="-4.566832"><ele>15.4</ele></trkpt>
    <trkpt lat="48.364838" lon="-4.566770"><ele>15.6</ele></trkpt>
    <trkpt lat="48.364910" lon="-4.566410"><ele>15.6</ele></trkpt>
    <trkpt lat="48.364963" lon="-4.566372"><ele>15.8</ele></trkpt>
    <trkpt lat="48.364925" lon="-4.566393"><ele>15.2</ele></trkpt>
    <trkpt lat="48.364922" lon="-4.566335"><ele>15.0</ele></trkpt>
    <trkpt lat="48.365022" lon="-4.565872"><ele>13.2</ele></trkpt>
    <trkpt lat="48.365032" lon="-4.565553"><ele>13.4</ele></trkpt>
    <trkpt lat="48.364978" lon="-4.565150"><ele>13.4</ele></trkpt>
    <trkpt lat="48.364827" lon="-4.564618"><ele>14.0</ele></trkpt>
    <trkpt lat="48.364727" lon="-4.564022"><ele>17.8</ele></trkpt>
    <trkpt lat="48.364782" lon="-4.564005"><ele>19.6</ele></trkpt>
    <trkpt lat="48.364868" lon="-4.563775"><ele>23.0</ele></trkpt>
    <trkpt lat="48.365123" lon="-4.563593"><ele>27.2</ele></trkpt>
    <trkpt lat="48.365467" lon="-4.563470"><ele>33.0</ele></trkpt>
    <trkpt lat="48.365508" lon="-4.563355"><ele>34.6</ele></trkpt>
    <trkpt lat="48.365737" lon="-4.563260"><ele>38.4</ele></trkpt>
    <trkpt lat="48.365782" lon="-4.563178"><ele>39.6</ele></trkpt>
    <trkpt lat="48.365910" lon="-4.563097"><ele>42.4</ele></trkpt>
    <trkpt lat="48.366077" lon="-4.562868"><ele>47.6</ele></trkpt>
    <trkpt lat="48.366075" lon="-4.562747"><ele>48.6</ele></trkpt>
    <trkpt lat="48.365968" lon="-4.562668"><ele>47.8</ele></trkpt>
    <trkpt lat="48.365913" lon="-4.562545"><ele>47.4</ele></trkpt>
    <trkpt lat="48.365808" lon="-4.561982"><ele>48.6</ele></trkpt>
    <trkpt lat="48.365690" lon="-4.561675"><ele>48.8</ele></trkpt>
    <trkpt lat="48.365625" lon="-4.561375"><ele>49.2</ele></trkpt>
    <trkpt lat="48.365542" lon="-4.560785"><ele>50.8</ele></trkpt>
    <trkpt lat="48.365400" lon="-4.560410"><ele>49.4</ele></trkpt>
    <trkpt lat="48.365458" lon="-4.560308"><ele>50.2</ele></trkpt>
    <trkpt lat="48.365802" lon="-4.559973"><ele>57.0</ele></trkpt>
    <trkpt lat="48.365903" lon="-4.559805"><ele>57.8</ele></trkpt>
    <trkpt lat="48.366065" lon="-4.559477"><ele>58.2</ele></trkpt>
    <trkpt lat="48.366062" lon="-4.559212"><ele>57.4</ele></trkpt>
    <trkpt lat="48.366160" lon="-4.558695"><ele>55.4</ele></trkpt>
    <trkpt lat="48.366223" lon="-4.558610"><ele>54.6</ele></trkpt>
    <trkpt lat="48.366375" lon="-4.558543"><ele>54.0</ele></trkpt>
    <trkpt lat="48.366390" lon="-4.558480"><ele>53.2</ele></trkpt>
    <trkpt lat="48.366355" lon="-4.558387"><ele>49.4</ele></trkpt>
    <trkpt lat="48.366308" lon="-4.558362"><ele>48.0</ele></trkpt>
    <trkpt lat="48.366023" lon="-4.558538"><ele>44.6</ele></trkpt>
    <trkpt lat="48.365903" lon="-4.558548"><ele>41.4</ele></trkpt>
    <trkpt lat="48.365912" lon="-4.558595"><ele>41.2</ele></trkpt>
    <trkpt lat="48.365857" lon="-4.558692"><ele>40.8</ele></trkpt>
    <trkpt lat="48.365808" lon="-4.558900"><ele>38.8</ele></trkpt>
    <trkpt lat="48.365695" lon="-4.559007"><ele>37.4</ele></trkpt>
    <trkpt lat="48.365605" lon="-4.559158"><ele>35.8</ele></trkpt>
    <trkpt lat="48.365542" lon="-4.559370"><ele>34.8</ele></trkpt>
    <trkpt lat="48.365285" lon="-4.559620"><ele>30.8</ele></trkpt>
    <trkpt lat="48.365125" lon="-4.559935"><ele>28.4</ele></trkpt>
    <trkpt lat="48.364937" lon="-4.559938"><ele>23.4</ele></trkpt>
    <trkpt lat="48.364858" lon="-4.560073"><ele>22.4</ele></trkpt>
    <trkpt lat="48.364753" lon="-4.560098"><ele>21.0</ele></trkpt>
    <trkpt lat="48.364712" lon="-4.560152"><ele>20.6</ele></trkpt>
    <trkpt lat="48.364397" lon="-4.560002"><ele>14.2</ele></trkpt>
    <trkpt lat="48.363862" lon="-4.560157"><ele>8.2</ele></trkpt>
    <trkpt lat="48.363792" lon="-4.560033"><ele>7.6</ele></trkpt>
    <trkpt lat="48.363688" lon="-4.560033"><ele>7.0</ele></trkpt>
    <trkpt lat="48.363635" lon="-4.559925"><ele>7.2</ele></trkpt>
    <trkpt lat="48.363422" lon="-4.558780"><ele>6.2</ele></trkpt>
    <trkpt lat="48.363250" lon="-4.558147"><ele>7.6</ele></trkpt>
    <trkpt lat="48.363147" lon="-4.557615"><ele>8.4</ele></trkpt>
    <trkpt lat="48.363145" lon="-4.557367"><ele>9.6</ele></trkpt>
    <trkpt lat="48.362988" lon="-4.557143"><ele>10.2</ele></trkpt>
    <trkpt lat="48.362767" lon="-4.555988"><ele>8.2</ele></trkpt>
    <trkpt lat="48.362577" lon="-4.555317"><ele>5.6</ele></trkpt>
    <trkpt lat="48.362452" lon="-4.554967"><ele>5.2</ele></trkpt>
    <trkpt lat="48.362347" lon="-4.554932"><ele>5.0</ele></trkpt>
    <trkpt lat="48.361943" lon="-4.554317"><ele>3.6</ele></trkpt>
    <trkpt lat="48.361880" lon="-4.554292"><ele>3.2</ele></trkpt>
    <trkpt lat="48.361673" lon="-4.554387"><ele>2.4</ele></trkpt>
    <trkpt lat="48.361387" lon="-4.554592"><ele>2.0</ele></trkpt>
    <trkpt lat="48.361092" lon="-4.554970"><ele>4.4</ele></trkpt>
    <trkpt lat="48.360937" lon="-4.555010"><ele>5.4</ele></trkpt>
    <trkpt lat="48.360825" lon="-4.554968"><ele>5.6</ele></trkpt>
    <trkpt lat="48.360728" lon="-4.554983"><ele>5.6</ele></trkpt>
    <trkpt lat="48.360603" lon="-4.555142"><ele>16.6</ele></trkpt>
    <trkpt lat="48.360587" lon="-4.555195"><ele>17.8</ele></trkpt>
    <trkpt lat="48.360623" lon="-4.555262"><ele>19.2</ele></trkpt>
    <trkpt lat="48.360582" lon="-4.555320"><ele>21.2</ele></trkpt>
    <trkpt lat="48.360030" lon="-4.555290"><ele>27.0</ele></trkpt>
    <trkpt lat="48.359728" lon="-4.555323"><ele>26.6</ele></trkpt>
    <trkpt lat="48.359633" lon="-4.555385"><ele>26.4</ele></trkpt>
    <trkpt lat="48.359225" lon="-4.555717"><ele>27.4</ele></trkpt>
    <trkpt lat="48.358887" lon="-4.556058"><ele>28.4</ele></trkpt>
    <trkpt lat="48.358775" lon="-4.556080"><ele>28.4</ele></trkpt>
    <trkpt lat="48.357647" lon="-4.556847"><ele>28.4</ele></trkpt>
    <trkpt lat="48.356958" lon="-4.557582"><ele>26.6</ele></trkpt>
    <trkpt lat="48.356698" lon="-4.558032"><ele>27.0</ele></trkpt>
    <trkpt lat="48.355422" lon="-4.558818"><ele>23.0</ele></trkpt>
    <trkpt lat="48.355412" lon="-4.558957"><ele>22.8</ele></trkpt>
    <trkpt lat="48.355452" lon="-4.559068"><ele>23.0</ele></trkpt>
    <trkpt lat="48.355848" lon="-4.559128"><ele>21.4</ele></trkpt>
    <trkpt lat="48.356427" lon="-4.559470"><ele>25.8</ele></trkpt>
    <trkpt lat="48.356508" lon="-4.559673"><ele>26.8</ele></trkpt>
    <trkpt lat="48.356720" lon="-4.560595"><ele>27.2</ele></trkpt>
    <trkpt lat="48.356800" lon="-4.561830"><ele>28.0</ele></trkpt>
    <trkpt lat="48.356792" lon="-4.562293"><ele>28.0</ele></trkpt>
    <trkpt lat="48.356562" lon="-4.562293"><ele>20.2</ele></trkpt>
    <trkpt lat="48.356545" lon="-4.562337"><ele>19.4</ele></trkpt>
    <trkpt lat="48.356618" lon="-4.562750"><ele>18.2</ele></trkpt>
    <trkpt lat="48.356732" lon="-4.563133"><ele>18.4</ele></trkpt>
    <trkpt lat="48.356733" lon="-4.563283"><ele>18.6</ele></trkpt>
    <trkpt lat="48.356562" lon="-4.563660"><ele>16.6</ele></trkpt>
    <trkpt lat="48.356565" lon="-4.563757"><ele>16.6</ele></trkpt>
    <trkpt lat="48.356618" lon="-4.563868"><ele>18.2</ele></trkpt>
    <trkpt lat="48.356573" lon="-4.564077"><ele>19.4</ele></trkpt>
    <trkpt lat="48.356470" lon="-4.564240"><ele>17.8</ele></trkpt>
    <trkpt lat="48.356382" lon="-4.564512"><ele>17.6</ele></trkpt>
    <trkpt lat="48.356400" lon="-4.564762"><ele>19.6</ele></trkpt>
    <trkpt lat="48.356350" lon="-4.564975"><ele>19.6</ele></trkpt>
    <trkpt lat="48.356138" lon="-4.565283"><ele>14.4</ele></trkpt>
    <trkpt lat="48.356065" lon="-4.565472"><ele>13.2</ele></trkpt>
    <trkpt lat="48.355793" lon="-4.565663"><ele>11.8</ele></trkpt>
    <trkpt lat="48.355745" lon="-4.565793"><ele>13.6</ele></trkpt>
    <trkpt lat="48.355390" lon="-4.566347"><ele>13.2</ele></trkpt>
    <trkpt lat="48.355163" lon="-4.566778"><ele>11.6</ele></trkpt>
    <trkpt lat="48.355127" lon="-4.566933"><ele>11.0</ele></trkpt>
    <trkpt lat="48.355148" lon="-4.567163"><ele>13.0</ele></trkpt>
    <trkpt lat="48.355240" lon="-4.567308"><ele>12.8</ele></trkpt>
    <trkpt lat="48.355138" lon="-4.567478"><ele>8.6</ele></trkpt>
    <trkpt lat="48.354933" lon="-4.567448"><ele>6.8</ele></trkpt>
    <trkpt lat="48.354815" lon="-4.567335"><ele>6.4</ele></trkpt>
    <trkpt lat="48.354587" lon="-4.567270"><ele>6.4</ele></trkpt>
    <trkpt lat="48.354547" lon="-4.567298"><ele>7.2</ele></trkpt>
    <trkpt lat="48.354508" lon="-4.567448"><ele>9.2</ele></trkpt>
    <trkpt lat="48.354325" lon="-4.567432"><ele>8.8</ele></trkpt>
    <trkpt lat="48.354228" lon="-4.567337"><ele>7.6</ele></trkpt>
    <trkpt lat="48.353878" lon="-4.567135"><ele>6.2</ele></trkpt>
    <trkpt lat="48.353650" lon="-4.567157"><ele>6.0</ele></trkpt>
    <trkpt lat="48.353262" lon="-4.567435"><ele>10.8</ele></trkpt>
    <trkpt lat="48.353020" lon="-4.567490"><ele>12.4</ele></trkpt>
    <trkpt lat="48.352998" lon="-4.567568"><ele>12.8</ele></trkpt>
    <trkpt lat="48.353013" lon="-4.567738"><ele>13.4</ele></trkpt>
    <trkpt lat="48.353115" lon="-4.568162"><ele>16.6</ele></trkpt>
    <trkpt lat="48.353093" lon="-4.568428"><ele>19.2</ele></trkpt>
    <trkpt lat="48.353058" lon="-4.568518"><ele>20.2</ele></trkpt>
    <trkpt lat="48.352887" lon="-4.568762"><ele>22.2</ele></trkpt>
    <trkpt lat="48.352715" lon="-4.568932"><ele>24.0</ele></trkpt>
    <trkpt lat="48.352607" lon="-4.569110"><ele>24.4</ele></trkpt>
    <trkpt lat="48.352488" lon="-4.569135"><ele>23.2</ele></trkpt>
    <trkpt lat="48.351960" lon="-4.569413"><ele>15.6</ele></trkpt>
    <trkpt lat="48.351913" lon="-4.569623"><ele>13.6</ele></trkpt>
    <trkpt lat="48.351920" lon="-4.569742"><ele>13.2</ele></trkpt>
    <trkpt lat="48.351812" lon="-4.569987"><ele>9.8</ele></trkpt>
    <trkpt lat="48.351732" lon="-4.570092"><ele>6.6</ele></trkpt>
    <trkpt lat="48.351688" lon="-4.570565"><ele>5.2</ele></trkpt>
    <trkpt lat="48.351803" lon="-4.571407"><ele>10.4</ele></trkpt>
    <trkpt lat="48.351785" lon="-4.571785"><ele>12.6</ele></trkpt>
    <trkpt lat="48.351852" lon="-4.571983"><ele>14.4</ele></trkpt>
    <trkpt lat="48.351727" lon="-4.571977"><ele>16.8</ele></trkpt>
    <trkpt lat="48.351550" lon="-4.571872"><ele>21.2</ele></trkpt>
    <trkpt lat="48.351472" lon="-4.571952"><ele>22.6</ele></trkpt>
    <trkpt lat="48.351412" lon="-4.571888"><ele>22.4</ele></trkpt>
    <trkpt lat="48.351347" lon="-4.571892"><ele>22.0</ele></trkpt>
    <trkpt lat="48.351297" lon="-4.571970"><ele>22.0</ele></trkpt>
    <trkpt lat="48.351278" lon="-4.572195"><ele>23.4</ele></trkpt>
    <trkpt lat="48.351193" lon="-4.572390"><ele>25.8</ele></trkpt>
    <trkpt lat="48.351123" lon="-4.572460"><ele>26.8</ele></trkpt>
    <trkpt lat="48.350835" lon="-4.572322"><ele>26.6</ele></trkpt>
    <trkpt lat="48.350367" lon="-4.571790"><ele>26.8</ele></trkpt>
    <trkpt lat="48.350297" lon="-4.571797"><ele>27.4</ele></trkpt>
    <trkpt lat="48.350082" lon="-4.571997"><ele>30.8</ele></trkpt>
    <trkpt lat="48.350077" lon="-4.572055"><ele>31.6</ele></trkpt>
    <trkpt lat="48.350133" lon="-4.572117"><ele>33.4</ele></trkpt>
    <trkpt lat="48.350168" lon="-4.572268"><ele>34.8</ele></trkpt>
    <trkpt lat="48.350067" lon="-4.572582"><ele>38.6</ele></trkpt>
    <trkpt lat="48.350077" lon="-4.572702"><ele>39.4</ele></trkpt>
    <trkpt lat="48.350158" lon="-4.572950"><ele>41.2</ele></trkpt>
    <trkpt lat="48.350055" lon="-4.573110"><ele>39.8</ele></trkpt>
    <trkpt lat="48.349963" lon="-4.574010"><ele>36.0</ele></trkpt>
    <trkpt lat="48.349877" lon="-4.574562"><ele>34.2</ele></trkpt>
    <trkpt lat="48.349843" lon="-4.575060"><ele>32.8</ele></trkpt>
    <trkpt lat="48.349792" lon="-4.575373"><ele>31.2</ele></trkpt>
    <trkpt lat="48.349788" lon="-4.575787"><ele>30.8</ele></trkpt>
    <trkpt lat="48.349678" lon="-4.576330"><ele>30.2</ele></trkpt>
    <trkpt lat="48.349640" lon="-4.576718"><ele>30.0</ele></trkpt>
    <trkpt lat="48.349643" lon="-4.577120"><ele>31.0</ele></trkpt>
    <trkpt lat="48.349703" lon="-4.577528"><ele>32.8</ele></trkpt>
    <trkpt lat="48.349653" lon="-4.577730"><ele>32.8</ele></trkpt>
    <trkpt lat="48.349652" lon="-4.577887"><ele>33.2</ele></trkpt>
    <trkpt lat="48.349530" lon="-4.578367"><ele>30.6</ele></trkpt>
    <trkpt lat="48.349522" lon="-4.578700"><ele>29.2</ele></trkpt>
    <trkpt lat="48.349358" lon="-4.579335"><ele>28.6</ele></trkpt>
    <trkpt lat="48.349355" lon="-4.579843"><ele>31.0</ele></trkpt>
    <trkpt lat="48.349162" lon="-4.580468"><ele>30.6</ele></trkpt>
    <trkpt lat="48.348988" lon="-4.580695"><ele>29.6</ele></trkpt>
    <trkpt lat="48.348740" lon="-4.581327"><ele>30.6</ele></trkpt>
    <trkpt lat="48.348582" lon="-4.582137"><ele>26.2</ele></trkpt>
    <trkpt lat="48.348557" lon="-4.582355"><ele>26.0</ele></trkpt>
    <trkpt lat="48.348577" lon="-4.582617"><ele>26.6</ele></trkpt>
    <trkpt lat="48.348495" lon="-4.583295"><ele>25.0</ele></trkpt>
    <trkpt lat="48.348392" lon="-4.583657"><ele>23.0</ele></trkpt>
    <trkpt lat="48.348315" lon="-4.583753"><ele>20.8</ele></trkpt>
    <trkpt lat="48.348292" lon="-4.583937"><ele>20.0</ele></trkpt>
    <trkpt lat="48.348215" lon="-4.584145"><ele>18.0</ele></trkpt>
    <trkpt lat="48.348092" lon="-4.584700"><ele>11.6</ele></trkpt>
    <trkpt lat="48.348257" lon="-4.584947"><ele>17.4</ele></trkpt>
    <trkpt lat="48.348357" lon="-4.585242"><ele>20.0</ele></trkpt>
    <trkpt lat="48.348465" lon="-4.585450"><ele>21.6</ele></trkpt>
    <trkpt lat="48.348710" lon="-4.586177"><ele>14.8</ele></trkpt>
    <trkpt lat="48.348903" lon="-4.586458"><ele>7.0</ele></trkpt>
    <trkpt lat="48.348742" lon="-4.586948"><ele>3.2</ele></trkpt>
    <trkpt lat="48.348747" lon="-4.587152"><ele>3.4</ele></trkpt>
    <trkpt lat="48.348960" lon="-4.587382"><ele>9.6</ele></trkpt>
    <trkpt lat="48.348942" lon="-4.587442"><ele>12.4</ele></trkpt>
    <trkpt lat="48.348975" lon="-4.587483"><ele>14.6</ele></trkpt>
    <trkpt lat="48.348930" lon="-4.587565"><ele>19.8</ele></trkpt>
    <trkpt lat="48.348943" lon="-4.587590"><ele>21.8</ele></trkpt>
    <trkpt lat="48.349110" lon="-4.587645"><ele>26.6</ele></trkpt>
    <trkpt lat="48.349365" lon="-4.587625"><ele>30.0</ele></trkpt>
    <trkpt lat="48.349593" lon="-4.587713"><ele>32.2</ele></trkpt>
    <trkpt lat="48.349715" lon="-4.587820"><ele>33.8</ele></trkpt>
    <trkpt lat="48.349900" lon="-4.588360"><ele>40.6</ele></trkpt>
    <trkpt lat="48.349975" lon="-4.588847"><ele>45.2</ele></trkpt>
    <trkpt lat="48.349960" lon="-4.588950"><ele>46.6</ele></trkpt>
    <trkpt lat="48.349913" lon="-4.589035"><ele>48.2</ele></trkpt>
    <trkpt lat="48.349698" lon="-4.589152"><ele>52.8</ele></trkpt>
    <trkpt lat="48.349590" lon="-4.589388"><ele>54.4</ele></trkpt>
    <trkpt lat="48.349448" lon="-4.589510"><ele>56.4</ele></trkpt>
    <trkpt lat="48.349367" lon="-4.589655"><ele>59.2</ele></trkpt>
    <trkpt lat="48.348600" lon="-4.589355"><ele>63.4</ele></trkpt>
    <trkpt lat="48.348453" lon="-4.589408"><ele>63.2</ele></trkpt>
    <trkpt lat="48.348288" lon="-4.589555"><ele>64.0</ele></trkpt>
    <trkpt lat="48.348227" lon="-4.589657"><ele>65.0</ele></trkpt>
    <trkpt lat="48.348145" lon="-4.589703"><ele>65.8</ele></trkpt>
    <trkpt lat="48.348107" lon="-4.589672"><ele>65.8</ele></trkpt>
    <trkpt lat="48.348042" lon="-4.589440"><ele>65.0</ele></trkpt>
    <trkpt lat="48.347968" lon="-4.589363"><ele>64.8</ele></trkpt>
    <trkpt lat="48.347587" lon="-4.589097"><ele>65.6</ele></trkpt>
    <trkpt lat="48.347213" lon="-4.588973"><ele>66.0</ele></trkpt>
    <trkpt lat="48.346827" lon="-4.589285"><ele>57.0</ele></trkpt>
    <trkpt lat="48.346265" lon="-4.590315"><ele>49.2</ele></trkpt>
    <trkpt lat="48.345665" lon="-4.591090"><ele>49.6</ele></trkpt>
    <trkpt lat="48.345220" lon="-4.592520"><ele>50.4</ele></trkpt>
    <trkpt lat="48.345027" lon="-4.593043"><ele>50.2</ele></trkpt>
    <trkpt lat="48.344970" lon="-4.593570"><ele>49.2</ele></trkpt>
    <trkpt lat="48.345012" lon="-4.593818"><ele>51.4</ele></trkpt>
    <trkpt lat="48.345005" lon="-4.594133"><ele>53.6</ele></trkpt>
    <trkpt lat="48.344925" lon="-4.594355"><ele>54.2</ele></trkpt>
    <trkpt lat="48.344955" lon="-4.594500"><ele>55.0</ele></trkpt>
    <trkpt lat="48.344918" lon="-4.594898"><ele>54.2</ele></trkpt>
    <trkpt lat="48.344822" lon="-4.595055"><ele>51.8</ele></trkpt>
    <trkpt lat="48.344658" lon="-4.595485"><ele>52.0</ele></trkpt>
    <trkpt lat="48.344557" lon="-4.595892"><ele>50.6</ele></trkpt>
    <trkpt lat="48.344548" lon="-4.596222"><ele>48.4</ele></trkpt>
    <trkpt lat="48.344522" lon="-4.596307"><ele>47.4</ele></trkpt>
    <trkpt lat="48.344378" lon="-4.596573"><ele>40.8</ele></trkpt>
    <trkpt lat="48.344242" lon="-4.596710"><ele>34.0</ele></trkpt>
    <trkpt lat="48.344090" lon="-4.596950"><ele>29.4</ele></trkpt>
    <trkpt lat="48.344093" lon="-4.597155"><ele>24.2</ele></trkpt>
    <trkpt lat="48.344133" lon="-4.597350"><ele>20.2</ele></trkpt>
    <trkpt lat="48.344222" lon="-4.597708"><ele>19.2</ele></trkpt>
    <trkpt lat="48.344298" lon="-4.597813"><ele>20.4</ele></trkpt>
    <trkpt lat="48.344300" lon="-4.598048"><ele>23.0</ele></trkpt>
    <trkpt lat="48.344228" lon="-4.598118"><ele>24.8</ele></trkpt>
    <trkpt lat="48.344137" lon="-4.598135"><ele>26.0</ele></trkpt>
    <trkpt lat="48.343850" lon="-4.597933"><ele>33.4</ele></trkpt>
    <trkpt lat="48.343533" lon="-4.597805"><ele>37.4</ele></trkpt>
    <trkpt lat="48.343400" lon="-4.597973"><ele>38.0</ele></trkpt>
    <trkpt lat="48.343232" lon="-4.598108"><ele>37.0</ele></trkpt>
    <trkpt lat="48.342957" lon="-4.598473"><ele>38.0</ele></trkpt>
    <trkpt lat="48.342728" lon="-4.598852"><ele>39.6</ele></trkpt>
    <trkpt lat="48.342547" lon="-4.599035"><ele>35.8</ele></trkpt>
    <trkpt lat="48.342372" lon="-4.599337"><ele>37.8</ele></trkpt>
    <trkpt lat="48.342250" lon="-4.599465"><ele>38.0</ele></trkpt>
    <trkpt lat="48.341885" lon="-4.600223"><ele>44.6</ele></trkpt>
    <trkpt lat="48.341737" lon="-4.600802"><ele>45.2</ele></trkpt>
    <trkpt lat="48.341643" lon="-4.600935"><ele>44.4</ele></trkpt>
    <trkpt lat="48.341720" lon="-4.601468"><ele>42.8</ele></trkpt>
    <trkpt lat="48.341662" lon="-4.602042"><ele>40.4</ele></trkpt>
    <trkpt lat="48.341418" lon="-4.602552"><ele>42.8</ele></trkpt>
    <trkpt lat="48.341287" lon="-4.602725"><ele>42.4</ele></trkpt>
    <trkpt lat="48.341152" lon="-4.603365"><ele>42.8</ele></trkpt>
    <trkpt lat="48.341072" lon="-4.603565"><ele>43.4</ele></trkpt>
    <trkpt lat="48.340923" lon="-4.603835"><ele>42.8</ele></trkpt>
    <trkpt lat="48.340623" lon="-4.604215"><ele>37.4</ele></trkpt>
    <trkpt lat="48.340332" lon="-4.604735"><ele>35.2</ele></trkpt>
    <trkpt lat="48.340137" lon="-4.605325"><ele>35.4</ele></trkpt>
    <trkpt lat="48.339928" lon="-4.605492"><ele>28.4</ele></trkpt>
    <trkpt lat="48.339690" lon="-4.605458"><ele>26.4</ele></trkpt>
    <trkpt lat="48.339602" lon="-4.605497"><ele>25.8</ele></trkpt>
    <trkpt lat="48.339502" lon="-4.605590"><ele>25.8</ele></trkpt>
    <trkpt lat="48.339365" lon="-4.605862"><ele>25.0</ele></trkpt>
    <trkpt lat="48.339252" lon="-4.606328"><ele>25.2</ele></trkpt>
    <trkpt lat="48.339223" lon="-4.606593"><ele>27.2</ele></trkpt>
    <trkpt lat="48.339238" lon="-4.606812"><ele>31.6</ele></trkpt>
    <trkpt lat="48.339112" lon="-4.606970"><ele>33.0</ele></trkpt>
    <trkpt lat="48.339067" lon="-4.607118"><ele>34.0</ele></trkpt>
    <trkpt lat="48.339083" lon="-4.607185"><ele>35.6</ele></trkpt>
    <trkpt lat="48.339143" lon="-4.607198"><ele>37.4</ele></trkpt>
    <trkpt lat="48.339165" lon="-4.607255"><ele>38.8</ele></trkpt>
    <trkpt lat="48.339078" lon="-4.607453"><ele>39.4</ele></trkpt>
    <trkpt lat="48.338940" lon="-4.607923"><ele>38.4</ele></trkpt>
    <trkpt lat="48.338870" lon="-4.608370"><ele>37.6</ele></trkpt>
    <trkpt lat="48.338755" lon="-4.608812"><ele>38.8</ele></trkpt>
    <trkpt lat="48.338818" lon="-4.608957"><ele>39.4</ele></trkpt>
    <trkpt lat="48.338948" lon="-4.609695"><ele>39.2</ele></trkpt>
    <trkpt lat="48.339175" lon="-4.610578"><ele>37.8</ele></trkpt>
    <trkpt lat="48.339212" lon="-4.610952"><ele>36.2</ele></trkpt>
    <trkpt lat="48.339358" lon="-4.611225"><ele>33.4</ele></trkpt>
    <trkpt lat="48.339395" lon="-4.611530"><ele>30.2</ele></trkpt>
    <trkpt lat="48.339007" lon="-4.612182"><ele>29.8</ele></trkpt>
    <trkpt lat="48.338872" lon="-4.612332"><ele>29.4</ele></trkpt>
    <trkpt lat="48.338740" lon="-4.612585"><ele>29.0</ele></trkpt>
    <trkpt lat="48.338685" lon="-4.612963"><ele>28.6</ele></trkpt>
    <trkpt lat="48.338677" lon="-4.613398"><ele>29.4</ele></trkpt>
    <trkpt lat="48.338648" lon="-4.613562"><ele>28.2</ele></trkpt>
    <trkpt lat="48.338660" lon="-4.613762"><ele>27.4</ele></trkpt>
    <trkpt lat="48.338597" lon="-4.614008"><ele>25.0</ele></trkpt>
    <trkpt lat="48.338290" lon="-4.614445"><ele>23.4</ele></trkpt>
    <trkpt lat="48.338082" lon="-4.614557"><ele>23.6</ele></trkpt>
    <trkpt lat="48.338030" lon="-4.614517"><ele>23.6</ele></trkpt>
    <trkpt lat="48.338025" lon="-4.614443"><ele>24.0</ele></trkpt>
    <trkpt lat="48.338093" lon="-4.614315"><ele>24.2</ele></trkpt>
    <trkpt lat="48.338325" lon="-4.614350"><ele>24.4</ele></trkpt>
    <trkpt lat="48.338390" lon="-4.614320"><ele>24.6</ele></trkpt>
    <trkpt lat="48.338602" lon="-4.613997"><ele>26.0</ele></trkpt>
    <trkpt lat="48.338698" lon="-4.613723"><ele>29.6</ele></trkpt>
    <trkpt lat="48.338868" lon="-4.613997"><ele>31.2</ele></trkpt>
    <trkpt lat="48.338918" lon="-4.614272"><ele>32.4</ele></trkpt>
    <trkpt lat="48.338847" lon="-4.614455"><ele>30.6</ele></trkpt>
    <trkpt lat="48.338692" lon="-4.614665"><ele>25.6</ele></trkpt>
    <trkpt lat="48.338687" lon="-4.614748"><ele>24.6</ele></trkpt>
    <trkpt lat="48.338718" lon="-4.614830"><ele>23.6</ele></trkpt>
    <trkpt lat="48.339102" lon="-4.615250"><ele>17.8</ele></trkpt>
    <trkpt lat="48.339170" lon="-4.615282"><ele>17.0</ele></trkpt>
    <trkpt lat="48.339405" lon="-4.615263"><ele>14.6</ele></trkpt>
    <trkpt lat="48.339492" lon="-4.615310"><ele>13.4</ele></trkpt>
    <trkpt lat="48.340012" lon="-4.615292"><ele>9.2</ele></trkpt>
    <trkpt lat="48.340162" lon="-4.615345"><ele>9.8</ele></trkpt>
    <trkpt lat="48.340753" lon="-4.615190"><ele>17.0</ele></trkpt>
    <trkpt lat="48.340832" lon="-4.615232"><ele>17.6</ele></trkpt>
    <trkpt lat="48.340850" lon="-4.615370"><ele>19.0</ele></trkpt>
    <trkpt lat="48.340890" lon="-4.615425"><ele>20.2</ele></trkpt>
    <trkpt lat="48.340840" lon="-4.615540"><ele>23.2</ele></trkpt>
    <trkpt lat="48.340620" lon="-4.615697"><ele>28.8</ele></trkpt>
    <trkpt lat="48.340503" lon="-4.615710"><ele>30.4</ele></trkpt>
    <trkpt lat="48.340168" lon="-4.616025"><ele>34.4</ele></trkpt>
    <trkpt lat="48.339907" lon="-4.616523"><ele>37.6</ele></trkpt>
    <trkpt lat="48.339673" lon="-4.616848"><ele>35.8</ele></trkpt>
    <trkpt lat="48.339585" lon="-4.617038"><ele>33.4</ele></trkpt>
    <trkpt lat="48.339427" lon="-4.617647"><ele>27.6</ele></trkpt>
    <trkpt lat="48.339372" lon="-4.617990"><ele>26.2</ele></trkpt>
    <trkpt lat="48.339362" lon="-4.618467"><ele>25.8</ele></trkpt>
    <trkpt lat="48.339400" lon="-4.618773"><ele>26.2</ele></trkpt>
    <trkpt lat="48.339488" lon="-4.619090"><ele>27.0</ele></trkpt>
    <trkpt lat="48.339445" lon="-4.619243"><ele>23.2</ele></trkpt>
    <trkpt lat="48.339450" lon="-4.619678"><ele>20.4</ele></trkpt>
    <trkpt lat="48.339358" lon="-4.619992"><ele>22.4</ele></trkpt>
    <trkpt lat="48.339323" lon="-4.620243"><ele>23.6</ele></trkpt>
    <trkpt lat="48.339297" lon="-4.620542"><ele>26.8</ele></trkpt>
    <trkpt lat="48.339325" lon="-4.620710"><ele>29.0</ele></trkpt>
    <trkpt lat="48.339232" lon="-4.621352"><ele>31.6</ele></trkpt>
    <trkpt lat="48.339302" lon="-4.621970"><ele>29.8</ele></trkpt>
    <trkpt lat="48.339340" lon="-4.622103"><ele>30.2</ele></trkpt>
    <trkpt lat="48.339408" lon="-4.622195"><ele>32.4</ele></trkpt>
    <trkpt lat="48.339443" lon="-4.622362"><ele>33.6</ele></trkpt>
    <trkpt lat="48.339495" lon="-4.622988"><ele>33.6</ele></trkpt>
    <trkpt lat="48.339485" lon="-4.623522"><ele>28.2</ele></trkpt>
    <trkpt lat="48.339320" lon="-4.623882"><ele>25.4</ele></trkpt>
    <trkpt lat="48.339378" lon="-4.623947"><ele>26.2</ele></trkpt>
    <trkpt lat="48.339632" lon="-4.624072"><ele>27.2</ele></trkpt>
    <trkpt lat="48.340150" lon="-4.624112"><ele>32.0</ele></trkpt>
    <trkpt lat="48.340397" lon="-4.624090"><ele>34.0</ele></trkpt>
    <trkpt lat="48.340743" lon="-4.624370"><ele>36.2</ele></trkpt>
    <trkpt lat="48.340797" lon="-4.624497"><ele>37.8</ele></trkpt>
    <trkpt lat="48.340817" lon="-4.624770"><ele>37.4</ele></trkpt>
    <trkpt lat="48.340963" lon="-4.625105"><ele>39.0</ele></trkpt>
    <trkpt lat="48.341077" lon="-4.625875"><ele>43.8</ele></trkpt>
    <trkpt lat="48.341208" lon="-4.626238"><ele>45.4</ele></trkpt>
    <trkpt lat="48.341375" lon="-4.626482"><ele>47.6</ele></trkpt>
    <trkpt lat="48.342027" lon="-4.626833"><ele>50.8</ele></trkpt>
    <trkpt lat="48.342107" lon="-4.626913"><ele>50.4</ele></trkpt>
    <trkpt lat="48.342143" lon="-4.627015"><ele>50.6</ele></trkpt>
    <trkpt lat="48.342182" lon="-4.627423"><ele>51.6</ele></trkpt>
    <trkpt lat="48.342125" lon="-4.627613"><ele>51.8</ele></trkpt>
    <trkpt lat="48.341538" lon="-4.627802"><ele>52.8</ele></trkpt>
    <trkpt lat="48.341308" lon="-4.627638"><ele>53.4</ele></trkpt>
    <trkpt lat="48.341228" lon="-4.627640"><ele>53.6</ele></trkpt>
    <trkpt lat="48.341157" lon="-4.627702"><ele>54.2</ele></trkpt>
    <trkpt lat="48.341125" lon="-4.628563"><ele>56.0</ele></trkpt>
    <trkpt lat="48.341057" lon="-4.628607"><ele>56.4</ele></trkpt>
    <trkpt lat="48.340983" lon="-4.628748"><ele>57.4</ele></trkpt>
    <trkpt lat="48.340873" lon="-4.628712"><ele>55.0</ele></trkpt>
    <trkpt lat="48.340743" lon="-4.628940"><ele>52.2</ele></trkpt>
    <trkpt lat="48.340753" lon="-4.629097"><ele>50.8</ele></trkpt>
    <trkpt lat="48.340847" lon="-4.629375"><ele>48.2</ele></trkpt>
    <trkpt lat="48.341330" lon="-4.630165"><ele>49.8</ele></trkpt>
    <trkpt lat="48.341455" lon="-4.630427"><ele>48.6</ele></trkpt>
    <trkpt lat="48.341460" lon="-4.630548"><ele>48.0</ele></trkpt>
    <trkpt lat="48.341415" lon="-4.630630"><ele>47.6</ele></trkpt>
    <trkpt lat="48.341368" lon="-4.630652"><ele>47.6</ele></trkpt>
    <trkpt lat="48.341203" lon="-4.630575"><ele>48.2</ele></trkpt>
    <trkpt lat="48.341125" lon="-4.630747"><ele>48.0</ele></trkpt>
    <trkpt lat="48.341192" lon="-4.630852"><ele>48.4</ele></trkpt>
    <trkpt lat="48.341307" lon="-4.630915"><ele>49.2</ele></trkpt>
    <trkpt lat="48.341577" lon="-4.630805"><ele>49.2</ele></trkpt>
    <trkpt lat="48.341833" lon="-4.630767"><ele>46.8</ele></trkpt>
    <trkpt lat="48.342150" lon="-4.630830"><ele>45.0</ele></trkpt>
    <trkpt lat="48.342225" lon="-4.630947"><ele>45.2</ele></trkpt>
    <trkpt lat="48.342212" lon="-4.631100"><ele>45.2</ele></trkpt>
    <trkpt lat="48.342245" lon="-4.631243"><ele>44.8</ele></trkpt>
    <trkpt lat="48.342357" lon="-4.631450"><ele>43.4</ele></trkpt>
    <trkpt lat="48.342488" lon="-4.631577"><ele>40.6</ele></trkpt>
    <trkpt lat="48.342700" lon="-4.631683"><ele>36.2</ele></trkpt>
    <trkpt lat="48.342958" lon="-4.631927"><ele>28.0</ele></trkpt>
    <trkpt lat="48.343115" lon="-4.631932"><ele>24.8</ele></trkpt>
    <trkpt lat="48.343488" lon="-4.632045"><ele>22.4</ele></trkpt>
    <trkpt lat="48.343653" lon="-4.632328"><ele>17.6</ele></trkpt>
    <trkpt lat="48.343785" lon="-4.632367"><ele>15.6</ele></trkpt>
    <trkpt lat="48.343955" lon="-4.632328"><ele>13.6</ele></trkpt>
    <trkpt lat="48.344123" lon="-4.632437"><ele>10.4</ele></trkpt>
    <trkpt lat="48.344125" lon="-4.632658"><ele>10.6</ele></trkpt>
    <trkpt lat="48.343900" lon="-4.632855"><ele>13.0</ele></trkpt>
    <trkpt lat="48.343730" lon="-4.633120"><ele>16.6</ele></trkpt>
    <trkpt lat="48.343645" lon="-4.633342"><ele>19.4</ele></trkpt>
    <trkpt lat="48.343403" lon="-4.633570"><ele>19.4</ele></trkpt>
    <trkpt lat="48.342950" lon="-4.633908"><ele>21.0</ele></trkpt>
    <trkpt lat="48.342878" lon="-4.634217"><ele>24.8</ele></trkpt>
    <trkpt lat="48.342887" lon="-4.634308"><ele>25.8</ele></trkpt>
    <trkpt lat="48.342988" lon="-4.634557"><ele>30.6</ele></trkpt>
    <trkpt lat="48.343045" lon="-4.634958"><ele>34.6</ele></trkpt>
    <trkpt lat="48.343215" lon="-4.635177"><ele>34.2</ele></trkpt>
    <trkpt lat="48.343338" lon="-4.635503"><ele>33.4</ele></trkpt>
    <trkpt lat="48.343595" lon="-4.635482"><ele>33.6</ele></trkpt>
    <trkpt lat="48.343818" lon="-4.635808"><ele>32.8</ele></trkpt>
    <trkpt lat="48.344033" lon="-4.635892"><ele>32.4</ele></trkpt>
    <trkpt lat="48.344155" lon="-4.636103"><ele>33.2</ele></trkpt>
    <trkpt lat="48.344160" lon="-4.636550"><ele>29.4</ele></trkpt>
    <trkpt lat="48.344502" lon="-4.636382"><ele>31.0</ele></trkpt>
    <trkpt lat="48.344547" lon="-4.636430"><ele>31.4</ele></trkpt>
    <trkpt lat="48.344692" lon="-4.636710"><ele>32.4</ele></trkpt>
    <trkpt lat="48.344798" lon="-4.637393"><ele>32.6</ele></trkpt>
    <trkpt lat="48.344923" lon="-4.637790"><ele>31.8</ele></trkpt>
    <trkpt lat="48.344962" lon="-4.638203"><ele>31.4</ele></trkpt>
    <trkpt lat="48.344997" lon="-4.638320"><ele>30.8</ele></trkpt>
    <trkpt lat="48.345180" lon="-4.638592"><ele>30.4</ele></trkpt>
    <trkpt lat="48.345310" lon="-4.638650"><ele>29.8</ele></trkpt>
    <trkpt lat="48.345470" lon="-4.638637"><ele>28.8</ele></trkpt>
    <trkpt lat="48.345742" lon="-4.638827"><ele>27.4</ele></trkpt>
    <trkpt lat="48.345762" lon="-4.639497"><ele>20.4</ele></trkpt>
    <trkpt lat="48.345788" lon="-4.639622"><ele>19.6</ele></trkpt>
    <trkpt lat="48.345892" lon="-4.639832"><ele>18.4</ele></trkpt>
    <trkpt lat="48.345935" lon="-4.639872"><ele>18.0</ele></trkpt>
    <trkpt lat="48.346327" lon="-4.639903"><ele>13.6</ele></trkpt>
    <trkpt lat="48.346687" lon="-4.639818"><ele>10.4</ele></trkpt>
    <trkpt lat="48.346867" lon="-4.639727"><ele>8.6</ele></trkpt>
    <trkpt lat="48.347257" lon="-4.639748"><ele>6.4</ele></trkpt>
    <trkpt lat="48.347582" lon="-4.639553"><ele>7.8</ele></trkpt>
    <trkpt lat="48.347650" lon="-4.639658"><ele>8.2</ele></trkpt>
    <trkpt lat="48.347660" lon="-4.639758"><ele>8.2</ele></trkpt>
    <trkpt lat="48.347470" lon="-4.639982"><ele>7.0</ele></trkpt>
    <trkpt lat="48.347272" lon="-4.640350"><ele>8.4</ele></trkpt>
    <trkpt lat="48.346978" lon="-4.640507"><ele>9.0</ele></trkpt>
    <trkpt lat="48.346868" lon="-4.640520"><ele>8.4</ele></trkpt>
    <trkpt lat="48.346230" lon="-4.641072"><ele>11.8</ele></trkpt>
    <trkpt lat="48.345937" lon="-4.641467"><ele>14.0</ele></trkpt>
    <trkpt lat="48.345682" lon="-4.641883"><ele>16.8</ele></trkpt>
    <trkpt lat="48.345572" lon="-4.642162"><ele>19.0</ele></trkpt>
    <trkpt lat="48.345510" lon="-4.642650"><ele>23.8</ele></trkpt>
    <trkpt lat="48.345537" lon="-4.642750"><ele>25.2</ele></trkpt>
    <trkpt lat="48.345770" lon="-4.642722"><ele>31.6</ele></trkpt>
    <trkpt lat="48.345947" lon="-4.642893"><ele>36.6</ele></trkpt>
    <trkpt lat="48.346192" lon="-4.643260"><ele>43.8</ele></trkpt>
    <trkpt lat="48.346243" lon="-4.643622"><ele>44.6</ele></trkpt>
    <trkpt lat="48.346205" lon="-4.643872"><ele>44.8</ele></trkpt>
    <trkpt lat="48.345763" lon="-4.644093"><ele>43.8</ele></trkpt>
    <trkpt lat="48.345657" lon="-4.644308"><ele>42.6</ele></trkpt>
    <trkpt lat="48.345708" lon="-4.645027"><ele>42.6</ele></trkpt>
    <trkpt lat="48.345605" lon="-4.645467"><ele>45.0</ele></trkpt>
    <trkpt lat="48.345730" lon="-4.645763"><ele>46.6</ele></trkpt>
    <trkpt lat="48.345670" lon="-4.646130"><ele>43.4</ele></trkpt>
    <trkpt lat="48.345875" lon="-4.646820"><ele>42.0</ele></trkpt>
    <trkpt lat="48.345892" lon="-4.646968"><ele>42.2</ele></trkpt>
    <trkpt lat="48.345845" lon="-4.647157"><ele>41.6</ele></trkpt>
    <trkpt lat="48.345635" lon="-4.647605"><ele>37.6</ele></trkpt>
    <trkpt lat="48.345627" lon="-4.647768"><ele>36.8</ele></trkpt>
    <trkpt lat="48.345723" lon="-4.648348"><ele>36.2</ele></trkpt>
    <trkpt lat="48.345803" lon="-4.648427"><ele>37.4</ele></trkpt>
    <trkpt lat="48.345970" lon="-4.648753"><ele>39.2</ele></trkpt>
    <trkpt lat="48.346165" lon="-4.649432"><ele>43.0</ele></trkpt>
    <trkpt lat="48.346137" lon="-4.649600"><ele>42.8</ele></trkpt>
    <trkpt lat="48.345975" lon="-4.650028"><ele>36.2</ele></trkpt>
    <trkpt lat="48.345815" lon="-4.650333"><ele>31.4</ele></trkpt>
    <trkpt lat="48.345785" lon="-4.650483"><ele>30.8</ele></trkpt>
    <trkpt lat="48.345798" lon="-4.650673"><ele>30.6</ele></trkpt>
    <trkpt lat="48.345952" lon="-4.650877"><ele>30.4</ele></trkpt>
    <trkpt lat="48.346003" lon="-4.651185"><ele>30.8</ele></trkpt>
    <trkpt lat="48.346045" lon="-4.651275"><ele>30.8</ele></trkpt>
    <trkpt lat="48.346350" lon="-4.651613"><ele>34.0</ele></trkpt>
    <trkpt lat="48.346372" lon="-4.651740"><ele>35.4</ele></trkpt>
    <trkpt lat="48.346347" lon="-4.651905"><ele>36.0</ele></trkpt>
    <trkpt lat="48.346420" lon="-4.652152"><ele>36.2</ele></trkpt>
    <trkpt lat="48.346588" lon="-4.652408"><ele>37.4</ele></trkpt>
    <trkpt lat="48.346833" lon="-4.652667"><ele>40.0</ele></trkpt>
    <trkpt lat="48.346993" lon="-4.653133"><ele>42.0</ele></trkpt>
    <trkpt lat="48.347195" lon="-4.653418"><ele>41.6</ele></trkpt>
    <trkpt lat="48.347515" lon="-4.653702"><ele>40.8</ele></trkpt>
    <trkpt lat="48.347700" lon="-4.653780"><ele>40.0</ele></trkpt>
    <trkpt lat="48.347930" lon="-4.653782"><ele>38.4</ele></trkpt>
    <trkpt lat="48.348105" lon="-4.653667"><ele>37.8</ele></trkpt>
    <trkpt lat="48.348183" lon="-4.653658"><ele>37.0</ele></trkpt>
    <trkpt lat="48.348463" lon="-4.654067"><ele>32.0</ele></trkpt>
    <trkpt lat="48.348610" lon="-4.654560"><ele>32.2</ele></trkpt>
    <trkpt lat="48.348845" lon="-4.654897"><ele>27.2</ele></trkpt>
    <trkpt lat="48.348923" lon="-4.655117"><ele>26.6</ele></trkpt>
    <trkpt lat="48.348973" lon="-4.655428"><ele>29.8</ele></trkpt>
    <trkpt lat="48.348867" lon="-4.655858"><ele>30.0</ele></trkpt>
    <trkpt lat="48.348875" lon="-4.656165"><ele>30.8</ele></trkpt>
    <trkpt lat="48.348923" lon="-4.656337"><ele>31.2</ele></trkpt>
    <trkpt lat="48.349007" lon="-4.656415"><ele>32.0</ele></trkpt>
    <trkpt lat="48.349183" lon="-4.656470"><ele>34.2</ele></trkpt>
    <trkpt lat="48.349242" lon="-4.656538"><ele>34.6</ele></trkpt>
    <trkpt lat="48.349345" lon="-4.656763"><ele>35.0</ele></trkpt>
    <trkpt lat="48.349508" lon="-4.657632"><ele>26.0</ele></trkpt>
    <trkpt lat="48.349682" lon="-4.657815"><ele>24.6</ele></trkpt>
    <trkpt lat="48.349798" lon="-4.658040"><ele>24.0</ele></trkpt>
    <trkpt lat="48.349958" lon="-4.658155"><ele>23.2</ele></trkpt>
    <trkpt lat="48.350085" lon="-4.658313"><ele>21.2</ele></trkpt>
    <trkpt lat="48.350378" lon="-4.658813"><ele>21.0</ele></trkpt>
    <trkpt lat="48.350463" lon="-4.659172"><ele>18.6</ele></trkpt>
    <trkpt lat="48.350422" lon="-4.659472"><ele>16.6</ele></trkpt>
    <trkpt lat="48.350435" lon="-4.659598"><ele>16.0</ele></trkpt>
    <trkpt lat="48.350742" lon="-4.660070"><ele>17.2</ele></trkpt>
    <trkpt lat="48.350775" lon="-4.660187"><ele>17.4</ele></trkpt>
    <trkpt lat="48.350780" lon="-4.660433"><ele>16.8</ele></trkpt>
    <trkpt lat="48.350885" lon="-4.660607"><ele>17.6</ele></trkpt>
    <trkpt lat="48.350960" lon="-4.660655"><ele>18.6</ele></trkpt>
    <trkpt lat="48.350997" lon="-4.660750"><ele>19.8</ele></trkpt>
    <trkpt lat="48.351008" lon="-4.660898"><ele>20.2</ele></trkpt>
    <trkpt lat="48.350962" lon="-4.661105"><ele>19.6</ele></trkpt>
    <trkpt lat="48.350942" lon="-4.661505"><ele>20.4</ele></trkpt>
    <trkpt lat="48.350998" lon="-4.661555"><ele>21.2</ele></trkpt>
    <trkpt lat="48.351062" lon="-4.661525"><ele>22.8</ele></trkpt>
    <trkpt lat="48.351087" lon="-4.661552"><ele>23.2</ele></trkpt>
    <trkpt lat="48.351280" lon="-4.661985"><ele>23.0</ele></trkpt>
    <trkpt lat="48.351673" lon="-4.662585"><ele>24.0</ele></trkpt>
    <trkpt lat="48.351757" lon="-4.662657"><ele>24.0</ele></trkpt>
    <trkpt lat="48.352507" lon="-4.662823"><ele>26.4</ele></trkpt>
    <trkpt lat="48.352925" lon="-4.662808"><ele>29.6</ele></trkpt>
    <trkpt lat="48.353752" lon="-4.662685"><ele>35.2</ele></trkpt>
    <trkpt lat="48.353900" lon="-4.662763"><ele>34.4</ele></trkpt>
    <trkpt lat="48.353398" lon="-4.664322"><ele>27.8</ele></trkpt>
    <trkpt lat="48.353302" lon="-4.664735"><ele>25.6</ele></trkpt>
    <trkpt lat="48.353237" lon="-4.665297"><ele>21.2</ele></trkpt>
    <trkpt lat="48.353143" lon="-4.666717"><ele>13.4</ele></trkpt>
    <trkpt lat="48.353115" lon="-4.667672"><ele>12.2</ele></trkpt>
    <trkpt lat="48.353030" lon="-4.667877"><ele>12.0</ele></trkpt>
    <trkpt lat="48.352777" lon="-4.668193"><ele>11.2</ele></trkpt>
    <trkpt lat="48.352740" lon="-4.669010"><ele>11.0</ele></trkpt>
    <trkpt lat="48.352838" lon="-4.669345"><ele>11.0</ele></trkpt>
    <trkpt lat="48.352880" lon="-4.669660"><ele>11.4</ele></trkpt>
    <trkpt lat="48.352943" lon="-4.669875"><ele>11.4</ele></trkpt>
    <trkpt lat="48.353497" lon="-4.670987"><ele>13.4</ele></trkpt>
    <trkpt lat="48.353530" lon="-4.671437"><ele>11.4</ele></trkpt>
    <trkpt lat="48.353698" lon="-4.671922"><ele>9.8</ele></trkpt>
    <trkpt lat="48.353785" lon="-4.672112"><ele>9.6</ele></trkpt>
    <trkpt lat="48.353878" lon="-4.672230"><ele>9.6</ele></trkpt>
    <trkpt lat="48.354293" lon="-4.672560"><ele>9.6</ele></trkpt>
    <trkpt lat="48.354563" lon="-4.673297"><ele>7.8</ele></trkpt>
    <trkpt lat="48.354622" lon="-4.673565"><ele>6.8</ele></trkpt>
    <trkpt lat="48.354630" lon="-4.674117"><ele>5.8</ele></trkpt>
    <trkpt lat="48.354685" lon="-4.674837"><ele>5.4</ele></trkpt>
    <trkpt lat="48.354795" lon="-4.675410"><ele>7.4</ele></trkpt>
    <trkpt lat="48.354863" lon="-4.676088"><ele>9.0</ele></trkpt>
    <trkpt lat="48.354902" lon="-4.676257"><ele>9.8</ele></trkpt>
    <trkpt lat="48.354990" lon="-4.676360"><ele>10.8</ele></trkpt>
    <trkpt lat="48.355095" lon="-4.676605"><ele>12.4</ele></trkpt>
    <trkpt lat="48.355173" lon="-4.676955"><ele>14.6</ele></trkpt>
    <trkpt lat="48.355173" lon="-4.677345"><ele>14.2</ele></trkpt>
    <trkpt lat="48.355225" lon="-4.677608"><ele>14.4</ele></trkpt>
    <trkpt lat="48.355393" lon="-4.678040"><ele>11.8</ele></trkpt>
    <trkpt lat="48.355573" lon="-4.678262"><ele>9.4</ele></trkpt>
    <trkpt lat="48.355677" lon="-4.678318"><ele>8.4</ele></trkpt>
    <trkpt lat="48.355995" lon="-4.678865"><ele>4.2</ele></trkpt>
    <trkpt lat="48.356212" lon="-4.678923"><ele>3.0</ele></trkpt>
    <trkpt lat="48.356273" lon="-4.679100"><ele>3.2</ele></trkpt>
    <trkpt lat="48.356288" lon="-4.679627"><ele>4.8</ele></trkpt>
    <trkpt lat="48.356267" lon="-4.679858"><ele>4.4</ele></trkpt>
    <trkpt lat="48.356083" lon="-4.680313"><ele>3.0</ele></trkpt>
    <trkpt lat="48.356057" lon="-4.680718"><ele>9.2</ele></trkpt>
    <trkpt lat="48.355825" lon="-4.681005"><ele>13.4</ele></trkpt>
    <trkpt lat="48.355767" lon="-4.681178"><ele>15.4</ele></trkpt>
    <trkpt lat="48.355407" lon="-4.681542"><ele>18.2</ele></trkpt>
    <trkpt lat="48.355325" lon="-4.681770"><ele>17.4</ele></trkpt>
    <trkpt lat="48.355317" lon="-4.681998"><ele>19.0</ele></trkpt>
    <trkpt lat="48.355090" lon="-4.682275"><ele>21.6</ele></trkpt>
    <trkpt lat="48.354962" lon="-4.682330"><ele>22.4</ele></trkpt>
    <trkpt lat="48.354740" lon="-4.682143"><ele>20.6</ele></trkpt>
    <trkpt lat="48.354657" lon="-4.682150"><ele>19.6</ele></trkpt>
    <trkpt lat="48.354395" lon="-4.682493"><ele>18.8</ele></trkpt>
    <trkpt lat="48.354400" lon="-4.682698"><ele>19.8</ele></trkpt>
    <trkpt lat="48.354362" lon="-4.682840"><ele>19.6</ele></trkpt>
    <trkpt lat="48.354097" lon="-4.682992"><ele>16.4</ele></trkpt>
    <trkpt lat="48.353992" lon="-4.683220"><ele>15.0</ele></trkpt>
    <trkpt lat="48.353912" lon="-4.683587"><ele>14.4</ele></trkpt>
    <trkpt lat="48.353945" lon="-4.684035"><ele>16.4</ele></trkpt>
    <trkpt lat="48.353930" lon="-4.684143"><ele>17.0</ele></trkpt>
    <trkpt lat="48.353872" lon="-4.684265"><ele>16.8</ele></trkpt>
    <trkpt lat="48.353745" lon="-4.684340"><ele>16.0</ele></trkpt>
    <trkpt lat="48.353625" lon="-4.684693"><ele>15.6</ele></trkpt>
    <trkpt lat="48.353760" lon="-4.685147"><ele>17.0</ele></trkpt>
    <trkpt lat="48.354033" lon="-4.685248"><ele>19.4</ele></trkpt>
    <trkpt lat="48.354438" lon="-4.685178"><ele>22.8</ele></trkpt>
    <trkpt lat="48.354543" lon="-4.685198"><ele>24.4</ele></trkpt>
    <trkpt lat="48.354595" lon="-4.685295"><ele>25.2</ele></trkpt>
    <trkpt lat="48.354602" lon="-4.685865"><ele>24.8</ele></trkpt>
    <trkpt lat="48.354555" lon="-4.687282"><ele>18.2</ele></trkpt>
    <trkpt lat="48.354773" lon="-4.688223"><ele>15.6</ele></trkpt>
    <trkpt lat="48.354757" lon="-4.688865"><ele>14.2</ele></trkpt>
    <trkpt lat="48.354778" lon="-4.689032"><ele>13.8</ele></trkpt>
    <trkpt lat="48.354855" lon="-4.689255"><ele>12.0</ele></trkpt>
    <trkpt lat="48.354830" lon="-4.689378"><ele>11.4</ele></trkpt>
    <trkpt lat="48.354668" lon="-4.689592"><ele>10.0</ele></trkpt>
    <trkpt lat="48.354627" lon="-4.689840"><ele>8.4</ele></trkpt>
    <trkpt lat="48.354678" lon="-4.690040"><ele>7.0</ele></trkpt>
    <trkpt lat="48.354867" lon="-4.690403"><ele>4.8</ele></trkpt>
    <trkpt lat="48.354872" lon="-4.691103"><ele>6.2</ele></trkpt>
    <trkpt lat="48.354923" lon="-4.691187"><ele>8.0</ele></trkpt>
    <trkpt lat="48.354807" lon="-4.691360"><ele>10.4</ele></trkpt>
    <trkpt lat="48.354618" lon="-4.691540"><ele>12.0</ele></trkpt>
    <trkpt lat="48.354567" lon="-4.691708"><ele>12.8</ele></trkpt>
    <trkpt lat="48.354430" lon="-4.691953"><ele>15.2</ele></trkpt>
    <trkpt lat="48.354302" lon="-4.692043"><ele>15.4</ele></trkpt>
    <trkpt lat="48.354160" lon="-4.692078"><ele>14.2</ele></trkpt>
    <trkpt lat="48.353937" lon="-4.692238"><ele>13.8</ele></trkpt>
    <trkpt lat="48.353748" lon="-4.692618"><ele>14.8</ele></trkpt>
    <trkpt lat="48.353615" lon="-4.693248"><ele>15.2</ele></trkpt>
    <trkpt lat="48.353608" lon="-4.693520"><ele>14.8</ele></trkpt>
    <trkpt lat="48.353660" lon="-4.694113"><ele>13.4</ele></trkpt>
    <trkpt lat="48.353597" lon="-4.694708"><ele>11.6</ele></trkpt>
    <trkpt lat="48.353528" lon="-4.694870"><ele>11.4</ele></trkpt>
    <trkpt lat="48.353293" lon="-4.695082"><ele>8.6</ele></trkpt>
    <trkpt lat="48.353140" lon="-4.695330"><ele>3.6</ele></trkpt>
    <trkpt lat="48.352797" lon="-4.695372"><ele>0.0</ele></trkpt>
    <trkpt lat="48.352723" lon="-4.695427"><ele>0.0</ele></trkpt>
    <trkpt lat="48.352218" lon="-4.696062"><ele>0.0</ele></trkpt>
    <trkpt lat="48.352163" lon="-4.696190"><ele>0.0</ele></trkpt>
    <trkpt lat="48.352078" lon="-4.696568"><ele>0.0</ele></trkpt>
    <trkpt lat="48.351625" lon="-4.697397"><ele>0.0</ele></trkpt>
    <trkpt lat="48.351248" lon="-4.698242"><ele>0.0</ele></trkpt>
    <trkpt lat="48.350968" lon="-4.698735"><ele>0.0</ele></trkpt>
    <trkpt lat="48.350800" lon="-4.699122"><ele>0.0</ele></trkpt>
    <trkpt lat="48.350668" lon="-4.699315"><ele>0.0</ele></trkpt>
    <trkpt lat="48.349812" lon="-4.700898"><ele>0.4</ele></trkpt>
    <trkpt lat="48.348963" lon="-4.701485"><ele>0.2</ele></trkpt>
    <trkpt lat="48.348630" lon="-4.701612"><ele>0.0</ele></trkpt>
    <trkpt lat="48.348397" lon="-4.701783"><ele>0.0</ele></trkpt>
    <trkpt lat="48.348017" lon="-4.701900"><ele>0.0</ele></trkpt>
    <trkpt lat="48.347685" lon="-4.702085"><ele>0.0</ele></trkpt>
    <trkpt lat="48.346873" lon="-4.702305"><ele>0.2</ele></trkpt>
    <trkpt lat="48.346505" lon="-4.702435"><ele>0.0</ele></trkpt>
    <trkpt lat="48.346337" lon="-4.702543"><ele>0.0</ele></trkpt>
    <trkpt lat="48.345893" lon="-4.702662"><ele>0.0</ele></trkpt>
    <trkpt lat="48.345357" lon="-4.702637"><ele>1.0</ele></trkpt>
    <trkpt lat="48.345280" lon="-4.702670"><ele>2.2</ele></trkpt>
    <trkpt lat="48.345238" lon="-4.702562"><ele>3.0</ele></trkpt>
    <trkpt lat="48.345198" lon="-4.702552"><ele>4.8</ele></trkpt>
    <trkpt lat="48.344963" lon="-4.702785"><ele>9.4</ele></trkpt>
    <trkpt lat="48.344923" lon="-4.702612"><ele>10.2</ele></trkpt>
    <trkpt lat="48.344922" lon="-4.702037"><ele>10.8</ele></trkpt>
    <trkpt lat="48.344893" lon="-4.701910"><ele>11.2</ele></trkpt>
    <trkpt lat="48.344625" lon="-4.701642"><ele>12.2</ele></trkpt>
    <trkpt lat="48.344297" lon="-4.701397"><ele>15.0</ele></trkpt>
    <trkpt lat="48.344015" lon="-4.701283"><ele>15.6</ele></trkpt>
    <trkpt lat="48.343693" lon="-4.701373"><ele>16.4</ele></trkpt>
    <trkpt lat="48.343395" lon="-4.701337"><ele>16.8</ele></trkpt>
    <trkpt lat="48.342958" lon="-4.701562"><ele>15.4</ele></trkpt>
    <trkpt lat="48.342832" lon="-4.701562"><ele>15.4</ele></trkpt>
    <trkpt lat="48.342742" lon="-4.701502"><ele>15.8</ele></trkpt>
    <trkpt lat="48.342550" lon="-4.701232"><ele>17.6</ele></trkpt>
    <trkpt lat="48.342397" lon="-4.701110"><ele>18.8</ele></trkpt>
    <trkpt lat="48.341932" lon="-4.700887"><ele>24.2</ele></trkpt>
    <trkpt lat="48.341708" lon="-4.700702"><ele>28.2</ele></trkpt>
    <trkpt lat="48.341293" lon="-4.700565"><ele>30.4</ele></trkpt>
    <trkpt lat="48.340698" lon="-4.700617"><ele>21.0</ele></trkpt>
    <trkpt lat="48.340572" lon="-4.700705"><ele>19.4</ele></trkpt>
    <trkpt lat="48.340398" lon="-4.700953"><ele>17.2</ele></trkpt>
    <trkpt lat="48.340060" lon="-4.701115"><ele>12.6</ele></trkpt>
    <trkpt lat="48.339835" lon="-4.701477"><ele>10.0</ele></trkpt>
    <trkpt lat="48.339718" lon="-4.701368"><ele>5.0</ele></trkpt>
    <trkpt lat="48.339683" lon="-4.701448"><ele>3.6</ele></trkpt>
    <trkpt lat="48.339647" lon="-4.701860"><ele>2.4</ele></trkpt>
    <trkpt lat="48.339582" lon="-4.702188"><ele>0.0</ele></trkpt>
    <trkpt lat="48.339322" lon="-4.701745"><ele>1.8</ele></trkpt>
    <trkpt lat="48.339372" lon="-4.701447"><ele>3.0</ele></trkpt>
    <trkpt lat="48.339360" lon="-4.701308"><ele>3.2</ele></trkpt>
    <trkpt lat="48.339060" lon="-4.700793"><ele>8.4</ele></trkpt>
    <trkpt lat="48.338945" lon="-4.700473"><ele>13.0</ele></trkpt>
    <trkpt lat="48.338733" lon="-4.700342"><ele>17.2</ele></trkpt>
    <trkpt lat="48.338707" lon="-4.700278"><ele>18.0</ele></trkpt>
    <trkpt lat="48.338715" lon="-4.700102"><ele>19.0</ele></trkpt>
    <trkpt lat="48.338872" lon="-4.699845"><ele>18.8</ele></trkpt>
    <trkpt lat="48.338940" lon="-4.699640"><ele>17.8</ele></trkpt>
    <trkpt lat="48.338947" lon="-4.699467"><ele>16.6</ele></trkpt>
    <trkpt lat="48.338893" lon="-4.699243"><ele>15.8</ele></trkpt>
    <trkpt lat="48.338640" lon="-4.698780"><ele>16.6</ele></trkpt>
    <trkpt lat="48.338402" lon="-4.698585"><ele>16.8</ele></trkpt>
    <trkpt lat="48.338278" lon="-4.698385"><ele>16.4</ele></trkpt>
    <trkpt lat="48.338190" lon="-4.698392"><ele>16.2</ele></trkpt>
    <trkpt lat="48.337945" lon="-4.698662"><ele>16.6</ele></trkpt>
    <trkpt lat="48.337818" lon="-4.698878"><ele>18.0</ele></trkpt>
    <trkpt lat="48.337773" lon="-4.698892"><ele>18.4</ele></trkpt>
    <trkpt lat="48.337693" lon="-4.699305"><ele>22.6</ele></trkpt>
    <trkpt lat="48.337558" lon="-4.699535"><ele>25.2</ele></trkpt>
    <trkpt lat="48.337483" lon="-4.699587"><ele>25.8</ele></trkpt>
    <trkpt lat="48.337340" lon="-4.699592"><ele>25.6</ele></trkpt>
    <trkpt lat="48.337223" lon="-4.699783"><ele>26.2</ele></trkpt>
    <trkpt lat="48.337058" lon="-4.700627"><ele>26.4</ele></trkpt>
    <trkpt lat="48.337140" lon="-4.701135"><ele>26.4</ele></trkpt>
    <trkpt lat="48.337140" lon="-4.701673"><ele>26.2</ele></trkpt>
    <trkpt lat="48.337072" lon="-4.701830"><ele>26.2</ele></trkpt>
    <trkpt lat="48.336737" lon="-4.702285"><ele>25.8</ele></trkpt>
    <trkpt lat="48.336638" lon="-4.702585"><ele>25.8</ele></trkpt>
    <trkpt lat="48.336485" lon="-4.703660"><ele>30.6</ele></trkpt>
    <trkpt lat="48.336523" lon="-4.703835"><ele>31.2</ele></trkpt>
    <trkpt lat="48.336532" lon="-4.704597"><ele>32.0</ele></trkpt>
    <trkpt lat="48.336610" lon="-4.705407"><ele>35.6</ele></trkpt>
    <trkpt lat="48.336612" lon="-4.705733"><ele>35.8</ele></trkpt>
    <trkpt lat="48.336405" lon="-4.707252"><ele>37.8</ele></trkpt>
    <trkpt lat="48.336223" lon="-4.707990"><ele>38.2</ele></trkpt>
    <trkpt lat="48.336018" lon="-4.709373"><ele>42.4</ele></trkpt>
    <trkpt lat="48.335937" lon="-4.709660"><ele>42.6</ele></trkpt>
    <trkpt lat="48.335870" lon="-4.709683"><ele>42.8</ele></trkpt>
    <trkpt lat="48.334887" lon="-4.709497"><ele>38.8</ele></trkpt>
    <trkpt lat="48.334465" lon="-4.709315"><ele>38.8</ele></trkpt>
    <trkpt lat="48.334450" lon="-4.709185"><ele>39.0</ele></trkpt>
    <trkpt lat="48.334507" lon="-4.708788"><ele>38.4</ele></trkpt>
    <trkpt lat="48.334603" lon="-4.708300"><ele>35.4</ele></trkpt>
    <trkpt lat="48.334675" lon="-4.708125"><ele>33.4</ele></trkpt>
    <trkpt lat="48.334673" lon="-4.708037"><ele>32.4</ele></trkpt>
    <trkpt lat="48.334612" lon="-4.707560"><ele>26.6</ele></trkpt>
    <trkpt lat="48.334337" lon="-4.707090"><ele>17.6</ele></trkpt>
    <trkpt lat="48.334257" lon="-4.707020"><ele>15.6</ele></trkpt>
    <trkpt lat="48.334192" lon="-4.707092"><ele>13.8</ele></trkpt>
    <trkpt lat="48.334147" lon="-4.707310"><ele>12.2</ele></trkpt>
    <trkpt lat="48.334122" lon="-4.707750"><ele>18.6</ele></trkpt>
    <trkpt lat="48.334037" lon="-4.707842"><ele>20.4</ele></trkpt>
    <trkpt lat="48.333955" lon="-4.707853"><ele>20.8</ele></trkpt>
    <trkpt lat="48.333857" lon="-4.707747"><ele>20.0</ele></trkpt>
    <trkpt lat="48.333807" lon="-4.707742"><ele>19.4</ele></trkpt>
    <trkpt lat="48.333258" lon="-4.708110"><ele>20.2</ele></trkpt>
    <trkpt lat="48.332722" lon="-4.708133"><ele>22.8</ele></trkpt>
    <trkpt lat="48.332477" lon="-4.708092"><ele>21.6</ele></trkpt>
    <trkpt lat="48.332377" lon="-4.708182"><ele>24.0</ele></trkpt>
    <trkpt lat="48.332302" lon="-4.708192"><ele>25.4</ele></trkpt>
    <trkpt lat="48.332123" lon="-4.708415"><ele>29.4</ele></trkpt>
    <trkpt lat="48.332032" lon="-4.709065"><ele>33.2</ele></trkpt>
    <trkpt lat="48.331962" lon="-4.709295"><ele>37.4</ele></trkpt>
    <trkpt lat="48.331632" lon="-4.709567"><ele>40.6</ele></trkpt>
    <trkpt lat="48.331538" lon="-4.709708"><ele>40.8</ele></trkpt>
    <trkpt lat="48.331472" lon="-4.709918"><ele>40.8</ele></trkpt>
    <trkpt lat="48.331448" lon="-4.710570"><ele>42.0</ele></trkpt>
    <trkpt lat="48.331700" lon="-4.711622"><ele>49.2</ele></trkpt>
    <trkpt lat="48.331720" lon="-4.712598"><ele>43.8</ele></trkpt>
    <trkpt lat="48.331790" lon="-4.712803"><ele>43.0</ele></trkpt>
    <trkpt lat="48.332033" lon="-4.712863"><ele>45.6</ele></trkpt>
    <trkpt lat="48.332090" lon="-4.712923"><ele>46.0</ele></trkpt>
    <trkpt lat="48.332182" lon="-4.713268"><ele>46.8</ele></trkpt>
    <trkpt lat="48.332177" lon="-4.713538"><ele>46.6</ele></trkpt>
    <trkpt lat="48.332095" lon="-4.713645"><ele>46.2</ele></trkpt>
    <trkpt lat="48.331947" lon="-4.713745"><ele>44.8</ele></trkpt>
    <trkpt lat="48.331082" lon="-4.713895"><ele>34.6</ele></trkpt>
    <trkpt lat="48.330785" lon="-4.714052"><ele>33.4</ele></trkpt>
    <trkpt lat="48.330652" lon="-4.714165"><ele>33.6</ele></trkpt>
    <trkpt lat="48.330605" lon="-4.714303"><ele>33.2</ele></trkpt>
    <trkpt lat="48.330613" lon="-4.714413"><ele>33.2</ele></trkpt>
    <trkpt lat="48.330795" lon="-4.714990"><ele>36.8</ele></trkpt>
    <trkpt lat="48.330805" lon="-4.715185"><ele>38.0</ele></trkpt>
    <trkpt lat="48.330617" lon="-4.715628"><ele>36.0</ele></trkpt>
    <trkpt lat="48.330170" lon="-4.716298"><ele>32.4</ele></trkpt>
    <trkpt lat="48.330082" lon="-4.716520"><ele>32.8</ele></trkpt>
    <trkpt lat="48.330153" lon="-4.716730"><ele>32.6</ele></trkpt>
    <trkpt lat="48.330497" lon="-4.717440"><ele>32.8</ele></trkpt>
    <trkpt lat="48.330557" lon="-4.717502"><ele>32.8</ele></trkpt>
    <trkpt lat="48.330827" lon="-4.717333"><ele>39.4</ele></trkpt>
    <trkpt lat="48.330948" lon="-4.717047"><ele>42.8</ele></trkpt>
    <trkpt lat="48.331070" lon="-4.716927"><ele>43.8</ele></trkpt>
    <trkpt lat="48.331295" lon="-4.716923"><ele>42.0</ele></trkpt>
    <trkpt lat="48.331348" lon="-4.717063"><ele>39.2</ele></trkpt>
    <trkpt lat="48.331343" lon="-4.717420"><ele>31.8</ele></trkpt>
    <trkpt lat="48.331202" lon="-4.717855"><ele>27.4</ele></trkpt>
    <trkpt lat="48.331233" lon="-4.718055"><ele>25.6</ele></trkpt>
    <trkpt lat="48.330947" lon="-4.718462"><ele>18.8</ele></trkpt>
    <trkpt lat="48.330933" lon="-4.718915"><ele>21.2</ele></trkpt>
    <trkpt lat="48.330798" lon="-4.719293"><ele>19.0</ele></trkpt>
    <trkpt lat="48.330750" lon="-4.719743"><ele>21.8</ele></trkpt>
    <trkpt lat="48.330803" lon="-4.719858"><ele>21.6</ele></trkpt>
    <trkpt lat="48.330910" lon="-4.719947"><ele>24.2</ele></trkpt>
    <trkpt lat="48.330930" lon="-4.720120"><ele>26.6</ele></trkpt>
    <trkpt lat="48.330847" lon="-4.720355"><ele>28.0</ele></trkpt>
    <trkpt lat="48.330577" lon="-4.720865"><ele>29.2</ele></trkpt>
    <trkpt lat="48.330488" lon="-4.721115"><ele>28.6</ele></trkpt>
    <trkpt lat="48.330467" lon="-4.721425"><ele>28.8</ele></trkpt>
    <trkpt lat="48.330505" lon="-4.721552"><ele>29.4</ele></trkpt>
    <trkpt lat="48.330590" lon="-4.721665"><ele>30.8</ele></trkpt>
    <trkpt lat="48.330592" lon="-4.721767"><ele>31.0</ele></trkpt>
    <trkpt lat="48.330453" lon="-4.722465"><ele>32.4</ele></trkpt>
    <trkpt lat="48.330317" lon="-4.722910"><ele>31.4</ele></trkpt>
    <trkpt lat="48.330292" lon="-4.723117"><ele>30.4</ele></trkpt>
    <trkpt lat="48.330303" lon="-4.723355"><ele>30.0</ele></trkpt>
    <trkpt lat="48.330360" lon="-4.723505"><ele>30.6</ele></trkpt>
    <trkpt lat="48.330638" lon="-4.723838"><ele>29.8</ele></trkpt>
    <trkpt lat="48.330543" lon="-4.723997"><ele>26.6</ele></trkpt>
    <trkpt lat="48.330512" lon="-4.724140"><ele>26.0</ele></trkpt>
    <trkpt lat="48.330702" lon="-4.724717"><ele>30.4</ele></trkpt>
    <trkpt lat="48.330730" lon="-4.725010"><ele>33.2</ele></trkpt>
    <trkpt lat="48.330617" lon="-4.725628"><ele>33.4</ele></trkpt>
    <trkpt lat="48.330597" lon="-4.725682"><ele>32.8</ele></trkpt>
    <trkpt lat="48.330510" lon="-4.725730"><ele>32.0</ele></trkpt>
    <trkpt lat="48.330472" lon="-4.725823"><ele>30.6</ele></trkpt>
    <trkpt lat="48.330488" lon="-4.725922"><ele>28.8</ele></trkpt>
    <trkpt lat="48.330658" lon="-4.726180"><ele>25.4</ele></trkpt>
    <trkpt lat="48.330715" lon="-4.726873"><ele>29.2</ele></trkpt>
    <trkpt lat="48.330653" lon="-4.727312"><ele>30.4</ele></trkpt>
    <trkpt lat="48.330502" lon="-4.727763"><ele>33.2</ele></trkpt>
    <trkpt lat="48.330568" lon="-4.728565"><ele>33.2</ele></trkpt>
    <trkpt lat="48.330640" lon="-4.728783"><ele>35.0</ele></trkpt>
    <trkpt lat="48.331037" lon="-4.729505"><ele>37.4</ele></trkpt>
    <trkpt lat="48.331180" lon="-4.729708"><ele>40.2</ele></trkpt>
    <trkpt lat="48.331237" lon="-4.729735"><ele>40.8</ele></trkpt>
    <trkpt lat="48.331305" lon="-4.729673"><ele>41.6</ele></trkpt>
    <trkpt lat="48.331352" lon="-4.729372"><ele>42.2</ele></trkpt>
    <trkpt lat="48.331348" lon="-4.729083"><ele>44.6</ele></trkpt>
    <trkpt lat="48.331272" lon="-4.728783"><ele>48.6</ele></trkpt>
    <trkpt lat="48.331257" lon="-4.728598"><ele>49.4</ele></trkpt>
    <trkpt lat="48.331262" lon="-4.728525"><ele>49.8</ele></trkpt>
    <trkpt lat="48.331332" lon="-4.728435"><ele>49.8</ele></trkpt>
    <trkpt lat="48.331562" lon="-4.728367"><ele>50.4</ele></trkpt>
    <trkpt lat="48.332340" lon="-4.728312"><ele>51.8</ele></trkpt>
    <trkpt lat="48.332905" lon="-4.728353"><ele>52.2</ele></trkpt>
    <trkpt lat="48.333238" lon="-4.728470"><ele>52.8</ele></trkpt>
    <trkpt lat="48.333955" lon="-4.728785"><ele>51.6</ele></trkpt>
    <trkpt lat="48.334935" lon="-4.729287"><ele>48.6</ele></trkpt>
    <trkpt lat="48.336047" lon="-4.729673"><ele>46.8</ele></trkpt>
    <trkpt lat="48.336107" lon="-4.729765"><ele>46.2</ele></trkpt>
    <trkpt lat="48.336150" lon="-4.729958"><ele>45.8</ele></trkpt>
    <trkpt lat="48.336207" lon="-4.730847"><ele>43.0</ele></trkpt>
    <trkpt lat="48.335857" lon="-4.732395"><ele>34.6</ele></trkpt>
    <trkpt lat="48.335402" lon="-4.733512"><ele>26.6</ele></trkpt>
    <trkpt lat="48.334212" lon="-4.735115"><ele>20.4</ele></trkpt>
    <trkpt lat="48.333688" lon="-4.735643"><ele>16.2</ele></trkpt>
    <trkpt lat="48.333652" lon="-4.735745"><ele>15.6</ele></trkpt>
    <trkpt lat="48.333625" lon="-4.736083"><ele>14.6</ele></trkpt>
    <trkpt lat="48.333332" lon="-4.736688"><ele>12.8</ele></trkpt>
    <trkpt lat="48.333352" lon="-4.736960"><ele>13.2</ele></trkpt>
    <trkpt lat="48.333283" lon="-4.737127"><ele>12.4</ele></trkpt>
    <trkpt lat="48.333298" lon="-4.737175"><ele>14.8</ele></trkpt>
    <trkpt lat="48.333137" lon="-4.737510"><ele>24.2</ele></trkpt>
    <trkpt lat="48.333105" lon="-4.737638"><ele>25.2</ele></trkpt>
    <trkpt lat="48.333235" lon="-4.737842"><ele>29.4</ele></trkpt>
    <trkpt lat="48.333560" lon="-4.738013"><ele>28.8</ele></trkpt>
    <trkpt lat="48.333745" lon="-4.738213"><ele>29.4</ele></trkpt>
    <trkpt lat="48.333755" lon="-4.738272"><ele>29.6</ele></trkpt>
    <trkpt lat="48.333673" lon="-4.738390"><ele>30.4</ele></trkpt>
    <trkpt lat="48.333670" lon="-4.738597"><ele>34.6</ele></trkpt>
    <trkpt lat="48.333375" lon="-4.738550"><ele>37.6</ele></trkpt>
    <trkpt lat="48.333283" lon="-4.738863"><ele>40.0</ele></trkpt>
    <trkpt lat="48.332522" lon="-4.739207"><ele>42.4</ele></trkpt>
    <trkpt lat="48.332373" lon="-4.739488"><ele>41.6</ele></trkpt>
    <trkpt lat="48.332283" lon="-4.739953"><ele>40.8</ele></trkpt>
    <trkpt lat="48.332313" lon="-4.740277"><ele>42.2</ele></trkpt>
    <trkpt lat="48.332292" lon="-4.740512"><ele>42.0</ele></trkpt>
    <trkpt lat="48.332072" lon="-4.741418"><ele>42.0</ele></trkpt>
    <trkpt lat="48.332123" lon="-4.741872"><ele>42.4</ele></trkpt>
    <trkpt lat="48.332113" lon="-4.742123"><ele>41.2</ele></trkpt>
    <trkpt lat="48.331742" lon="-4.742713"><ele>39.6</ele></trkpt>
    <trkpt lat="48.331607" lon="-4.743180"><ele>36.8</ele></trkpt>
    <trkpt lat="48.331538" lon="-4.743732"><ele>31.6</ele></trkpt>
    <trkpt lat="48.331535" lon="-4.743980"><ele>28.0</ele></trkpt>
    <trkpt lat="48.331597" lon="-4.744355"><ele>22.6</ele></trkpt>
    <trkpt lat="48.331675" lon="-4.744538"><ele>20.4</ele></trkpt>
    <trkpt lat="48.331258" lon="-4.744640"><ele>14.4</ele></trkpt>
    <trkpt lat="48.331065" lon="-4.744545"><ele>12.4</ele></trkpt>
    <trkpt lat="48.330853" lon="-4.744348"><ele>12.0</ele></trkpt>
    <trkpt lat="48.330710" lon="-4.744330"><ele>12.4</ele></trkpt>
    <trkpt lat="48.330590" lon="-4.744715"><ele>15.4</ele></trkpt>
    <trkpt lat="48.330530" lon="-4.745043"><ele>21.2</ele></trkpt>
    <trkpt lat="48.330403" lon="-4.745413"><ele>24.6</ele></trkpt>
    <trkpt lat="48.330382" lon="-4.745748"><ele>32.6</ele></trkpt>
    <trkpt lat="48.330210" lon="-4.746060"><ele>33.6</ele></trkpt>
    <trkpt lat="48.329978" lon="-4.746655"><ele>32.6</ele></trkpt>
    <trkpt lat="48.329930" lon="-4.747040"><ele>33.2</ele></trkpt>
    <trkpt lat="48.329910" lon="-4.747540"><ele>35.8</ele></trkpt>
    <trkpt lat="48.329835" lon="-4.747990"><ele>35.8</ele></trkpt>
    <trkpt lat="48.329787" lon="-4.748542"><ele>36.4</ele></trkpt>
    <trkpt lat="48.329807" lon="-4.748715"><ele>36.4</ele></trkpt>
    <trkpt lat="48.329945" lon="-4.749153"><ele>35.6</ele></trkpt>
    <trkpt lat="48.330043" lon="-4.749937"><ele>32.8</ele></trkpt>
    <trkpt lat="48.330063" lon="-4.750768"><ele>27.6</ele></trkpt>
    <trkpt lat="48.330007" lon="-4.751190"><ele>25.6</ele></trkpt>
    <trkpt lat="48.330087" lon="-4.751467"><ele>25.0</ele></trkpt>
    <trkpt lat="48.330032" lon="-4.752220"><ele>22.6</ele></trkpt>
    <trkpt lat="48.330070" lon="-4.752397"><ele>22.0</ele></trkpt>
    <trkpt lat="48.330262" lon="-4.752523"><ele>22.4</ele></trkpt>
    <trkpt lat="48.330353" lon="-4.752647"><ele>23.8</ele></trkpt>
    <trkpt lat="48.330485" lon="-4.752718"><ele>23.2</ele></trkpt>
    <trkpt lat="48.330508" lon="-4.752803"><ele>22.4</ele></trkpt>
    <trkpt lat="48.330343" lon="-4.752955"><ele>18.6</ele></trkpt>
    <trkpt lat="48.330297" lon="-4.753055"><ele>16.6</ele></trkpt>
    <trkpt lat="48.330282" lon="-4.753338"><ele>15.0</ele></trkpt>
    <trkpt lat="48.330382" lon="-4.753562"><ele>15.4</ele></trkpt>
    <trkpt lat="48.330320" lon="-4.753722"><ele>19.2</ele></trkpt>
    <trkpt lat="48.330168" lon="-4.753775"><ele>20.4</ele></trkpt>
    <trkpt lat="48.330030" lon="-4.753762"><ele>20.8</ele></trkpt>
    <trkpt lat="48.329882" lon="-4.753690"><ele>21.2</ele></trkpt>
    <trkpt lat="48.329650" lon="-4.753742"><ele>23.8</ele></trkpt>
    <trkpt lat="48.329582" lon="-4.754143"><ele>24.8</ele></trkpt>
    <trkpt lat="48.329477" lon="-4.754472"><ele>25.2</ele></trkpt>
    <trkpt lat="48.329365" lon="-4.754680"><ele>26.0</ele></trkpt>
    <trkpt lat="48.329133" lon="-4.754968"><ele>27.4</ele></trkpt>
    <trkpt lat="48.329055" lon="-4.755172"><ele>27.8</ele></trkpt>
    <trkpt lat="48.328943" lon="-4.755993"><ele>27.4</ele></trkpt>
    <trkpt lat="48.328982" lon="-4.756873"><ele>27.6</ele></trkpt>
    <trkpt lat="48.328822" lon="-4.758535"><ele>27.4</ele></trkpt>
    <trkpt lat="48.328783" lon="-4.759618"><ele>25.2</ele></trkpt>
    <trkpt lat="48.328640" lon="-4.760447"><ele>24.4</ele></trkpt>
    <trkpt lat="48.328538" lon="-4.760792"><ele>23.4</ele></trkpt>
    <trkpt lat="48.328388" lon="-4.761073"><ele>23.4</ele></trkpt>
    <trkpt lat="48.328338" lon="-4.761540"><ele>25.6</ele></trkpt>
    <trkpt lat="48.328228" lon="-4.762045"><ele>24.2</ele></trkpt>
    <trkpt lat="48.328253" lon="-4.762315"><ele>21.4</ele></trkpt>
    <trkpt lat="48.328342" lon="-4.762630"><ele>19.8</ele></trkpt>
    <trkpt lat="48.328368" lon="-4.763078"><ele>21.2</ele></trkpt>
    <trkpt lat="48.328353" lon="-4.764350"><ele>17.0</ele></trkpt>
    <trkpt lat="48.328385" lon="-4.764468"><ele>16.4</ele></trkpt>
    <trkpt lat="48.328548" lon="-4.764638"><ele>13.4</ele></trkpt>
    <trkpt lat="48.328575" lon="-4.764710"><ele>12.8</ele></trkpt>
    <trkpt lat="48.328458" lon="-4.764970"><ele>13.6</ele></trkpt>
    <trkpt lat="48.328500" lon="-4.765197"><ele>16.2</ele></trkpt>
    <trkpt lat="48.328503" lon="-4.765937"><ele>20.2</ele></trkpt>
    <trkpt lat="48.328557" lon="-4.766268"><ele>20.4</ele></trkpt>
    <trkpt lat="48.328588" lon="-4.766723"><ele>18.2</ele></trkpt>
    <trkpt lat="48.328628" lon="-4.766815"><ele>17.6</ele></trkpt>
    <trkpt lat="48.328667" lon="-4.766820"><ele>17.8</ele></trkpt>
    <trkpt lat="48.329127" lon="-4.766473"><ele>23.2</ele></trkpt>
    <trkpt lat="48.329260" lon="-4.766512"><ele>22.8</ele></trkpt>
    <trkpt lat="48.329318" lon="-4.766622"><ele>22.4</ele></trkpt>
    <trkpt lat="48.329330" lon="-4.766828"><ele>22.4</ele></trkpt>
    <trkpt lat="48.329303" lon="-4.766985"><ele>21.8</ele></trkpt>
    <trkpt lat="48.328963" lon="-4.767603"><ele>22.6</ele></trkpt>
    <trkpt lat="48.328880" lon="-4.768128"><ele>22.8</ele></trkpt>
    <trkpt lat="48.328898" lon="-4.768255"><ele>22.8</ele></trkpt>
    <trkpt lat="48.329000" lon="-4.768490"><ele>23.0</ele></trkpt>
    <trkpt lat="48.329773" lon="-4.769348"><ele>25.0</ele></trkpt>
    <trkpt lat="48.329772" lon="-4.769585"><ele>25.2</ele></trkpt>
    <trkpt lat="48.329603" lon="-4.770493"><ele>23.8</ele></trkpt>
    <trkpt lat="48.329618" lon="-4.770562"><ele>24.0</ele></trkpt>
    <trkpt lat="48.330167" lon="-4.770292"><ele>28.2</ele></trkpt>
    <trkpt lat="48.330902" lon="-4.770205"><ele>28.0</ele></trkpt>
    <trkpt lat="48.331148" lon="-4.769865"><ele>28.4</ele></trkpt>
    <trkpt lat="48.331228" lon="-4.769637"><ele>29.0</ele></trkpt>
    <trkpt lat="48.331525" lon="-4.768592"><ele>31.4</ele></trkpt>
    <trkpt lat="48.331478" lon="-4.768457"><ele>31.8</ele></trkpt>
    <trkpt lat="48.331410" lon="-4.769013"><ele>25.6</ele></trkpt>
    <trkpt lat="48.331248" lon="-4.769653"><ele>25.6</ele></trkpt>
    <trkpt lat="48.331263" lon="-4.769808"><ele>25.6</ele></trkpt>
    <trkpt lat="48.331392" lon="-4.769912"><ele>27.0</ele></trkpt>
    <trkpt lat="48.331467" lon="-4.769888"><ele>27.4</ele></trkpt>
    <trkpt lat="48.332078" lon="-4.769328"><ele>32.8</ele></trkpt>
    <trkpt lat="48.332335" lon="-4.769198"><ele>33.6</ele></trkpt>
    <trkpt lat="48.333047" lon="-4.769177"><ele>33.8</ele></trkpt>
    <trkpt lat="48.333245" lon="-4.769117"><ele>34.0</ele></trkpt>
    <trkpt lat="48.333735" lon="-4.769070"><ele>34.6</ele></trkpt>
    <trkpt lat="48.333827" lon="-4.769015"><ele>34.6</ele></trkpt>
    <trkpt lat="48.334598" lon="-4.766125"><ele>36.6</ele></trkpt>
    <trkpt lat="48.335140" lon="-4.764608"><ele>40.4</ele></trkpt>
    <trkpt lat="48.335290" lon="-4.764028"><ele>42.0</ele></trkpt>
    <trkpt lat="48.335547" lon="-4.763538"><ele>42.4</ele></trkpt>
    <trkpt lat="48.335780" lon="-4.762908"><ele>42.6</ele></trkpt>
    <trkpt lat="48.335922" lon="-4.761892"><ele>42.4</ele></trkpt>
    <trkpt lat="48.336070" lon="-4.760395"><ele>41.4</ele></trkpt>
    <trkpt lat="48.336145" lon="-4.760025"><ele>41.0</ele></trkpt>
    <trkpt lat="48.337563" lon="-4.760687"><ele>32.4</ele></trkpt>
    <trkpt lat="48.338435" lon="-4.760542"><ele>28.2</ele></trkpt>
    <trkpt lat="48.338808" lon="-4.760638"><ele>28.2</ele></trkpt>
    <trkpt lat="48.340175" lon="-4.761252"><ele>35.0</ele></trkpt>
    <trkpt lat="48.340910" lon="-4.761918"><ele>38.8</ele></trkpt>
    <trkpt lat="48.341125" lon="-4.762007"><ele>39.6</ele></trkpt>
    <trkpt lat="48.341250" lon="-4.761812"><ele>40.6</ele></trkpt>
    <trkpt lat="48.341407" lon="-4.761312"><ele>42.2</ele></trkpt>
    <trkpt lat="48.341597" lon="-4.760428"><ele>43.4</ele></trkpt>
    <trkpt lat="48.341643" lon="-4.760013"><ele>43.2</ele></trkpt>
    <trkpt lat="48.341763" lon="-4.759685"><ele>43.2</ele></trkpt>
    <trkpt lat="48.341800" lon="-4.759650"><ele>43.2</ele></trkpt>
    <trkpt lat="48.342068" lon="-4.759712"><ele>43.8</ele></trkpt>
    <trkpt lat="48.342420" lon="-4.759713"><ele>44.2</ele></trkpt>
    <trkpt lat="48.342678" lon="-4.759658"><ele>44.2</ele></trkpt>
    <trkpt lat="48.343518" lon="-4.759640"><ele>45.6</ele></trkpt>
    <trkpt lat="48.343863" lon="-4.759565"><ele>45.6</ele></trkpt>
    <trkpt lat="48.344218" lon="-4.759563"><ele>46.0</ele></trkpt>
    <trkpt lat="48.344197" lon="-4.758703"><ele>47.6</ele></trkpt>
    <trkpt lat="48.344232" lon="-4.758280"><ele>47.8</ele></trkpt>
    <trkpt lat="48.344195" lon="-4.757572"><ele>47.8</ele></trkpt>
    <trkpt lat="48.344405" lon="-4.757492"><ele>47.4</ele></trkpt>
    <trkpt lat="48.345080" lon="-4.757438"><ele>48.6</ele></trkpt>
    <trkpt lat="48.345178" lon="-4.757152"><ele>49.2</ele></trkpt>
    <trkpt lat="48.345330" lon="-4.757093"><ele>49.2</ele></trkpt>
    <trkpt lat="48.346095" lon="-4.757152"><ele>47.8</ele></trkpt>
    <trkpt lat="48.347237" lon="-4.757405"><ele>43.6</ele></trkpt>
    <trkpt lat="48.347747" lon="-4.757430"><ele>42.2</ele></trkpt>
    <trkpt lat="48.348388" lon="-4.757393"><ele>41.2</ele></trkpt>
    <trkpt lat="48.348420" lon="-4.757455"><ele>41.2</ele></trkpt>
    <trkpt lat="48.348427" lon="-4.757602"><ele>41.0</ele></trkpt>
    <trkpt lat="48.348363" lon="-4.757985"><ele>40.4</ele></trkpt>
    <trkpt lat="48.348372" lon="-4.758303"><ele>40.0</ele></trkpt>
    <trkpt lat="48.348513" lon="-4.759010"><ele>39.0</ele></trkpt>
    <trkpt lat="48.348625" lon="-4.759200"><ele>38.6</ele></trkpt>
    <trkpt lat="48.348885" lon="-4.759288"><ele>38.2</ele></trkpt>
    <trkpt lat="48.349270" lon="-4.759320"><ele>37.6</ele></trkpt>
    <trkpt lat="48.349643" lon="-4.759478"><ele>39.0</ele></trkpt>
    <trkpt lat="48.350362" lon="-4.760178"><ele>41.8</ele></trkpt>
    <trkpt lat="48.350585" lon="-4.760607"><ele>41.8</ele></trkpt>
    <trkpt lat="48.351205" lon="-4.760893"><ele>44.4</ele></trkpt>
    <trkpt lat="48.351772" lon="-4.761315"><ele>48.2</ele></trkpt>
    <trkpt lat="48.352040" lon="-4.761617"><ele>49.4</ele></trkpt>
    <trkpt lat="48.352258" lon="-4.761795"><ele>50.0</ele></trkpt>
    <trkpt lat="48.352775" lon="-4.762062"><ele>51.2</ele></trkpt>
    <trkpt lat="48.354525" lon="-4.761897"><ele>51.2</ele></trkpt>
    <trkpt lat="48.355310" lon="-4.761605"><ele>48.6</ele></trkpt>
    <trkpt lat="48.355730" lon="-4.761573"><ele>46.4</ele></trkpt>
    <trkpt lat="48.356570" lon="-4.761317"><ele>39.4</ele></trkpt>
    <trkpt lat="48.356700" lon="-4.761312"><ele>38.2</ele></trkpt>
    <trkpt lat="48.356842" lon="-4.761392"><ele>37.0</ele></trkpt>
    <trkpt lat="48.356907" lon="-4.761547"><ele>36.0</ele></trkpt>
    <trkpt lat="48.356858" lon="-4.762252"><ele>37.0</ele></trkpt>
    <trkpt lat="48.356872" lon="-4.762487"><ele>36.2</ele></trkpt>
    <trkpt lat="48.356928" lon="-4.762617"><ele>35.2</ele></trkpt>
    <trkpt lat="48.357268" lon="-4.762667"><ele>31.4</ele></trkpt>
    <trkpt lat="48.357787" lon="-4.762528"><ele>26.2</ele></trkpt>
    <trkpt lat="48.357828" lon="-4.761885"><ele>24.2</ele></trkpt>
    <trkpt lat="48.357887" lon="-4.761693"><ele>23.2</ele></trkpt>
    <trkpt lat="48.357957" lon="-4.761630"><ele>22.6</ele></trkpt>
    <trkpt lat="48.358860" lon="-4.762233"><ele>15.0</ele></trkpt>
    <trkpt lat="48.359048" lon="-4.762285"><ele>13.0</ele></trkpt>
    <trkpt lat="48.359403" lon="-4.762493"><ele>11.0</ele></trkpt>
    <trkpt lat="48.359440" lon="-4.762537"><ele>10.8</ele></trkpt>
    <trkpt lat="48.359473" lon="-4.762975"><ele>10.2</ele></trkpt>
    <trkpt lat="48.359557" lon="-4.763050"><ele>9.8</ele></trkpt>
    <trkpt lat="48.359722" lon="-4.762968"><ele>9.4</ele></trkpt>
    <trkpt lat="48.360425" lon="-4.762195"><ele>9.6</ele></trkpt>
    <trkpt lat="48.360545" lon="-4.762215"><ele>9.8</ele></trkpt>
    <trkpt lat="48.360665" lon="-4.762418"><ele>10.0</ele></trkpt>
    <trkpt lat="48.360993" lon="-4.763403"><ele>8.0</ele></trkpt>
    <trkpt lat="48.361243" lon="-4.763590"><ele>6.4</ele></trkpt>
    <trkpt lat="48.361330" lon="-4.763785"><ele>5.8</ele></trkpt>
    <trkpt lat="48.361408" lon="-4.764180"><ele>5.6</ele></trkpt>
    <trkpt lat="48.361393" lon="-4.764895"><ele>5.6</ele></trkpt>
    <trkpt lat="48.361682" lon="-4.766260"><ele>4.4</ele></trkpt>
    <trkpt lat="48.361722" lon="-4.766643"><ele>4.4</ele></trkpt>
    <trkpt lat="48.361683" lon="-4.766820"><ele>5.0</ele></trkpt>
    <trkpt lat="48.361775" lon="-4.767058"><ele>5.4</ele></trkpt>
    <trkpt lat="48.361812" lon="-4.767080"><ele>5.6</ele></trkpt>
    <trkpt lat="48.363655" lon="-4.766063"><ele>8.8</ele></trkpt>
    <trkpt lat="48.363590" lon="-4.765740"><ele>5.6</ele></trkpt>
    <trkpt lat="48.363432" lon="-4.765218"><ele>5.6</ele></trkpt>
    <trkpt lat="48.363478" lon="-4.764687"><ele>4.4</ele></trkpt>
    <trkpt lat="48.363455" lon="-4.763065"><ele>5.6</ele></trkpt>
    <trkpt lat="48.363540" lon="-4.761393"><ele>7.4</ele></trkpt>
    <trkpt lat="48.363567" lon="-4.759915"><ele>7.0</ele></trkpt>
    <trkpt lat="48.363632" lon="-4.759370"><ele>7.8</ele></trkpt>
    <trkpt lat="48.363788" lon="-4.758668"><ele>8.4</ele></trkpt>
    <trkpt lat="48.363832" lon="-4.758307"><ele>8.8</ele></trkpt>
    <trkpt lat="48.364028" lon="-4.758090"><ele>8.2</ele></trkpt>
    <trkpt lat="48.364153" lon="-4.758013"><ele>8.8</ele></trkpt>
    <trkpt lat="48.364195" lon="-4.757637"><ele>9.8</ele></trkpt>
    <trkpt lat="48.364172" lon="-4.757383"><ele>10.0</ele></trkpt>
    <trkpt lat="48.364000" lon="-4.756832"><ele>9.6</ele></trkpt>
    <trkpt lat="48.364012" lon="-4.756525"><ele>9.8</ele></trkpt>
    <trkpt lat="48.364058" lon="-4.756305"><ele>10.6</ele></trkpt>
    <trkpt lat="48.363922" lon="-4.756133"><ele>10.8</ele></trkpt>
    <trkpt lat="48.363867" lon="-4.755527"><ele>10.4</ele></trkpt>
    <trkpt lat="48.363977" lon="-4.755417"><ele>10.2</ele></trkpt>
    <trkpt lat="48.364052" lon="-4.754983"><ele>9.8</ele></trkpt>
    <trkpt lat="48.364355" lon="-4.754303"><ele>10.4</ele></trkpt>
    <trkpt lat="48.364425" lon="-4.754252"><ele>10.6</ele></trkpt>
    <trkpt lat="48.364543" lon="-4.754250"><ele>11.0</ele></trkpt>
    <trkpt lat="48.364647" lon="-4.754063"><ele>11.8</ele></trkpt>
    <trkpt lat="48.364677" lon="-4.753782"><ele>12.0</ele></trkpt>
    <trkpt lat="48.364830" lon="-4.753152"><ele>11.0</ele></trkpt>
    <trkpt lat="48.364997" lon="-4.752753"><ele>11.6</ele></trkpt>
    <trkpt lat="48.365067" lon="-4.752478"><ele>11.8</ele></trkpt>
    <trkpt lat="48.365180" lon="-4.752388"><ele>12.8</ele></trkpt>
    <trkpt lat="48.365472" lon="-4.752518"><ele>16.4</ele></trkpt>
    <trkpt lat="48.366087" lon="-4.752597"><ele>23.6</ele></trkpt>
    <trkpt lat="48.366235" lon="-4.752553"><ele>24.6</ele></trkpt>
    <trkpt lat="48.366563" lon="-4.752360"><ele>27.6</ele></trkpt>
    <trkpt lat="48.366935" lon="-4.751848"><ele>32.4</ele></trkpt>
    <trkpt lat="48.367173" lon="-4.751223"><ele>32.4</ele></trkpt>
    <trkpt lat="48.367340" lon="-4.750963"><ele>32.0</ele></trkpt>
    <trkpt lat="48.367720" lon="-4.750632"><ele>31.6</ele></trkpt>
    <trkpt lat="48.368193" lon="-4.750372"><ele>34.0</ele></trkpt>
    <trkpt lat="48.368558" lon="-4.750110"><ele>39.4</ele></trkpt>
    <trkpt lat="48.368580" lon="-4.749923"><ele>39.8</ele></trkpt>
    <trkpt lat="48.368533" lon="-4.749422"><ele>38.2</ele></trkpt>
    <trkpt lat="48.368600" lon="-4.749283"><ele>37.8</ele></trkpt>
    <trkpt lat="48.369205" lon="-4.748913"><ele>39.4</ele></trkpt>
    <trkpt lat="48.369283" lon="-4.748800"><ele>40.0</ele></trkpt>
    <trkpt lat="48.369643" lon="-4.748613"><ele>40.6</ele></trkpt>
    <trkpt lat="48.369762" lon="-4.748618"><ele>40.8</ele></trkpt>
    <trkpt lat="48.369928" lon="-4.748882"><ele>42.8</ele></trkpt>
    <trkpt lat="48.370083" lon="-4.749267"><ele>43.6</ele></trkpt>
    <trkpt lat="48.370505" lon="-4.749950"><ele>43.6</ele></trkpt>
    <trkpt lat="48.371357" lon="-4.750617"><ele>42.8</ele></trkpt>
    <trkpt lat="48.371773" lon="-4.750820"><ele>41.8</ele></trkpt>
    <trkpt lat="48.371962" lon="-4.750775"><ele>41.6</ele></trkpt>
    <trkpt lat="48.372030" lon="-4.750867"><ele>41.6</ele></trkpt>
    <trkpt lat="48.372020" lon="-4.751112"><ele>39.8</ele></trkpt>
    <trkpt lat="48.372085" lon="-4.751605"><ele>38.2</ele></trkpt>
    <trkpt lat="48.372087" lon="-4.752110"><ele>37.6</ele></trkpt>
    <trkpt lat="48.372217" lon="-4.753000"><ele>31.6</ele></trkpt>
    <trkpt lat="48.372198" lon="-4.753072"><ele>32.4</ele></trkpt>
    <trkpt lat="48.371952" lon="-4.753435"><ele>35.0</ele></trkpt>
    <trkpt lat="48.372045" lon="-4.753893"><ele>33.6</ele></trkpt>
    <trkpt lat="48.371955" lon="-4.753973"><ele>33.4</ele></trkpt>
    <trkpt lat="48.371913" lon="-4.754082"><ele>33.6</ele></trkpt>
    <trkpt lat="48.371933" lon="-4.754735"><ele>34.4</ele></trkpt>
    <trkpt lat="48.371857" lon="-4.755002"><ele>34.6</ele></trkpt>
    <trkpt lat="48.371827" lon="-4.755307"><ele>34.4</ele></trkpt>
    <trkpt lat="48.371930" lon="-4.755650"><ele>32.8</ele></trkpt>
    <trkpt lat="48.372003" lon="-4.756248"><ele>30.8</ele></trkpt>
    <trkpt lat="48.371883" lon="-4.756720"><ele>31.0</ele></trkpt>
    <trkpt lat="48.371882" lon="-4.757518"><ele>27.6</ele></trkpt>
    <trkpt lat="48.371960" lon="-4.757813"><ele>25.8</ele></trkpt>
    <trkpt lat="48.372105" lon="-4.758073"><ele>22.6</ele></trkpt>
    <trkpt lat="48.372100" lon="-4.758308"><ele>22.8</ele></trkpt>
    <trkpt lat="48.372172" lon="-4.758607"><ele>22.4</ele></trkpt>
    <trkpt lat="48.372108" lon="-4.758855"><ele>22.2</ele></trkpt>
    <trkpt lat="48.372102" lon="-4.759170"><ele>21.0</ele></trkpt>
    <trkpt lat="48.372220" lon="-4.759427"><ele>18.8</ele></trkpt>
    <trkpt lat="48.372110" lon="-4.759793"><ele>16.0</ele></trkpt>
    <trkpt lat="48.372102" lon="-4.760162"><ele>13.6</ele></trkpt>
    <trkpt lat="48.372052" lon="-4.760237"><ele>13.4</ele></trkpt>
    <trkpt lat="48.371863" lon="-4.760273"><ele>14.4</ele></trkpt>
    <trkpt lat="48.371533" lon="-4.760433"><ele>18.8</ele></trkpt>
    <trkpt lat="48.371153" lon="-4.760702"><ele>23.4</ele></trkpt>
    <trkpt lat="48.371063" lon="-4.760803"><ele>24.0</ele></trkpt>
    <trkpt lat="48.370918" lon="-4.761100"><ele>25.6</ele></trkpt>
    <trkpt lat="48.370697" lon="-4.761318"><ele>26.6</ele></trkpt>
    <trkpt lat="48.370535" lon="-4.761352"><ele>25.2</ele></trkpt>
    <trkpt lat="48.370365" lon="-4.761235"><ele>26.2</ele></trkpt>
    <trkpt lat="48.369900" lon="-4.761360"><ele>29.2</ele></trkpt>
    <trkpt lat="48.369377" lon="-4.761817"><ele>29.6</ele></trkpt>
    <trkpt lat="48.369307" lon="-4.761993"><ele>28.8</ele></trkpt>
    <trkpt lat="48.369225" lon="-4.762093"><ele>28.6</ele></trkpt>
    <trkpt lat="48.369187" lon="-4.762602"><ele>26.2</ele></trkpt>
    <trkpt lat="48.369100" lon="-4.762787"><ele>24.8</ele></trkpt>
    <trkpt lat="48.368992" lon="-4.762863"><ele>24.4</ele></trkpt>
    <trkpt lat="48.368947" lon="-4.762853"><ele>24.4</ele></trkpt>
    <trkpt lat="48.368813" lon="-4.762637"><ele>25.4</ele></trkpt>
    <trkpt lat="48.368713" lon="-4.762598"><ele>24.0</ele></trkpt>
    <trkpt lat="48.368653" lon="-4.762867"><ele>22.8</ele></trkpt>
    <trkpt lat="48.368565" lon="-4.763027"><ele>22.6</ele></trkpt>
    <trkpt lat="48.368077" lon="-4.763353"><ele>21.8</ele></trkpt>
    <trkpt lat="48.367828" lon="-4.763737"><ele>23.8</ele></trkpt>
    <trkpt lat="48.367733" lon="-4.764188"><ele>23.6</ele></trkpt>
    <trkpt lat="48.367603" lon="-4.764480"><ele>23.6</ele></trkpt>
    <trkpt lat="48.367598" lon="-4.765313"><ele>18.8</ele></trkpt>
    <trkpt lat="48.367457" lon="-4.765863"><ele>18.4</ele></trkpt>
    <trkpt lat="48.367427" lon="-4.766178"><ele>17.4</ele></trkpt>
    <trkpt lat="48.367320" lon="-4.766237"><ele>16.8</ele></trkpt>
    <trkpt lat="48.367167" lon="-4.766225"><ele>17.0</ele></trkpt>
    <trkpt lat="48.367095" lon="-4.766155"><ele>17.2</ele></trkpt>
    <trkpt lat="48.367030" lon="-4.766173"><ele>17.2</ele></trkpt>
    <trkpt lat="48.366895" lon="-4.766292"><ele>16.8</ele></trkpt>
    <trkpt lat="48.366655" lon="-4.766663"><ele>15.6</ele></trkpt>
    <trkpt lat="48.366472" lon="-4.766875"><ele>15.2</ele></trkpt>
    <trkpt lat="48.366058" lon="-4.767188"><ele>20.2</ele></trkpt>
    <trkpt lat="48.365963" lon="-4.767205"><ele>21.6</ele></trkpt>
    <trkpt lat="48.365913" lon="-4.767578"><ele>22.8</ele></trkpt>
    <trkpt lat="48.365815" lon="-4.767750"><ele>24.2</ele></trkpt>
    <trkpt lat="48.365665" lon="-4.767893"><ele>25.0</ele></trkpt>
    <trkpt lat="48.365630" lon="-4.768205"><ele>21.8</ele></trkpt>
    <trkpt lat="48.365583" lon="-4.768367"><ele>20.4</ele></trkpt>
    <trkpt lat="48.365360" lon="-4.768747"><ele>19.8</ele></trkpt>
    <trkpt lat="48.365188" lon="-4.768918"><ele>19.6</ele></trkpt>
    <trkpt lat="48.365055" lon="-4.769123"><ele>18.6</ele></trkpt>
    <trkpt lat="48.364962" lon="-4.769403"><ele>18.0</ele></trkpt>
    <trkpt lat="48.364958" lon="-4.769543"><ele>18.0</ele></trkpt>
    <trkpt lat="48.364793" lon="-4.769722"><ele>20.2</ele></trkpt>
    <trkpt lat="48.364542" lon="-4.769818"><ele>22.0</ele></trkpt>
    <trkpt lat="48.364497" lon="-4.769870"><ele>22.0</ele></trkpt>
    <trkpt lat="48.364578" lon="-4.770528"><ele>21.6</ele></trkpt>
    <trkpt lat="48.364662" lon="-4.770715"><ele>21.6</ele></trkpt>
    <trkpt lat="48.364618" lon="-4.771015"><ele>22.4</ele></trkpt>
    <trkpt lat="48.364623" lon="-4.771168"><ele>22.8</ele></trkpt>
    <trkpt lat="48.364772" lon="-4.771480"><ele>23.0</ele></trkpt>
    <trkpt lat="48.364930" lon="-4.771387"><ele>23.0</ele></trkpt>
    <trkpt lat="48.364995" lon="-4.771418"><ele>22.0</ele></trkpt>
    <trkpt lat="48.365065" lon="-4.771833"><ele>20.8</ele></trkpt>
    <trkpt lat="48.365042" lon="-4.771993"><ele>20.0</ele></trkpt>
    <trkpt lat="48.364938" lon="-4.772195"><ele>20.0</ele></trkpt>
    <trkpt lat="48.364890" lon="-4.772458"><ele>20.0</ele></trkpt>
    <trkpt lat="48.364688" lon="-4.773030"><ele>18.0</ele></trkpt>
    <trkpt lat="48.364615" lon="-4.773757"><ele>17.6</ele></trkpt>
    <trkpt lat="48.364415" lon="-4.774257"><ele>16.4</ele></trkpt>
    <trkpt lat="48.364322" lon="-4.774405"><ele>16.0</ele></trkpt>
    <trkpt lat="48.364213" lon="-4.774458"><ele>15.4</ele></trkpt>
    <trkpt lat="48.364163" lon="-4.774538"><ele>15.4</ele></trkpt>
    <trkpt lat="48.364142" lon="-4.774728"><ele>15.2</ele></trkpt>
    <trkpt lat="48.364167" lon="-4.775227"><ele>14.6</ele></trkpt>
    <trkpt lat="48.364072" lon="-4.775407"><ele>14.6</ele></trkpt>
    <trkpt lat="48.364037" lon="-4.775888"><ele>14.4</ele></trkpt>
    <trkpt lat="48.364093" lon="-4.776203"><ele>14.4</ele></trkpt>
    <trkpt lat="48.364233" lon="-4.776678"><ele>14.4</ele></trkpt>
    <trkpt lat="48.364273" lon="-4.777072"><ele>14.0</ele></trkpt>
    <trkpt lat="48.364248" lon="-4.777453"><ele>14.4</ele></trkpt>
    <trkpt lat="48.364110" lon="-4.777898"><ele>16.0</ele></trkpt>
    <trkpt lat="48.364148" lon="-4.778298"><ele>18.0</ele></trkpt>
    <trkpt lat="48.364112" lon="-4.779187"><ele>20.8</ele></trkpt>
    <trkpt lat="48.364198" lon="-4.779372"><ele>19.0</ele></trkpt>
    <trkpt lat="48.364532" lon="-4.779742"><ele>19.8</ele></trkpt>
    <trkpt lat="48.364673" lon="-4.780085"><ele>20.2</ele></trkpt>
    <trkpt lat="48.365088" lon="-4.780312"><ele>18.4</ele></trkpt>
    <trkpt lat="48.365763" lon="-4.780992"><ele>19.6</ele></trkpt>
    <trkpt lat="48.365960" lon="-4.781293"><ele>19.8</ele></trkpt>
    <trkpt lat="48.366075" lon="-4.781780"><ele>23.0</ele></trkpt>
    <trkpt lat="48.366040" lon="-4.782043"><ele>25.4</ele></trkpt>
    <trkpt lat="48.366055" lon="-4.782218"><ele>26.6</ele></trkpt>
    <trkpt lat="48.366025" lon="-4.782353"><ele>27.6</ele></trkpt>
    <trkpt lat="48.366205" lon="-4.782735"><ele>22.0</ele></trkpt>
    <trkpt lat="48.366367" lon="-4.782877"><ele>17.6</ele></trkpt>
    <trkpt lat="48.366285" lon="-4.783435"><ele>18.2</ele></trkpt>
    <trkpt lat="48.366485" lon="-4.784127"><ele>18.6</ele></trkpt>
    <trkpt lat="48.366572" lon="-4.784323"><ele>18.0</ele></trkpt>
    <trkpt lat="48.366850" lon="-4.784555"><ele>18.2</ele></trkpt>
    <trkpt lat="48.367230" lon="-4.784650"><ele>23.0</ele></trkpt>
    <trkpt lat="48.367293" lon="-4.784618"><ele>23.8</ele></trkpt>
    <trkpt lat="48.367390" lon="-4.784432"><ele>23.2</ele></trkpt>
    <trkpt lat="48.367530" lon="-4.784347"><ele>22.6</ele></trkpt>
    <trkpt lat="48.367763" lon="-4.784262"><ele>20.4</ele></trkpt>
    <trkpt lat="48.367848" lon="-4.784343"><ele>20.2</ele></trkpt>
    <trkpt lat="48.367913" lon="-4.784712"><ele>21.2</ele></trkpt>
    <trkpt lat="48.367988" lon="-4.784870"><ele>19.2</ele></trkpt>
    <trkpt lat="48.368002" lon="-4.785200"><ele>19.4</ele></trkpt>
    <trkpt lat="48.368213" lon="-4.785633"><ele>18.4</ele></trkpt>
    <trkpt lat="48.368162" lon="-4.785780"><ele>20.0</ele></trkpt>
    <trkpt lat="48.368182" lon="-4.786152"><ele>17.4</ele></trkpt>
    <trkpt lat="48.368032" lon="-4.786302"><ele>20.6</ele></trkpt>
    <trkpt lat="48.367858" lon="-4.786303"><ele>24.8</ele></trkpt>
    <trkpt lat="48.367778" lon="-4.786418"><ele>25.2</ele></trkpt>
    <trkpt lat="48.367663" lon="-4.786502"><ele>24.6</ele></trkpt>
    <trkpt lat="48.367597" lon="-4.786635"><ele>23.6</ele></trkpt>
    <trkpt lat="48.367287" lon="-4.786707"><ele>22.8</ele></trkpt>
    <trkpt lat="48.367172" lon="-4.786693"><ele>22.4</ele></trkpt>
    <trkpt lat="48.367033" lon="-4.786470"><ele>18.0</ele></trkpt>
    <trkpt lat="48.366848" lon="-4.785693"><ele>17.2</ele></trkpt>
    <trkpt lat="48.366745" lon="-4.784592"><ele>19.4</ele></trkpt>
    <trkpt lat="48.366643" lon="-4.784402"><ele>18.6</ele></trkpt>
    <trkpt lat="48.366513" lon="-4.784343"><ele>18.6</ele></trkpt>
    <trkpt lat="48.366398" lon="-4.784440"><ele>19.0</ele></trkpt>
    <trkpt lat="48.366432" lon="-4.784632"><ele>17.4</ele></trkpt>
    <trkpt lat="48.366407" lon="-4.784685"><ele>17.0</ele></trkpt>
    <trkpt lat="48.365798" lon="-4.785012"><ele>16.4</ele></trkpt>
    <trkpt lat="48.365623" lon="-4.785310"><ele>15.0</ele></trkpt>
    <trkpt lat="48.365227" lon="-4.785732"><ele>16.6</ele></trkpt>
    <trkpt lat="48.365030" lon="-4.785795"><ele>17.4</ele></trkpt>
    <trkpt lat="48.364857" lon="-4.785785"><ele>19.0</ele></trkpt>
    <trkpt lat="48.364625" lon="-4.785902"><ele>22.8</ele></trkpt>
    <trkpt lat="48.364442" lon="-4.785913"><ele>24.4</ele></trkpt>
    <trkpt lat="48.364150" lon="-4.786055"><ele>24.2</ele></trkpt>
    <trkpt lat="48.363718" lon="-4.786122"><ele>23.4</ele></trkpt>
    <trkpt lat="48.363412" lon="-4.786285"><ele>23.8</ele></trkpt>
    <trkpt lat="48.363283" lon="-4.786432"><ele>23.2</ele></trkpt>
    <trkpt lat="48.363097" lon="-4.786565"><ele>23.8</ele></trkpt>
    <trkpt lat="48.362885" lon="-4.786595"><ele>24.4</ele></trkpt>
    <trkpt lat="48.362672" lon="-4.786502"><ele>25.4</ele></trkpt>
    <trkpt lat="48.362335" lon="-4.786233"><ele>26.0</ele></trkpt>
    <trkpt lat="48.362150" lon="-4.786192"><ele>27.8</ele></trkpt>
    <trkpt lat="48.362068" lon="-4.786228"><ele>28.4</ele></trkpt>
    <trkpt lat="48.361982" lon="-4.786210"><ele>29.4</ele></trkpt>
    <trkpt lat="48.361897" lon="-4.786142"><ele>30.0</ele></trkpt>
    <trkpt lat="48.361835" lon="-4.785998"><ele>30.0</ele></trkpt>
    <trkpt lat="48.361730" lon="-4.785392"><ele>28.4</ele></trkpt>
    <trkpt lat="48.361963" lon="-4.784940"><ele>27.6</ele></trkpt>
    <trkpt lat="48.362022" lon="-4.784580"><ele>26.2</ele></trkpt>
    <trkpt lat="48.361875" lon="-4.783457"><ele>27.4</ele></trkpt>
    <trkpt lat="48.361858" lon="-4.783023"><ele>26.8</ele></trkpt>
    <trkpt lat="48.362055" lon="-4.782428"><ele>23.8</ele></trkpt>
    <trkpt lat="48.362088" lon="-4.782047"><ele>21.2</ele></trkpt>
    <trkpt lat="48.362227" lon="-4.781377"><ele>20.4</ele></trkpt>
    <trkpt lat="48.362402" lon="-4.780777"><ele>18.8</ele></trkpt>
    <trkpt lat="48.362503" lon="-4.780577"><ele>19.0</ele></trkpt>
    <trkpt lat="48.362580" lon="-4.780202"><ele>19.4</ele></trkpt>
    <trkpt lat="48.362652" lon="-4.780013"><ele>19.4</ele></trkpt>
    <trkpt lat="48.362840" lon="-4.779885"><ele>21.4</ele></trkpt>
    <trkpt lat="48.362908" lon="-4.779640"><ele>22.0</ele></trkpt>
    <trkpt lat="48.362887" lon="-4.779122"><ele>23.6</ele></trkpt>
    <trkpt lat="48.362978" lon="-4.778725"><ele>22.8</ele></trkpt>
    <trkpt lat="48.363045" lon="-4.778610"><ele>22.2</ele></trkpt>
    <trkpt lat="48.363198" lon="-4.778552"><ele>22.2</ele></trkpt>
    <trkpt lat="48.363372" lon="-4.778322"><ele>21.8</ele></trkpt>
    <trkpt lat="48.363628" lon="-4.778188"><ele>23.6</ele></trkpt>
    <trkpt lat="48.363667" lon="-4.777912"><ele>23.4</ele></trkpt>
    <trkpt lat="48.363740" lon="-4.777773"><ele>22.4</ele></trkpt>
    <trkpt lat="48.363800" lon="-4.777550"><ele>22.0</ele></trkpt>
    <trkpt lat="48.363857" lon="-4.777247"><ele>22.2</ele></trkpt>
    <trkpt lat="48.363870" lon="-4.776993"><ele>19.8</ele></trkpt>
    <trkpt lat="48.364023" lon="-4.776283"><ele>13.4</ele></trkpt>
    <trkpt lat="48.364005" lon="-4.775582"><ele>11.8</ele></trkpt>
    <trkpt lat="48.363903" lon="-4.775350"><ele>11.4</ele></trkpt>
    <trkpt lat="48.363882" lon="-4.775158"><ele>11.0</ele></trkpt>
    <trkpt lat="48.363917" lon="-4.774542"><ele>12.0</ele></trkpt>
    <trkpt lat="48.363895" lon="-4.774478"><ele>12.0</ele></trkpt>
    <trkpt lat="48.363798" lon="-4.774408"><ele>12.2</ele></trkpt>
    <trkpt lat="48.363727" lon="-4.774217"><ele>12.2</ele></trkpt>
    <trkpt lat="48.363527" lon="-4.773442"><ele>11.2</ele></trkpt>
    <trkpt lat="48.363450" lon="-4.772878"><ele>10.4</ele></trkpt>
    <trkpt lat="48.363470" lon="-4.772683"><ele>10.6</ele></trkpt>
    <trkpt lat="48.363662" lon="-4.772555"><ele>12.6</ele></trkpt>
    <trkpt lat="48.363993" lon="-4.772458"><ele>17.8</ele></trkpt>
    <trkpt lat="48.364018" lon="-4.772420"><ele>18.4</ele></trkpt>
    <trkpt lat="48.364220" lon="-4.770697"><ele>18.2</ele></trkpt>
    <trkpt lat="48.364202" lon="-4.770625"><ele>17.8</ele></trkpt>
    <trkpt lat="48.364060" lon="-4.770592"><ele>16.0</ele></trkpt>
    <trkpt lat="48.364028" lon="-4.770527"><ele>15.6</ele></trkpt>
    <trkpt lat="48.364070" lon="-4.769795"><ele>13.6</ele></trkpt>
    <trkpt lat="48.364397" lon="-4.768730"><ele>15.8</ele></trkpt>
    <trkpt lat="48.364507" lon="-4.768145"><ele>16.8</ele></trkpt>
    <trkpt lat="48.364525" lon="-4.767913"><ele>16.6</ele></trkpt>
    <trkpt lat="48.364502" lon="-4.767408"><ele>16.6</ele></trkpt>
    <trkpt lat="48.364457" lon="-4.767223"><ele>15.4</ele></trkpt>
    <trkpt lat="48.364335" lon="-4.767200"><ele>13.8</ele></trkpt>
    <trkpt lat="48.364090" lon="-4.767320"><ele>10.6</ele></trkpt>
    <trkpt lat="48.364045" lon="-4.767307"><ele>10.0</ele></trkpt>
    <trkpt lat="48.364030" lon="-4.767242"><ele>9.8</ele></trkpt>
    <trkpt lat="48.364280" lon="-4.765875"><ele>15.4</ele></trkpt>
    <trkpt lat="48.364283" lon="-4.765560"><ele>15.6</ele></trkpt>
    <trkpt lat="48.364232" lon="-4.765445"><ele>14.6</ele></trkpt>
    <trkpt lat="48.363858" lon="-4.765382"><ele>10.4</ele></trkpt>
    <trkpt lat="48.363775" lon="-4.765410"><ele>9.0</ele></trkpt>
    <trkpt lat="48.363695" lon="-4.765562"><ele>7.8</ele></trkpt>
    <trkpt lat="48.363675" lon="-4.765725"><ele>6.8</ele></trkpt>
    <trkpt lat="48.363698" lon="-4.765893"><ele>5.8</ele></trkpt>
    <trkpt lat="48.363630" lon="-4.766035"><ele>5.8</ele></trkpt>
    <trkpt lat="48.361758" lon="-4.767088"><ele>7.6</ele></trkpt>
    <trkpt lat="48.361788" lon="-4.767427"><ele>6.6</ele></trkpt>
    <trkpt lat="48.362003" lon="-4.767975"><ele>4.8</ele></trkpt>
    <trkpt lat="48.362072" lon="-4.768387"><ele>5.6</ele></trkpt>
    <trkpt lat="48.362022" lon="-4.768548"><ele>6.6</ele></trkpt>
    <trkpt lat="48.361918" lon="-4.769233"><ele>7.6</ele></trkpt>
    <trkpt lat="48.361720" lon="-4.769963"><ele>9.4</ele></trkpt>
    <trkpt lat="48.361735" lon="-4.771263"><ele>7.8</ele></trkpt>
    <trkpt lat="48.361675" lon="-4.771853"><ele>7.4</ele></trkpt>
    <trkpt lat="48.361615" lon="-4.772157"><ele>7.6</ele></trkpt>
    <trkpt lat="48.361607" lon="-4.772683"><ele>7.4</ele></trkpt>
    <trkpt lat="48.361548" lon="-4.772970"><ele>7.8</ele></trkpt>
    <trkpt lat="48.361273" lon="-4.773500"><ele>9.0</ele></trkpt>
    <trkpt lat="48.361232" lon="-4.773900"><ele>9.4</ele></trkpt>
    <trkpt lat="48.361168" lon="-4.774047"><ele>10.2</ele></trkpt>
    <trkpt lat="48.361170" lon="-4.774247"><ele>11.4</ele></trkpt>
    <trkpt lat="48.361307" lon="-4.774633"><ele>12.2</ele></trkpt>
    <trkpt lat="48.361333" lon="-4.774935"><ele>13.2</ele></trkpt>
    <trkpt lat="48.361153" lon="-4.775730"><ele>15.4</ele></trkpt>
    <trkpt lat="48.360960" lon="-4.776255"><ele>16.8</ele></trkpt>
    <trkpt lat="48.360935" lon="-4.776687"><ele>18.2</ele></trkpt>
    <trkpt lat="48.360857" lon="-4.776927"><ele>18.8</ele></trkpt>
    <trkpt lat="48.360483" lon="-4.777107"><ele>17.6</ele></trkpt>
    <trkpt lat="48.360033" lon="-4.777585"><ele>15.0</ele></trkpt>
    <trkpt lat="48.359748" lon="-4.778220"><ele>14.0</ele></trkpt>
    <trkpt lat="48.359533" lon="-4.778570"><ele>15.2</ele></trkpt>
    <trkpt lat="48.359405" lon="-4.778865"><ele>16.4</ele></trkpt>
    <trkpt lat="48.359350" lon="-4.778933"><ele>14.8</ele></trkpt>
    <trkpt lat="48.359240" lon="-4.778917"><ele>17.0</ele></trkpt>
    <trkpt lat="48.359133" lon="-4.778968"><ele>18.0</ele></trkpt>
    <trkpt lat="48.358912" lon="-4.779675"><ele>19.0</ele></trkpt>
    <trkpt lat="48.358748" lon="-4.779892"><ele>19.8</ele></trkpt>
    <trkpt lat="48.358440" lon="-4.779793"><ele>20.0</ele></trkpt>
    <trkpt lat="48.357892" lon="-4.779397"><ele>18.6</ele></trkpt>
    <trkpt lat="48.357583" lon="-4.779077"><ele>17.0</ele></trkpt>
    <trkpt lat="48.357262" lon="-4.778515"><ele>16.2</ele></trkpt>
    <trkpt lat="48.356893" lon="-4.778092"><ele>15.2</ele></trkpt>
    <trkpt lat="48.356847" lon="-4.777952"><ele>15.0</ele></trkpt>
    <trkpt lat="48.356827" lon="-4.777527"><ele>14.4</ele></trkpt>
    <trkpt lat="48.356788" lon="-4.777350"><ele>9.6</ele></trkpt>
    <trkpt lat="48.356612" lon="-4.777815"><ele>12.4</ele></trkpt>
    <trkpt lat="48.356528" lon="-4.777918"><ele>12.8</ele></trkpt>
    <trkpt lat="48.356048" lon="-4.778152"><ele>16.6</ele></trkpt>
    <trkpt lat="48.355428" lon="-4.778610"><ele>22.8</ele></trkpt>
    <trkpt lat="48.354343" lon="-4.779727"><ele>35.8</ele></trkpt>
    <trkpt lat="48.354263" lon="-4.779783"><ele>36.6</ele></trkpt>
    <trkpt lat="48.354072" lon="-4.779815"><ele>36.8</ele></trkpt>
    <trkpt lat="48.353900" lon="-4.779802"><ele>35.0</ele></trkpt>
    <trkpt lat="48.353757" lon="-4.779725"><ele>33.6</ele></trkpt>
    <trkpt lat="48.353555" lon="-4.779435"><ele>34.2</ele></trkpt>
    <trkpt lat="48.353357" lon="-4.778603"><ele>33.2</ele></trkpt>
    <trkpt lat="48.353250" lon="-4.778415"><ele>33.4</ele></trkpt>
    <trkpt lat="48.352815" lon="-4.777862"><ele>35.4</ele></trkpt>
    <trkpt lat="48.352577" lon="-4.777667"><ele>36.4</ele></trkpt>
    <trkpt lat="48.352272" lon="-4.777492"><ele>36.4</ele></trkpt>
    <trkpt lat="48.352160" lon="-4.777347"><ele>34.6</ele></trkpt>
    <trkpt lat="48.352160" lon="-4.776917"><ele>32.0</ele></trkpt>
    <trkpt lat="48.352213" lon="-4.776622"><ele>30.2</ele></trkpt>
    <trkpt lat="48.352013" lon="-4.776362"><ele>25.8</ele></trkpt>
    <trkpt lat="48.351952" lon="-4.776133"><ele>24.4</ele></trkpt>
    <trkpt lat="48.351972" lon="-4.775992"><ele>24.4</ele></trkpt>
    <trkpt lat="48.352120" lon="-4.775685"><ele>23.4</ele></trkpt>
    <trkpt lat="48.352057" lon="-4.775237"><ele>20.4</ele></trkpt>
    <trkpt lat="48.352115" lon="-4.774990"><ele>18.4</ele></trkpt>
    <trkpt lat="48.352067" lon="-4.774852"><ele>15.6</ele></trkpt>
    <trkpt lat="48.352012" lon="-4.774793"><ele>14.2</ele></trkpt>
    <trkpt lat="48.351860" lon="-4.774813"><ele>13.8</ele></trkpt>
    <trkpt lat="48.351728" lon="-4.774733"><ele>15.0</ele></trkpt>
    <trkpt lat="48.351562" lon="-4.774775"><ele>15.2</ele></trkpt>
    <trkpt lat="48.351397" lon="-4.774683"><ele>14.2</ele></trkpt>
    <trkpt lat="48.351293" lon="-4.774705"><ele>15.0</ele></trkpt>
    <trkpt lat="48.351277" lon="-4.774677"><ele>15.6</ele></trkpt>
    <trkpt lat="48.351315" lon="-4.774532"><ele>17.6</ele></trkpt>
    <trkpt lat="48.351292" lon="-4.774468"><ele>18.6</ele></trkpt>
    <trkpt lat="48.350930" lon="-4.774202"><ele>22.2</ele></trkpt>
    <trkpt lat="48.350853" lon="-4.774202"><ele>22.8</ele></trkpt>
    <trkpt lat="48.350630" lon="-4.774355"><ele>22.2</ele></trkpt>
    <trkpt lat="48.350500" lon="-4.774323"><ele>22.4</ele></trkpt>
    <trkpt lat="48.350438" lon="-4.774200"><ele>22.6</ele></trkpt>
    <trkpt lat="48.350370" lon="-4.773815"><ele>23.6</ele></trkpt>
    <trkpt lat="48.350288" lon="-4.773665"><ele>24.0</ele></trkpt>
    <trkpt lat="48.349658" lon="-4.773065"><ele>22.8</ele></trkpt>
    <trkpt lat="48.349450" lon="-4.772705"><ele>23.4</ele></trkpt>
    <trkpt lat="48.349197" lon="-4.772423"><ele>22.8</ele></trkpt>
    <trkpt lat="48.349140" lon="-4.772283"><ele>22.2</ele></trkpt>
    <trkpt lat="48.349087" lon="-4.772007"><ele>21.2</ele></trkpt>
    <trkpt lat="48.348995" lon="-4.771845"><ele>20.0</ele></trkpt>
    <trkpt lat="48.348812" lon="-4.771350"><ele>16.6</ele></trkpt>
    <trkpt lat="48.348807" lon="-4.771150"><ele>15.6</ele></trkpt>
    <trkpt lat="48.348603" lon="-4.771090"><ele>16.6</ele></trkpt>
    <trkpt lat="48.348470" lon="-4.770945"><ele>20.0</ele></trkpt>
    <trkpt lat="48.348292" lon="-4.770895"><ele>19.8</ele></trkpt>
    <trkpt lat="48.347987" lon="-4.770370"><ele>16.6</ele></trkpt>
    <trkpt lat="48.347860" lon="-4.770040"><ele>14.4</ele></trkpt>
    <trkpt lat="48.347718" lon="-4.769865"><ele>12.4</ele></trkpt>
    <trkpt lat="48.347645" lon="-4.769897"><ele>11.8</ele></trkpt>
    <trkpt lat="48.347560" lon="-4.770030"><ele>11.2</ele></trkpt>
    <trkpt lat="48.347450" lon="-4.769997"><ele>13.4</ele></trkpt>
    <trkpt lat="48.347323" lon="-4.769875"><ele>15.2</ele></trkpt>
    <trkpt lat="48.346615" lon="-4.769865"><ele>19.2</ele></trkpt>
    <trkpt lat="48.346243" lon="-4.770120"><ele>20.4</ele></trkpt>
    <trkpt lat="48.345932" lon="-4.770500"><ele>18.8</ele></trkpt>
    <trkpt lat="48.344818" lon="-4.771177"><ele>18.2</ele></trkpt>
    <trkpt lat="48.344743" lon="-4.771280"><ele>18.0</ele></trkpt>
    <trkpt lat="48.344380" lon="-4.771547"><ele>18.0</ele></trkpt>
    <trkpt lat="48.344190" lon="-4.771792"><ele>17.8</ele></trkpt>
    <trkpt lat="48.344038" lon="-4.771888"><ele>17.4</ele></trkpt>
    <trkpt lat="48.343770" lon="-4.771867"><ele>17.4</ele></trkpt>
    <trkpt lat="48.343557" lon="-4.771755"><ele>17.2</ele></trkpt>
    <trkpt lat="48.343393" lon="-4.771533"><ele>17.8</ele></trkpt>
    <trkpt lat="48.343265" lon="-4.771453"><ele>18.0</ele></trkpt>
    <trkpt lat="48.343252" lon="-4.771295"><ele>18.0</ele></trkpt>
    <trkpt lat="48.343165" lon="-4.771087"><ele>17.8</ele></trkpt>
    <trkpt lat="48.342967" lon="-4.771040"><ele>18.0</ele></trkpt>
    <trkpt lat="48.342782" lon="-4.771110"><ele>17.2</ele></trkpt>
    <trkpt lat="48.342555" lon="-4.771527"><ele>17.6</ele></trkpt>
    <trkpt lat="48.342470" lon="-4.771623"><ele>17.0</ele></trkpt>
    <trkpt lat="48.342132" lon="-4.771643"><ele>18.8</ele></trkpt>
    <trkpt lat="48.341925" lon="-4.771765"><ele>19.6</ele></trkpt>
    <trkpt lat="48.341755" lon="-4.771782"><ele>20.2</ele></trkpt>
    <trkpt lat="48.340910" lon="-4.772037"><ele>21.6</ele></trkpt>
    <trkpt lat="48.340812" lon="-4.772168"><ele>20.4</ele></trkpt>
    <trkpt lat="48.340633" lon="-4.772565"><ele>18.6</ele></trkpt>
    <trkpt lat="48.340510" lon="-4.772703"><ele>18.6</ele></trkpt>
    <trkpt lat="48.340102" lon="-4.772603"><ele>19.2</ele></trkpt>
    <trkpt lat="48.339888" lon="-4.772640"><ele>18.8</ele></trkpt>
    <trkpt lat="48.339758" lon="-4.772460"><ele>19.4</ele></trkpt>
    <trkpt lat="48.339662" lon="-4.772452"><ele>19.4</ele></trkpt>
    <trkpt lat="48.339610" lon="-4.772508"><ele>19.6</ele></trkpt>
    <trkpt lat="48.339602" lon="-4.772790"><ele>19.2</ele></trkpt>
    <trkpt lat="48.339497" lon="-4.773008"><ele>20.4</ele></trkpt>
    <trkpt lat="48.339417" lon="-4.773047"><ele>21.0</ele></trkpt>
    <trkpt lat="48.339302" lon="-4.773010"><ele>22.6</ele></trkpt>
    <trkpt lat="48.339225" lon="-4.773058"><ele>23.4</ele></trkpt>
    <trkpt lat="48.339070" lon="-4.773355"><ele>21.2</ele></trkpt>
    <trkpt lat="48.338795" lon="-4.773513"><ele>20.6</ele></trkpt>
    <trkpt lat="48.338707" lon="-4.773810"><ele>20.2</ele></trkpt>
    <trkpt lat="48.338590" lon="-4.773947"><ele>19.8</ele></trkpt>
    <trkpt lat="48.338262" lon="-4.774095"><ele>20.6</ele></trkpt>
    <trkpt lat="48.338070" lon="-4.774293"><ele>20.4</ele></trkpt>
    <trkpt lat="48.337803" lon="-4.774388"><ele>20.8</ele></trkpt>
    <trkpt lat="48.337688" lon="-4.774360"><ele>20.6</ele></trkpt>
    <trkpt lat="48.337568" lon="-4.774172"><ele>22.8</ele></trkpt>
    <trkpt lat="48.337352" lon="-4.774182"><ele>25.4</ele></trkpt>
    <trkpt lat="48.337168" lon="-4.774322"><ele>25.8</ele></trkpt>
    <trkpt lat="48.336872" lon="-4.774695"><ele>23.4</ele></trkpt>
    <trkpt lat="48.336538" lon="-4.774940"><ele>21.4</ele></trkpt>
    <trkpt lat="48.336417" lon="-4.774930"><ele>21.4</ele></trkpt>
    <trkpt lat="48.336345" lon="-4.774862"><ele>21.8</ele></trkpt>
    <trkpt lat="48.336328" lon="-4.774445"><ele>22.4</ele></trkpt>
    <trkpt lat="48.336258" lon="-4.774273"><ele>21.8</ele></trkpt>
    <trkpt lat="48.336160" lon="-4.774215"><ele>22.0</ele></trkpt>
    <trkpt lat="48.336003" lon="-4.774275"><ele>20.4</ele></trkpt>
    <trkpt lat="48.335955" lon="-4.774255"><ele>19.8</ele></trkpt>
    <trkpt lat="48.335982" lon="-4.773782"><ele>21.4</ele></trkpt>
    <trkpt lat="48.335822" lon="-4.773498"><ele>21.6</ele></trkpt>
    <trkpt lat="48.335700" lon="-4.773393"><ele>20.8</ele></trkpt>
    <trkpt lat="48.335667" lon="-4.773285"><ele>20.6</ele></trkpt>
    <trkpt lat="48.335655" lon="-4.772915"><ele>21.2</ele></trkpt>
    <trkpt lat="48.335690" lon="-4.772605"><ele>20.8</ele></trkpt>
    <trkpt lat="48.335613" lon="-4.772363"><ele>19.6</ele></trkpt>
    <trkpt lat="48.335517" lon="-4.771520"><ele>12.2</ele></trkpt>
    <trkpt lat="48.335410" lon="-4.771328"><ele>11.0</ele></trkpt>
    <trkpt lat="48.335225" lon="-4.771230"><ele>9.8</ele></trkpt>
    <trkpt lat="48.335048" lon="-4.771247"><ele>13.0</ele></trkpt>
    <trkpt lat="48.334850" lon="-4.771377"><ele>15.6</ele></trkpt>
    <trkpt lat="48.334620" lon="-4.771610"><ele>17.0</ele></trkpt>
    <trkpt lat="48.334490" lon="-4.771675"><ele>17.6</ele></trkpt>
    <trkpt lat="48.334358" lon="-4.771660"><ele>18.8</ele></trkpt>
    <trkpt lat="48.334183" lon="-4.771488"><ele>21.2</ele></trkpt>
    <trkpt lat="48.334093" lon="-4.771453"><ele>22.0</ele></trkpt>
    <trkpt lat="48.333803" lon="-4.771533"><ele>23.8</ele></trkpt>
    <trkpt lat="48.333507" lon="-4.771488"><ele>25.2</ele></trkpt>
    <trkpt lat="48.333240" lon="-4.771600"><ele>23.0</ele></trkpt>
    <trkpt lat="48.332948" lon="-4.771818"><ele>23.2</ele></trkpt>
    <trkpt lat="48.332678" lon="-4.771910"><ele>23.0</ele></trkpt>
    <trkpt lat="48.332455" lon="-4.772315"><ele>21.0</ele></trkpt>
    <trkpt lat="48.332272" lon="-4.772502"><ele>18.4</ele></trkpt>
    <trkpt lat="48.331858" lon="-4.773052"><ele>18.8</ele></trkpt>
    <trkpt lat="48.331847" lon="-4.773283"><ele>17.8</ele></trkpt>
    <trkpt lat="48.331773" lon="-4.773460"><ele>17.0</ele></trkpt>
    <trkpt lat="48.331675" lon="-4.773533"><ele>16.6</ele></trkpt>
    <trkpt lat="48.331577" lon="-4.773548"><ele>17.0</ele></trkpt>
    <trkpt lat="48.331317" lon="-4.773493"><ele>18.2</ele></trkpt>
    <trkpt lat="48.331110" lon="-4.773508"><ele>18.6</ele></trkpt>
    <trkpt lat="48.330900" lon="-4.773278"><ele>22.0</ele></trkpt>
    <trkpt lat="48.330872" lon="-4.773283"><ele>22.2</ele></trkpt>
    <trkpt lat="48.330825" lon="-4.773415"><ele>22.2</ele></trkpt>
    <trkpt lat="48.330777" lon="-4.773433"><ele>22.4</ele></trkpt>
    <trkpt lat="48.330590" lon="-4.773370"><ele>23.8</ele></trkpt>
    <trkpt lat="48.330520" lon="-4.773272"><ele>24.0</ele></trkpt>
    <trkpt lat="48.330490" lon="-4.773143"><ele>23.6</ele></trkpt>
    <trkpt lat="48.330273" lon="-4.772793"><ele>21.2</ele></trkpt>
    <trkpt lat="48.330320" lon="-4.772508"><ele>19.6</ele></trkpt>
    <trkpt lat="48.330422" lon="-4.772225"><ele>20.0</ele></trkpt>
    <trkpt lat="48.330407" lon="-4.772120"><ele>20.6</ele></trkpt>
    <trkpt lat="48.330265" lon="-4.772008"><ele>24.0</ele></trkpt>
    <trkpt lat="48.329822" lon="-4.772073"><ele>27.8</ele></trkpt>
    <trkpt lat="48.329618" lon="-4.771775"><ele>28.2</ele></trkpt>
    <trkpt lat="48.329592" lon="-4.771673"><ele>28.2</ele></trkpt>
    <trkpt lat="48.329647" lon="-4.771035"><ele>28.4</ele></trkpt>
    <trkpt lat="48.329562" lon="-4.770618"><ele>29.6</ele></trkpt>
    <trkpt lat="48.329667" lon="-4.770180"><ele>29.0</ele></trkpt>
    <trkpt lat="48.329788" lon="-4.769428"><ele>26.6</ele></trkpt>
    <trkpt lat="48.329767" lon="-4.769357"><ele>26.2</ele></trkpt>
    <trkpt lat="48.329633" lon="-4.769193"><ele>26.2</ele></trkpt>
    <trkpt lat="48.329270" lon="-4.768860"><ele>26.4</ele></trkpt>
    <trkpt lat="48.329052" lon="-4.768603"><ele>27.0</ele></trkpt>
    <trkpt lat="48.328940" lon="-4.768430"><ele>26.2</ele></trkpt>
    <trkpt lat="48.328895" lon="-4.768278"><ele>26.0</ele></trkpt>
    <trkpt lat="48.328887" lon="-4.768032"><ele>25.6</ele></trkpt>
    <trkpt lat="48.328973" lon="-4.767630"><ele>25.8</ele></trkpt>
    <trkpt lat="48.329078" lon="-4.767422"><ele>25.0</ele></trkpt>
    <trkpt lat="48.329230" lon="-4.767228"><ele>24.6</ele></trkpt>
    <trkpt lat="48.329337" lon="-4.766998"><ele>24.2</ele></trkpt>
    <trkpt lat="48.329357" lon="-4.766847"><ele>24.6</ele></trkpt>
    <trkpt lat="48.329325" lon="-4.766592"><ele>24.8</ele></trkpt>
    <trkpt lat="48.329220" lon="-4.766508"><ele>25.6</ele></trkpt>
    <trkpt lat="48.329108" lon="-4.766518"><ele>25.8</ele></trkpt>
    <trkpt lat="48.328808" lon="-4.766682"><ele>25.8</ele></trkpt>
    <trkpt lat="48.328652" lon="-4.766812"><ele>24.4</ele></trkpt>
    <trkpt lat="48.328595" lon="-4.766822"><ele>23.4</ele></trkpt>
    <trkpt lat="48.328565" lon="-4.766758"><ele>23.0</ele></trkpt>
    <trkpt lat="48.328535" lon="-4.766465"><ele>23.6</ele></trkpt>
    <trkpt lat="48.328550" lon="-4.766280"><ele>25.0</ele></trkpt>
    <trkpt lat="48.328485" lon="-4.765833"><ele>25.4</ele></trkpt>
    <trkpt lat="48.328502" lon="-4.765495"><ele>25.2</ele></trkpt>
    <trkpt lat="48.328452" lon="-4.764978"><ele>20.6</ele></trkpt>
    <trkpt lat="48.328572" lon="-4.764703"><ele>18.2</ele></trkpt>
    <trkpt lat="48.328550" lon="-4.764643"><ele>18.2</ele></trkpt>
    <trkpt lat="48.328427" lon="-4.764560"><ele>20.0</ele></trkpt>
    <trkpt lat="48.328352" lon="-4.764388"><ele>21.6</ele></trkpt>
    <trkpt lat="48.328383" lon="-4.763448"><ele>24.8</ele></trkpt>
    <trkpt lat="48.328353" lon="-4.762680"><ele>23.8</ele></trkpt>
    <trkpt lat="48.328247" lon="-4.762282"><ele>24.0</ele></trkpt>
    <trkpt lat="48.328237" lon="-4.762082"><ele>25.6</ele></trkpt>
    <trkpt lat="48.328330" lon="-4.761673"><ele>29.2</ele></trkpt>
    <trkpt lat="48.328398" lon="-4.761122"><ele>27.0</ele></trkpt>
    <trkpt lat="48.328555" lon="-4.760832"><ele>24.8</ele></trkpt>
    <trkpt lat="48.328653" lon="-4.760483"><ele>24.8</ele></trkpt>
    <trkpt lat="48.328797" lon="-4.759633"><ele>27.2</ele></trkpt>
    <trkpt lat="48.328813" lon="-4.758590"><ele>29.8</ele></trkpt>
    <trkpt lat="48.328918" lon="-4.757862"><ele>30.6</ele></trkpt>
    <trkpt lat="48.328942" lon="-4.757280"><ele>30.6</ele></trkpt>
    <trkpt lat="48.329002" lon="-4.756800"><ele>30.0</ele></trkpt>
    <trkpt lat="48.328933" lon="-4.756250"><ele>26.6</ele></trkpt>
    <trkpt lat="48.328940" lon="-4.755977"><ele>26.6</ele></trkpt>
    <trkpt lat="48.329058" lon="-4.755208"><ele>27.0</ele></trkpt>
    <trkpt lat="48.329137" lon="-4.755030"><ele>27.0</ele></trkpt>
    <trkpt lat="48.329295" lon="-4.754842"><ele>26.4</ele></trkpt>
    <trkpt lat="48.329490" lon="-4.754522"><ele>25.8</ele></trkpt>
    <trkpt lat="48.329565" lon="-4.754330"><ele>25.8</ele></trkpt>
    <trkpt lat="48.329662" lon="-4.753788"><ele>23.6</ele></trkpt>
    <trkpt lat="48.329900" lon="-4.753728"><ele>21.6</ele></trkpt>
    <trkpt lat="48.330187" lon="-4.753807"><ele>21.0</ele></trkpt>
    <trkpt lat="48.330365" lon="-4.753738"><ele>20.6</ele></trkpt>
    <trkpt lat="48.330392" lon="-4.753570"><ele>16.0</ele></trkpt>
    <trkpt lat="48.330287" lon="-4.753335"><ele>13.0</ele></trkpt>
    <trkpt lat="48.330307" lon="-4.753112"><ele>12.4</ele></trkpt>
    <trkpt lat="48.330347" lon="-4.753015"><ele>13.6</ele></trkpt>
    <trkpt lat="48.330527" lon="-4.752840"><ele>18.6</ele></trkpt>
    <trkpt lat="48.330535" lon="-4.752792"><ele>19.2</ele></trkpt>
    <trkpt lat="48.330088" lon="-4.752442"><ele>21.2</ele></trkpt>
    <trkpt lat="48.330048" lon="-4.752385"><ele>21.0</ele></trkpt>
    <trkpt lat="48.330028" lon="-4.752268"><ele>21.0</ele></trkpt>
    <trkpt lat="48.330040" lon="-4.751853"><ele>21.4</ele></trkpt>
    <trkpt lat="48.330087" lon="-4.751490"><ele>22.6</ele></trkpt>
    <trkpt lat="48.330068" lon="-4.751358"><ele>23.4</ele></trkpt>
    <trkpt lat="48.329983" lon="-4.751137"><ele>24.0</ele></trkpt>
    <trkpt lat="48.330053" lon="-4.750792"><ele>25.4</ele></trkpt>
    <trkpt lat="48.330042" lon="-4.749963"><ele>30.4</ele></trkpt>
    <trkpt lat="48.329963" lon="-4.749333"><ele>34.2</ele></trkpt>
    <trkpt lat="48.329817" lon="-4.748743"><ele>35.8</ele></trkpt>
    <trkpt lat="48.329793" lon="-4.748532"><ele>36.2</ele></trkpt>
    <trkpt lat="48.329912" lon="-4.747547"><ele>38.4</ele></trkpt>
    <trkpt lat="48.329930" lon="-4.747035"><ele>37.0</ele></trkpt>
    <trkpt lat="48.329978" lon="-4.746710"><ele>37.0</ele></trkpt>
    <trkpt lat="48.330242" lon="-4.746048"><ele>41.2</ele></trkpt>
    <trkpt lat="48.330400" lon="-4.745790"><ele>40.2</ele></trkpt>
    <trkpt lat="48.330413" lon="-4.745362"><ele>34.4</ele></trkpt>
    <trkpt lat="48.330568" lon="-4.745000"><ele>30.2</ele></trkpt>
    <trkpt lat="48.330727" lon="-4.744380"><ele>21.4</ele></trkpt>
    <trkpt lat="48.330775" lon="-4.744342"><ele>20.6</ele></trkpt>
    <trkpt lat="48.330883" lon="-4.744367"><ele>19.8</ele></trkpt>
    <trkpt lat="48.331150" lon="-4.744580"><ele>18.2</ele></trkpt>
    <trkpt lat="48.331332" lon="-4.744652"><ele>17.6</ele></trkpt>
    <trkpt lat="48.331700" lon="-4.744555"><ele>18.6</ele></trkpt>
    <trkpt lat="48.331697" lon="-4.744463"><ele>18.6</ele></trkpt>
    <trkpt lat="48.331602" lon="-4.744320"><ele>19.0</ele></trkpt>
    <trkpt lat="48.331542" lon="-4.744098"><ele>21.6</ele></trkpt>
    <trkpt lat="48.331517" lon="-4.743880"><ele>25.2</ele></trkpt>
    <trkpt lat="48.331530" lon="-4.743665"><ele>28.2</ele></trkpt>
    <trkpt lat="48.331628" lon="-4.743097"><ele>34.8</ele></trkpt>
    <trkpt lat="48.331687" lon="-4.742917"><ele>36.4</ele></trkpt>
    <trkpt lat="48.331902" lon="-4.742498"><ele>39.6</ele></trkpt>
    <trkpt lat="48.332117" lon="-4.742163"><ele>40.4</ele></trkpt>
    <trkpt lat="48.332128" lon="-4.741898"><ele>42.2</ele></trkpt>
    <trkpt lat="48.332063" lon="-4.741587"><ele>43.8</ele></trkpt>
    <trkpt lat="48.332063" lon="-4.741407"><ele>42.6</ele></trkpt>
    <trkpt lat="48.332268" lon="-4.740588"><ele>42.0</ele></trkpt>
    <trkpt lat="48.332305" lon="-4.740303"><ele>42.6</ele></trkpt>
    <trkpt lat="48.332293" lon="-4.739955"><ele>39.2</ele></trkpt>
    <trkpt lat="48.332385" lon="-4.739540"><ele>39.6</ele></trkpt>
    <trkpt lat="48.332550" lon="-4.739258"><ele>40.2</ele></trkpt>
    <trkpt lat="48.332697" lon="-4.739220"><ele>41.4</ele></trkpt>
    <trkpt lat="48.333317" lon="-4.738903"><ele>39.6</ele></trkpt>
    <trkpt lat="48.333380" lon="-4.738642"><ele>36.4</ele></trkpt>
    <trkpt lat="48.333432" lon="-4.738583"><ele>36.2</ele></trkpt>
    <trkpt lat="48.333695" lon="-4.738637"><ele>36.0</ele></trkpt>
    <trkpt lat="48.333717" lon="-4.738595"><ele>35.2</ele></trkpt>
    <trkpt lat="48.333692" lon="-4.738387"><ele>32.0</ele></trkpt>
    <trkpt lat="48.333767" lon="-4.738283"><ele>31.0</ele></trkpt>
    <trkpt lat="48.333745" lon="-4.738177"><ele>30.2</ele></trkpt>
    <trkpt lat="48.333562" lon="-4.737997"><ele>29.8</ele></trkpt>
    <trkpt lat="48.333452" lon="-4.737998"><ele>31.4</ele></trkpt>
    <trkpt lat="48.333252" lon="-4.737910"><ele>33.2</ele></trkpt>
    <trkpt lat="48.333072" lon="-4.737670"><ele>28.6</ele></trkpt>
    <trkpt lat="48.333112" lon="-4.737505"><ele>27.2</ele></trkpt>
    <trkpt lat="48.333253" lon="-4.737260"><ele>23.0</ele></trkpt>
    <trkpt lat="48.333325" lon="-4.737205"><ele>19.6</ele></trkpt>
    <trkpt lat="48.333260" lon="-4.737067"><ele>15.8</ele></trkpt>
    <trkpt lat="48.333325" lon="-4.736880"><ele>14.6</ele></trkpt>
    <trkpt lat="48.333315" lon="-4.736678"><ele>14.0</ele></trkpt>
    <trkpt lat="48.333658" lon="-4.736087"><ele>15.2</ele></trkpt>
    <trkpt lat="48.333678" lon="-4.735780"><ele>15.2</ele></trkpt>
    <trkpt lat="48.333730" lon="-4.735640"><ele>15.4</ele></trkpt>
    <trkpt lat="48.333817" lon="-4.735527"><ele>16.4</ele></trkpt>
    <trkpt lat="48.334203" lon="-4.735210"><ele>19.6</ele></trkpt>
    <trkpt lat="48.335408" lon="-4.733678"><ele>26.2</ele></trkpt>
    <trkpt lat="48.335653" lon="-4.733028"><ele>31.8</ele></trkpt>
    <trkpt lat="48.335910" lon="-4.732552"><ele>37.0</ele></trkpt>
    <trkpt lat="48.336035" lon="-4.731918"><ele>40.0</ele></trkpt>
    <trkpt lat="48.336048" lon="-4.731687"><ele>41.0</ele></trkpt>
    <trkpt lat="48.336242" lon="-4.730870"><ele>45.6</ele></trkpt>
    <trkpt lat="48.336138" lon="-4.729865"><ele>47.6</ele></trkpt>
    <trkpt lat="48.336095" lon="-4.729727"><ele>48.0</ele></trkpt>
    <trkpt lat="48.336037" lon="-4.729667"><ele>47.8</ele></trkpt>
    <trkpt lat="48.335723" lon="-4.729605"><ele>48.6</ele></trkpt>
    <trkpt lat="48.335050" lon="-4.729347"><ele>49.8</ele></trkpt>
    <trkpt lat="48.333132" lon="-4.728442"><ele>55.8</ele></trkpt>
    <trkpt lat="48.332580" lon="-4.728338"><ele>54.0</ele></trkpt>
    <trkpt lat="48.331833" lon="-4.728337"><ele>52.6</ele></trkpt>
    <trkpt lat="48.331357" lon="-4.728415"><ele>52.4</ele></trkpt>
    <trkpt lat="48.331238" lon="-4.728607"><ele>52.2</ele></trkpt>
    <trkpt lat="48.331298" lon="-4.728942"><ele>51.0</ele></trkpt>
    <trkpt lat="48.331392" lon="-4.729240"><ele>48.2</ele></trkpt>
    <trkpt lat="48.331393" lon="-4.729382"><ele>47.4</ele></trkpt>
    <trkpt lat="48.331328" lon="-4.729675"><ele>46.6</ele></trkpt>
    <trkpt lat="48.331225" lon="-4.729757"><ele>45.8</ele></trkpt>
    <trkpt lat="48.331153" lon="-4.729717"><ele>45.4</ele></trkpt>
    <trkpt lat="48.330862" lon="-4.729138"><ele>39.6</ele></trkpt>
    <trkpt lat="48.330610" lon="-4.728775"><ele>38.0</ele></trkpt>
    <trkpt lat="48.330540" lon="-4.728520"><ele>36.0</ele></trkpt>
    <trkpt lat="48.330510" lon="-4.727778"><ele>34.6</ele></trkpt>
    <trkpt lat="48.330712" lon="-4.727260"><ele>31.4</ele></trkpt>
    <trkpt lat="48.330753" lon="-4.726912"><ele>30.4</ele></trkpt>
    <trkpt lat="48.330688" lon="-4.726235"><ele>24.2</ele></trkpt>
    <trkpt lat="48.330523" lon="-4.725977"><ele>23.8</ele></trkpt>
    <trkpt lat="48.330490" lon="-4.725835"><ele>25.6</ele></trkpt>
    <trkpt lat="48.330517" lon="-4.725778"><ele>26.8</ele></trkpt>
    <trkpt lat="48.330637" lon="-4.725710"><ele>29.6</ele></trkpt>
    <trkpt lat="48.330757" lon="-4.725083"><ele>35.6</ele></trkpt>
    <trkpt lat="48.330707" lon="-4.724867"><ele>35.4</ele></trkpt>
    <trkpt lat="48.330712" lon="-4.724770"><ele>35.4</ele></trkpt>
    <trkpt lat="48.330653" lon="-4.724670"><ele>34.0</ele></trkpt>
    <trkpt lat="48.330505" lon="-4.724192"><ele>26.4</ele></trkpt>
    <trkpt lat="48.330533" lon="-4.724028"><ele>25.2</ele></trkpt>
    <trkpt lat="48.330647" lon="-4.723850"><ele>26.2</ele></trkpt>
    <trkpt lat="48.330322" lon="-4.723432"><ele>29.6</ele></trkpt>
    <trkpt lat="48.330287" lon="-4.723128"><ele>29.6</ele></trkpt>
    <trkpt lat="48.330303" lon="-4.722940"><ele>31.0</ele></trkpt>
    <trkpt lat="48.330468" lon="-4.722450"><ele>33.6</ele></trkpt>
    <trkpt lat="48.330603" lon="-4.721822"><ele>30.2</ele></trkpt>
    <trkpt lat="48.330593" lon="-4.721680"><ele>30.8</ele></trkpt>
    <trkpt lat="48.330497" lon="-4.721543"><ele>30.6</ele></trkpt>
    <trkpt lat="48.330467" lon="-4.721425"><ele>30.2</ele></trkpt>
    <trkpt lat="48.330500" lon="-4.721110"><ele>29.6</ele></trkpt>
    <trkpt lat="48.330808" lon="-4.720518"><ele>30.2</ele></trkpt>
    <trkpt lat="48.330947" lon="-4.720122"><ele>28.4</ele></trkpt>
    <trkpt lat="48.330923" lon="-4.719988"><ele>27.2</ele></trkpt>
    <trkpt lat="48.330782" lon="-4.719855"><ele>24.6</ele></trkpt>
    <trkpt lat="48.330745" lon="-4.719747"><ele>24.4</ele></trkpt>
    <trkpt lat="48.330815" lon="-4.719262"><ele>22.2</ele></trkpt>
    <trkpt lat="48.330895" lon="-4.719008"><ele>20.8</ele></trkpt>
    <trkpt lat="48.330942" lon="-4.718950"><ele>21.4</ele></trkpt>
    <trkpt lat="48.330963" lon="-4.718512"><ele>13.8</ele></trkpt>
    <trkpt lat="48.331015" lon="-4.718408"><ele>14.4</ele></trkpt>
    <trkpt lat="48.331167" lon="-4.718282"><ele>17.0</ele></trkpt>
    <trkpt lat="48.331268" lon="-4.718095"><ele>19.2</ele></trkpt>
    <trkpt lat="48.331270" lon="-4.718017"><ele>19.4</ele></trkpt>
    <trkpt lat="48.331217" lon="-4.717863"><ele>20.6</ele></trkpt>
    <trkpt lat="48.331320" lon="-4.717640"><ele>22.4</ele></trkpt>
    <trkpt lat="48.331372" lon="-4.717427"><ele>25.0</ele></trkpt>
    <trkpt lat="48.331353" lon="-4.717277"><ele>27.0</ele></trkpt>
    <trkpt lat="48.331378" lon="-4.717122"><ele>30.6</ele></trkpt>
    <trkpt lat="48.331348" lon="-4.717035"><ele>34.6</ele></trkpt>
    <trkpt lat="48.331287" lon="-4.716987"><ele>36.8</ele></trkpt>
    <trkpt lat="48.331068" lon="-4.716958"><ele>42.0</ele></trkpt>
    <trkpt lat="48.330950" lon="-4.717060"><ele>42.4</ele></trkpt>
    <trkpt lat="48.330812" lon="-4.717323"><ele>40.0</ele></trkpt>
    <trkpt lat="48.330538" lon="-4.717503"><ele>35.0</ele></trkpt>
    <trkpt lat="48.330153" lon="-4.716783"><ele>33.2</ele></trkpt>
    <trkpt lat="48.330070" lon="-4.716515"><ele>32.8</ele></trkpt>
    <trkpt lat="48.330640" lon="-4.715683"><ele>37.0</ele></trkpt>
    <trkpt lat="48.330815" lon="-4.715237"><ele>39.4</ele></trkpt>
    <trkpt lat="48.330802" lon="-4.715035"><ele>37.8</ele></trkpt>
    <trkpt lat="48.330628" lon="-4.714398"><ele>35.8</ele></trkpt>
    <trkpt lat="48.330640" lon="-4.714252"><ele>35.4</ele></trkpt>
    <trkpt lat="48.330690" lon="-4.714162"><ele>35.4</ele></trkpt>
    <trkpt lat="48.330835" lon="-4.714058"><ele>36.2</ele></trkpt>
    <trkpt lat="48.331080" lon="-4.713967"><ele>36.6</ele></trkpt>
    <trkpt lat="48.332037" lon="-4.713770"><ele>44.4</ele></trkpt>
    <trkpt lat="48.332152" lon="-4.713713"><ele>45.4</ele></trkpt>
    <trkpt lat="48.332227" lon="-4.713592"><ele>45.8</ele></trkpt>
    <trkpt lat="48.332212" lon="-4.713293"><ele>46.4</ele></trkpt>
    <trkpt lat="48.332128" lon="-4.712997"><ele>46.2</ele></trkpt>
    <trkpt lat="48.332017" lon="-4.712893"><ele>46.0</ele></trkpt>
    <trkpt lat="48.331797" lon="-4.712827"><ele>44.0</ele></trkpt>
    <trkpt lat="48.331743" lon="-4.712732"><ele>43.4</ele></trkpt>
    <trkpt lat="48.331713" lon="-4.712550"><ele>42.8</ele></trkpt>
    <trkpt lat="48.331718" lon="-4.712117"><ele>45.8</ele></trkpt>
    <trkpt lat="48.331683" lon="-4.711897"><ele>47.8</ele></trkpt>
    <trkpt lat="48.331717" lon="-4.711673"><ele>44.6</ele></trkpt>
    <trkpt lat="48.331620" lon="-4.711375"><ele>44.0</ele></trkpt>
    <trkpt lat="48.331585" lon="-4.711028"><ele>43.6</ele></trkpt>
    <trkpt lat="48.331460" lon="-4.710693"><ele>43.6</ele></trkpt>
    <trkpt lat="48.331448" lon="-4.710532"><ele>43.6</ele></trkpt>
    <trkpt lat="48.331495" lon="-4.709888"><ele>43.0</ele></trkpt>
    <trkpt lat="48.331630" lon="-4.709620"><ele>44.0</ele></trkpt>
    <trkpt lat="48.331997" lon="-4.709345"><ele>43.4</ele></trkpt>
    <trkpt lat="48.332077" lon="-4.709053"><ele>39.8</ele></trkpt>
    <trkpt lat="48.332138" lon="-4.708493"><ele>36.4</ele></trkpt>
    <trkpt lat="48.332305" lon="-4.708243"><ele>32.8</ele></trkpt>
    <trkpt lat="48.332538" lon="-4.708152"><ele>26.8</ele></trkpt>
    <trkpt lat="48.332743" lon="-4.708182"><ele>25.8</ele></trkpt>
    <trkpt lat="48.333320" lon="-4.708120"><ele>23.6</ele></trkpt>
    <trkpt lat="48.333890" lon="-4.707765"><ele>23.6</ele></trkpt>
    <trkpt lat="48.334118" lon="-4.707825"><ele>25.8</ele></trkpt>
    <trkpt lat="48.334222" lon="-4.707223"><ele>22.6</ele></trkpt>
    <trkpt lat="48.334333" lon="-4.707078"><ele>23.8</ele></trkpt>
    <trkpt lat="48.334503" lon="-4.707288"><ele>25.6</ele></trkpt>
    <trkpt lat="48.334550" lon="-4.707453"><ele>27.2</ele></trkpt>
    <trkpt lat="48.334642" lon="-4.707617"><ele>28.8</ele></trkpt>
    <trkpt lat="48.334677" lon="-4.707828"><ele>29.8</ele></trkpt>
    <trkpt lat="48.334657" lon="-4.707897"><ele>30.2</ele></trkpt>
    <trkpt lat="48.334682" lon="-4.708070"><ele>31.4</ele></trkpt>
    <trkpt lat="48.334670" lon="-4.708225"><ele>33.4</ele></trkpt>
    <trkpt lat="48.334613" lon="-4.708325"><ele>34.8</ele></trkpt>
    <trkpt lat="48.334442" lon="-4.709220"><ele>40.6</ele></trkpt>
    <trkpt lat="48.334477" lon="-4.709363"><ele>40.4</ele></trkpt>
    <trkpt lat="48.334960" lon="-4.709520"><ele>42.0</ele></trkpt>
    <trkpt lat="48.335167" lon="-4.709523"><ele>43.4</ele></trkpt>
    <trkpt lat="48.335963" lon="-4.709718"><ele>47.4</ele></trkpt>
    <trkpt lat="48.336008" lon="-4.709692"><ele>47.8</ele></trkpt>
    <trkpt lat="48.336077" lon="-4.709380"><ele>48.0</ele></trkpt>
    <trkpt lat="48.336330" lon="-4.707667"><ele>43.2</ele></trkpt>
    <trkpt lat="48.336438" lon="-4.707212"><ele>41.6</ele></trkpt>
    <trkpt lat="48.336635" lon="-4.705768"><ele>36.2</ele></trkpt>
    <trkpt lat="48.336533" lon="-4.704490"><ele>30.8</ele></trkpt>
    <trkpt lat="48.336550" lon="-4.703892"><ele>29.0</ele></trkpt>
    <trkpt lat="48.336505" lon="-4.703623"><ele>28.2</ele></trkpt>
    <trkpt lat="48.336623" lon="-4.702827"><ele>25.2</ele></trkpt>
    <trkpt lat="48.336727" lon="-4.702392"><ele>22.6</ele></trkpt>
    <trkpt lat="48.337112" lon="-4.701882"><ele>23.6</ele></trkpt>
    <trkpt lat="48.337172" lon="-4.701758"><ele>23.6</ele></trkpt>
    <trkpt lat="48.337167" lon="-4.701152"><ele>23.2</ele></trkpt>
    <trkpt lat="48.337080" lon="-4.700622"><ele>23.2</ele></trkpt>
    <trkpt lat="48.337270" lon="-4.699768"><ele>22.6</ele></trkpt>
    <trkpt lat="48.337387" lon="-4.699610"><ele>21.8</ele></trkpt>
    <trkpt lat="48.337542" lon="-4.699593"><ele>22.4</ele></trkpt>
    <trkpt lat="48.337647" lon="-4.699505"><ele>22.6</ele></trkpt>
    <trkpt lat="48.337745" lon="-4.699348"><ele>22.4</ele></trkpt>
    <trkpt lat="48.337767" lon="-4.699050"><ele>19.4</ele></trkpt>
    <trkpt lat="48.337812" lon="-4.698940"><ele>18.0</ele></trkpt>
    <trkpt lat="48.337958" lon="-4.698710"><ele>15.0</ele></trkpt>
    <trkpt lat="48.338242" lon="-4.698452"><ele>14.8</ele></trkpt>
    <trkpt lat="48.338330" lon="-4.698440"><ele>14.6</ele></trkpt>
    <trkpt lat="48.338573" lon="-4.698760"><ele>15.2</ele></trkpt>
    <trkpt lat="48.338633" lon="-4.698787"><ele>13.6</ele></trkpt>
    <trkpt lat="48.338923" lon="-4.699298"><ele>14.0</ele></trkpt>
    <trkpt lat="48.338963" lon="-4.699525"><ele>14.6</ele></trkpt>
    <trkpt lat="48.338952" lon="-4.699680"><ele>15.2</ele></trkpt>
    <trkpt lat="48.338707" lon="-4.700103"><ele>17.8</ele></trkpt>
    <trkpt lat="48.338693" lon="-4.700290"><ele>18.8</ele></trkpt>
    <trkpt lat="48.338733" lon="-4.700353"><ele>18.6</ele></trkpt>
    <trkpt lat="48.338920" lon="-4.700425"><ele>17.2</ele></trkpt>
    <trkpt lat="48.338997" lon="-4.700498"><ele>16.0</ele></trkpt>
    <trkpt lat="48.339090" lon="-4.700777"><ele>13.6</ele></trkpt>
    <trkpt lat="48.339392" lon="-4.701328"><ele>9.8</ele></trkpt>
    <trkpt lat="48.339405" lon="-4.701477"><ele>9.4</ele></trkpt>
    <trkpt lat="48.339320" lon="-4.701780"><ele>9.8</ele></trkpt>
    <trkpt lat="48.339602" lon="-4.702108"><ele>10.2</ele></trkpt>
    <trkpt lat="48.339607" lon="-4.702435"><ele>0.0</ele></trkpt>
    <trkpt lat="48.339718" lon="-4.702625"><ele>3.4</ele></trkpt>
    <trkpt lat="48.339752" lon="-4.702565"><ele>4.8</ele></trkpt>
    <trkpt lat="48.339725" lon="-4.702173"><ele>8.8</ele></trkpt>
    <trkpt lat="48.339790" lon="-4.701763"><ele>11.2</ele></trkpt>
    <trkpt lat="48.339898" lon="-4.701412"><ele>13.4</ele></trkpt>
    <trkpt lat="48.340083" lon="-4.701128"><ele>15.2</ele></trkpt>
    <trkpt lat="48.340382" lon="-4.701000"><ele>18.6</ele></trkpt>
    <trkpt lat="48.340613" lon="-4.700725"><ele>19.4</ele></trkpt>
    <trkpt lat="48.340717" lon="-4.700658"><ele>21.2</ele></trkpt>
    <trkpt lat="48.341388" lon="-4.700602"><ele>33.8</ele></trkpt>
    <trkpt lat="48.342512" lon="-4.701148"><ele>24.8</ele></trkpt>
    <trkpt lat="48.342605" lon="-4.701225"><ele>24.4</ele></trkpt>
    <trkpt lat="48.342768" lon="-4.701483"><ele>23.6</ele></trkpt>
    <trkpt lat="48.342857" lon="-4.701538"><ele>23.0</ele></trkpt>
    <trkpt lat="48.343003" lon="-4.701552"><ele>22.4</ele></trkpt>
    <trkpt lat="48.343393" lon="-4.701322"><ele>21.0</ele></trkpt>
    <trkpt lat="48.343718" lon="-4.701343"><ele>20.4</ele></trkpt>
    <trkpt lat="48.344042" lon="-4.701275"><ele>20.0</ele></trkpt>
    <trkpt lat="48.344220" lon="-4.701305"><ele>20.8</ele></trkpt>
    <trkpt lat="48.344807" lon="-4.701723"><ele>17.6</ele></trkpt>
    <trkpt lat="48.344923" lon="-4.701860"><ele>17.0</ele></trkpt>
    <trkpt lat="48.344968" lon="-4.702010"><ele>16.6</ele></trkpt>
    <trkpt lat="48.344943" lon="-4.702662"><ele>15.2</ele></trkpt>
    <trkpt lat="48.344980" lon="-4.702805"><ele>15.0</ele></trkpt>
    <trkpt lat="48.345098" lon="-4.702760"><ele>14.0</ele></trkpt>
    <trkpt lat="48.345265" lon="-4.702555"><ele>10.2</ele></trkpt>
    <trkpt lat="48.345313" lon="-4.702657"><ele>8.2</ele></trkpt>
    <trkpt lat="48.345452" lon="-4.702790"><ele>6.8</ele></trkpt>
    <trkpt lat="48.345970" lon="-4.703023"><ele>5.6</ele></trkpt>
    <trkpt lat="48.346795" lon="-4.703060"><ele>3.2</ele></trkpt>
    <trkpt lat="48.347778" lon="-4.702663"><ele>1.4</ele></trkpt>
    <trkpt lat="48.348112" lon="-4.702370"><ele>1.0</ele></trkpt>
    <trkpt lat="48.348518" lon="-4.702177"><ele>0.0</ele></trkpt>
    <trkpt lat="48.349185" lon="-4.701557"><ele>0.0</ele></trkpt>
    <trkpt lat="48.349543" lon="-4.701123"><ele>0.0</ele></trkpt>
    <trkpt lat="48.350077" lon="-4.700638"><ele>0.0</ele></trkpt>
    <trkpt lat="48.350450" lon="-4.700070"><ele>0.0</ele></trkpt>
    <trkpt lat="48.350632" lon="-4.699952"><ele>0.0</ele></trkpt>
    <trkpt lat="48.350708" lon="-4.700092"><ele>2.2</ele></trkpt>
    <trkpt lat="48.350650" lon="-4.700210"><ele>2.8</ele></trkpt>
    <trkpt lat="48.350647" lon="-4.700363"><ele>3.0</ele></trkpt>
    <trkpt lat="48.350858" lon="-4.700777"><ele>5.2</ele></trkpt>
    <trkpt lat="48.351130" lon="-4.701123"><ele>7.0</ele></trkpt>
    <trkpt lat="48.351363" lon="-4.701567"><ele>8.6</ele></trkpt>
    <trkpt lat="48.351453" lon="-4.701625"><ele>9.0</ele></trkpt>
    <trkpt lat="48.351685" lon="-4.701978"><ele>10.2</ele></trkpt>
    <trkpt lat="48.351803" lon="-4.702100"><ele>11.0</ele></trkpt>
    <trkpt lat="48.351972" lon="-4.702460"><ele>13.4</ele></trkpt>
    <trkpt lat="48.352075" lon="-4.702595"><ele>15.0</ele></trkpt>
    <trkpt lat="48.352120" lon="-4.702572"><ele>15.4</ele></trkpt>
    <trkpt lat="48.352307" lon="-4.702157"><ele>16.2</ele></trkpt>
    <trkpt lat="48.352490" lon="-4.702153"><ele>16.8</ele></trkpt>
    <trkpt lat="48.353088" lon="-4.702572"><ele>25.0</ele></trkpt>
    <trkpt lat="48.353437" lon="-4.702885"><ele>30.4</ele></trkpt>
    <trkpt lat="48.353508" lon="-4.702995"><ele>31.8</ele></trkpt>
    <trkpt lat="48.353668" lon="-4.703093"><ele>32.2</ele></trkpt>
    <trkpt lat="48.353782" lon="-4.703015"><ele>32.8</ele></trkpt>
    <trkpt lat="48.353825" lon="-4.702865"><ele>34.0</ele></trkpt>
    <trkpt lat="48.354135" lon="-4.702193"><ele>38.4</ele></trkpt>
    <trkpt lat="48.354212" lon="-4.701910"><ele>39.8</ele></trkpt>
    <trkpt lat="48.354218" lon="-4.701667"><ele>40.8</ele></trkpt>
    <trkpt lat="48.354268" lon="-4.701372"><ele>41.4</ele></trkpt>
    <trkpt lat="48.354328" lon="-4.701145"><ele>42.0</ele></trkpt>
    <trkpt lat="48.354477" lon="-4.700870"><ele>42.0</ele></trkpt>
    <trkpt lat="48.354663" lon="-4.700885"><ele>42.4</ele></trkpt>
    <trkpt lat="48.354738" lon="-4.700952"><ele>43.0</ele></trkpt>
    <trkpt lat="48.355068" lon="-4.701052"><ele>45.0</ele></trkpt>
    <trkpt lat="48.355655" lon="-4.701077"><ele>47.8</ele></trkpt>
    <trkpt lat="48.355745" lon="-4.701045"><ele>48.2</ele></trkpt>
    <trkpt lat="48.355903" lon="-4.700820"><ele>49.2</ele></trkpt>
    <trkpt lat="48.355895" lon="-4.700520"><ele>48.8</ele></trkpt>
    <trkpt lat="48.355828" lon="-4.700163"><ele>48.4</ele></trkpt>
    <trkpt lat="48.355865" lon="-4.699923"><ele>48.6</ele></trkpt>
    <trkpt lat="48.355972" lon="-4.699785"><ele>48.4</ele></trkpt>
    <trkpt lat="48.356195" lon="-4.699657"><ele>48.0</ele></trkpt>
    <trkpt lat="48.356465" lon="-4.699182"><ele>48.4</ele></trkpt>
    <trkpt lat="48.356642" lon="-4.698635"><ele>47.4</ele></trkpt>
    <trkpt lat="48.356798" lon="-4.697697"><ele>45.6</ele></trkpt>
    <trkpt lat="48.356977" lon="-4.697292"><ele>45.0</ele></trkpt>
    <trkpt lat="48.357252" lon="-4.696943"><ele>43.4</ele></trkpt>
    <trkpt lat="48.357445" lon="-4.696580"><ele>43.2</ele></trkpt>
    <trkpt lat="48.357505" lon="-4.696322"><ele>43.0</ele></trkpt>
    <trkpt lat="48.357438" lon="-4.696107"><ele>43.6</ele></trkpt>
    <trkpt lat="48.356960" lon="-4.695223"><ele>42.0</ele></trkpt>
    <trkpt lat="48.356617" lon="-4.695365"><ele>41.4</ele></trkpt>
    <trkpt lat="48.356315" lon="-4.695333"><ele>39.8</ele></trkpt>
    <trkpt lat="48.356202" lon="-4.695363"><ele>39.4</ele></trkpt>
    <trkpt lat="48.356138" lon="-4.695313"><ele>39.2</ele></trkpt>
    <trkpt lat="48.356130" lon="-4.695162"><ele>38.8</ele></trkpt>
    <trkpt lat="48.356368" lon="-4.694280"><ele>35.8</ele></trkpt>
    <trkpt lat="48.356537" lon="-4.693998"><ele>34.6</ele></trkpt>
    <trkpt lat="48.356553" lon="-4.693897"><ele>34.2</ele></trkpt>
    <trkpt lat="48.356468" lon="-4.693733"><ele>33.4</ele></trkpt>
    <trkpt lat="48.356422" lon="-4.693708"><ele>33.0</ele></trkpt>
    <trkpt lat="48.356253" lon="-4.693743"><ele>32.8</ele></trkpt>
    <trkpt lat="48.355833" lon="-4.693938"><ele>33.4</ele></trkpt>
    <trkpt lat="48.355795" lon="-4.693913"><ele>33.4</ele></trkpt>
    <trkpt lat="48.355763" lon="-4.693812"><ele>33.2</ele></trkpt>
    <trkpt lat="48.355753" lon="-4.693452"><ele>32.8</ele></trkpt>
    <trkpt lat="48.355655" lon="-4.693057"><ele>33.2</ele></trkpt>
    <trkpt lat="48.355758" lon="-4.692770"><ele>32.8</ele></trkpt>
    <trkpt lat="48.355878" lon="-4.692590"><ele>32.0</ele></trkpt>
    <trkpt lat="48.355967" lon="-4.692172"><ele>29.2</ele></trkpt>
    <trkpt lat="48.356022" lon="-4.692058"><ele>28.4</ele></trkpt>
    <trkpt lat="48.356112" lon="-4.691535"><ele>25.2</ele></trkpt>
    <trkpt lat="48.356102" lon="-4.691445"><ele>25.2</ele></trkpt>
    <trkpt lat="48.355917" lon="-4.691105"><ele>23.6</ele></trkpt>
    <trkpt lat="48.355775" lon="-4.691020"><ele>22.2</ele></trkpt>
    <trkpt lat="48.355593" lon="-4.691102"><ele>19.8</ele></trkpt>
    <trkpt lat="48.355332" lon="-4.691130"><ele>15.8</ele></trkpt>
    <trkpt lat="48.355220" lon="-4.691183"><ele>13.6</ele></trkpt>
    <trkpt lat="48.354867" lon="-4.691183"><ele>8.0</ele></trkpt>
    <trkpt lat="48.354905" lon="-4.690805"><ele>4.2</ele></trkpt>
    <trkpt lat="48.354887" lon="-4.690475"><ele>1.8</ele></trkpt>
    <trkpt lat="48.354847" lon="-4.690313"><ele>2.0</ele></trkpt>
    <trkpt lat="48.354672" lon="-4.690005"><ele>3.6</ele></trkpt>
    <trkpt lat="48.354645" lon="-4.689818"><ele>5.0</ele></trkpt>
    <trkpt lat="48.354658" lon="-4.689700"><ele>6.0</ele></trkpt>
    <trkpt lat="48.354717" lon="-4.689560"><ele>7.2</ele></trkpt>
    <trkpt lat="48.354890" lon="-4.689303"><ele>9.0</ele></trkpt>
    <trkpt lat="48.354795" lon="-4.688882"><ele>9.4</ele></trkpt>
    <trkpt lat="48.354792" lon="-4.688603"><ele>9.8</ele></trkpt>
    <trkpt lat="48.354832" lon="-4.688263"><ele>12.8</ele></trkpt>
    <trkpt lat="48.354703" lon="-4.687693"><ele>15.0</ele></trkpt>
    <trkpt lat="48.354613" lon="-4.687485"><ele>15.8</ele></trkpt>
    <trkpt lat="48.354590" lon="-4.687320"><ele>17.4</ele></trkpt>
    <trkpt lat="48.354603" lon="-4.686202"><ele>23.8</ele></trkpt>
    <trkpt lat="48.354643" lon="-4.685605"><ele>26.6</ele></trkpt>
    <trkpt lat="48.354630" lon="-4.685347"><ele>27.4</ele></trkpt>
    <trkpt lat="48.354608" lon="-4.685277"><ele>27.2</ele></trkpt>
    <trkpt lat="48.354543" lon="-4.685223"><ele>27.0</ele></trkpt>
    <trkpt lat="48.354330" lon="-4.685210"><ele>25.0</ele></trkpt>
    <trkpt lat="48.354062" lon="-4.685257"><ele>23.0</ele></trkpt>
    <trkpt lat="48.353785" lon="-4.685173"><ele>19.8</ele></trkpt>
    <trkpt lat="48.353743" lon="-4.685117"><ele>19.2</ele></trkpt>
    <trkpt lat="48.353638" lon="-4.684735"><ele>16.4</ele></trkpt>
    <trkpt lat="48.353777" lon="-4.684333"><ele>16.4</ele></trkpt>
    <trkpt lat="48.353903" lon="-4.684232"><ele>17.4</ele></trkpt>
    <trkpt lat="48.353962" lon="-4.684122"><ele>17.8</ele></trkpt>
    <trkpt lat="48.353947" lon="-4.683610"><ele>15.4</ele></trkpt>
    <trkpt lat="48.354083" lon="-4.683085"><ele>14.4</ele></trkpt>
    <trkpt lat="48.354152" lon="-4.682992"><ele>15.0</ele></trkpt>
    <trkpt lat="48.354385" lon="-4.682865"><ele>18.2</ele></trkpt>
    <trkpt lat="48.354427" lon="-4.682713"><ele>19.0</ele></trkpt>
    <trkpt lat="48.354417" lon="-4.682510"><ele>18.4</ele></trkpt>
    <trkpt lat="48.354573" lon="-4.682360"><ele>19.6</ele></trkpt>
    <trkpt lat="48.354668" lon="-4.682208"><ele>19.6</ele></trkpt>
    <trkpt lat="48.354743" lon="-4.682200"><ele>20.2</ele></trkpt>
    <trkpt lat="48.355033" lon="-4.682332"><ele>24.4</ele></trkpt>
    <trkpt lat="48.355285" lon="-4.682095"><ele>23.6</ele></trkpt>
    <trkpt lat="48.355337" lon="-4.682012"><ele>22.8</ele></trkpt>
    <trkpt lat="48.355370" lon="-4.681767"><ele>20.8</ele></trkpt>
    <trkpt lat="48.355452" lon="-4.681567"><ele>19.8</ele></trkpt>
    <trkpt lat="48.355598" lon="-4.681422"><ele>19.2</ele></trkpt>
    <trkpt lat="48.355677" lon="-4.681282"><ele>17.4</ele></trkpt>
    <trkpt lat="48.355793" lon="-4.681188"><ele>16.6</ele></trkpt>
    <trkpt lat="48.356087" lon="-4.680775"><ele>11.8</ele></trkpt>
    <trkpt lat="48.356082" lon="-4.680625"><ele>9.6</ele></trkpt>
    <trkpt lat="48.356132" lon="-4.680310"><ele>5.8</ele></trkpt>
    <trkpt lat="48.356293" lon="-4.679913"><ele>5.2</ele></trkpt>
    <trkpt lat="48.356315" lon="-4.679477"><ele>5.6</ele></trkpt>
    <trkpt lat="48.356243" lon="-4.678967"><ele>4.0</ele></trkpt>
    <trkpt lat="48.356167" lon="-4.678898"><ele>4.2</ele></trkpt>
    <trkpt lat="48.355978" lon="-4.678842"><ele>5.0</ele></trkpt>
    <trkpt lat="48.355847" lon="-4.678535"><ele>7.0</ele></trkpt>
    <trkpt lat="48.355653" lon="-4.678318"><ele>8.6</ele></trkpt>
    <trkpt lat="48.355518" lon="-4.678253"><ele>10.0</ele></trkpt>
    <trkpt lat="48.355323" lon="-4.677933"><ele>13.6</ele></trkpt>
    <trkpt lat="48.355308" lon="-4.677755"><ele>14.6</ele></trkpt>
    <trkpt lat="48.355193" lon="-4.677500"><ele>15.0</ele></trkpt>
    <trkpt lat="48.355170" lon="-4.676910"><ele>15.2</ele></trkpt>
    <trkpt lat="48.355072" lon="-4.676563"><ele>13.8</ele></trkpt>
    <trkpt lat="48.354925" lon="-4.676262"><ele>12.4</ele></trkpt>
    <trkpt lat="48.354875" lon="-4.676065"><ele>11.8</ele></trkpt>
    <trkpt lat="48.354807" lon="-4.675450"><ele>9.2</ele></trkpt>
    <trkpt lat="48.354627" lon="-4.674583"><ele>5.6</ele></trkpt>
    <trkpt lat="48.354752" lon="-4.673992"><ele>7.8</ele></trkpt>
    <trkpt lat="48.354848" lon="-4.673793"><ele>8.4</ele></trkpt>
    <trkpt lat="48.355065" lon="-4.673482"><ele>10.0</ele></trkpt>
    <trkpt lat="48.355365" lon="-4.673245"><ele>11.8</ele></trkpt>
    <trkpt lat="48.355843" lon="-4.672968"><ele>13.8</ele></trkpt>
    <trkpt lat="48.355977" lon="-4.672802"><ele>14.6</ele></trkpt>
    <trkpt lat="48.356033" lon="-4.672668"><ele>15.2</ele></trkpt>
    <trkpt lat="48.356047" lon="-4.672277"><ele>17.8</ele></trkpt>
    <trkpt lat="48.356077" lon="-4.672192"><ele>18.2</ele></trkpt>
    <trkpt lat="48.356538" lon="-4.671655"><ele>19.8</ele></trkpt>
    <trkpt lat="48.356847" lon="-4.671217"><ele>20.6</ele></trkpt>
    <trkpt lat="48.356872" lon="-4.671127"><ele>20.6</ele></trkpt>
    <trkpt lat="48.357000" lon="-4.670933"><ele>20.8</ele></trkpt>
    <trkpt lat="48.356848" lon="-4.670473"><ele>24.8</ele></trkpt>
    <trkpt lat="48.356932" lon="-4.670233"><ele>25.8</ele></trkpt>
    <trkpt lat="48.357087" lon="-4.670143"><ele>26.2</ele></trkpt>
    <trkpt lat="48.357628" lon="-4.669502"><ele>29.4</ele></trkpt>
    <trkpt lat="48.357657" lon="-4.669407"><ele>30.2</ele></trkpt>
    <trkpt lat="48.357635" lon="-4.669307"><ele>31.0</ele></trkpt>
    <trkpt lat="48.357663" lon="-4.669172"><ele>32.0</ele></trkpt>
    <trkpt lat="48.357932" lon="-4.668848"><ele>36.0</ele></trkpt>
    <trkpt lat="48.357977" lon="-4.668478"><ele>39.0</ele></trkpt>
    <trkpt lat="48.357960" lon="-4.668405"><ele>39.8</ele></trkpt>
    <trkpt lat="48.357877" lon="-4.668323"><ele>41.0</ele></trkpt>
    <trkpt lat="48.357500" lon="-4.668328"><ele>43.2</ele></trkpt>
    <trkpt lat="48.357223" lon="-4.668472"><ele>45.6</ele></trkpt>
    <trkpt lat="48.357128" lon="-4.668467"><ele>46.2</ele></trkpt>
    <trkpt lat="48.356832" lon="-4.668403"><ele>48.0</ele></trkpt>
    <trkpt lat="48.356735" lon="-4.668330"><ele>48.4</ele></trkpt>
    <trkpt lat="48.356443" lon="-4.668307"><ele>49.6</ele></trkpt>
    <trkpt lat="48.356360" lon="-4.668088"><ele>49.8</ele></trkpt>
    <trkpt lat="48.356318" lon="-4.667847"><ele>49.6</ele></trkpt>
    <trkpt lat="48.356310" lon="-4.667462"><ele>50.0</ele></trkpt>
    <trkpt lat="48.356507" lon="-4.667010"><ele>50.2</ele></trkpt>
    <trkpt lat="48.356550" lon="-4.666605"><ele>50.4</ele></trkpt>
    <trkpt lat="48.356800" lon="-4.665783"><ele>52.4</ele></trkpt>
    <trkpt lat="48.356983" lon="-4.665348"><ele>52.6</ele></trkpt>
    <trkpt lat="48.357028" lon="-4.665023"><ele>53.0</ele></trkpt>
    <trkpt lat="48.357005" lon="-4.664780"><ele>54.0</ele></trkpt>
    <trkpt lat="48.357063" lon="-4.664695"><ele>54.2</ele></trkpt>
    <trkpt lat="48.357390" lon="-4.664573"><ele>54.4</ele></trkpt>
    <trkpt lat="48.357810" lon="-4.664328"><ele>55.4</ele></trkpt>
    <trkpt lat="48.357885" lon="-4.664332"><ele>55.4</ele></trkpt>
    <trkpt lat="48.358008" lon="-4.664425"><ele>55.8</ele></trkpt>
    <trkpt lat="48.358112" lon="-4.664433"><ele>56.0</ele></trkpt>
    <trkpt lat="48.358308" lon="-4.664297"><ele>56.4</ele></trkpt>
    <trkpt lat="48.358968" lon="-4.664020"><ele>57.0</ele></trkpt>
    <trkpt lat="48.359055" lon="-4.663927"><ele>57.2</ele></trkpt>
    <trkpt lat="48.359197" lon="-4.663647"><ele>58.4</ele></trkpt>
    <trkpt lat="48.359347" lon="-4.663477"><ele>59.2</ele></trkpt>
    <trkpt lat="48.359533" lon="-4.663113"><ele>60.2</ele></trkpt>
    <trkpt lat="48.360098" lon="-4.662248"><ele>64.0</ele></trkpt>
    <trkpt lat="48.360165" lon="-4.662043"><ele>65.2</ele></trkpt>
    <trkpt lat="48.360135" lon="-4.661670"><ele>65.8</ele></trkpt>
    <trkpt lat="48.360210" lon="-4.661502"><ele>66.0</ele></trkpt>
    <trkpt lat="48.360573" lon="-4.660993"><ele>67.0</ele></trkpt>
    <trkpt lat="48.361350" lon="-4.660348"><ele>68.6</ele></trkpt>
    <trkpt lat="48.361562" lon="-4.660085"><ele>69.6</ele></trkpt>
    <trkpt lat="48.361505" lon="-4.659848"><ele>70.0</ele></trkpt>
    <trkpt lat="48.361230" lon="-4.659090"><ele>70.8</ele></trkpt>
    <trkpt lat="48.360615" lon="-4.657855"><ele>70.2</ele></trkpt>
    <trkpt lat="48.360533" lon="-4.657398"><ele>69.6</ele></trkpt>
    <trkpt lat="48.360500" lon="-4.656313"><ele>68.2</ele></trkpt>
    <trkpt lat="48.360623" lon="-4.655930"><ele>69.4</ele></trkpt>
    <trkpt lat="48.360590" lon="-4.655883"><ele>69.6</ele></trkpt>
    <trkpt lat="48.360355" lon="-4.655787"><ele>70.6</ele></trkpt>
    <trkpt lat="48.359970" lon="-4.655922"><ele>70.2</ele></trkpt>
    <trkpt lat="48.359822" lon="-4.655792"><ele>69.8</ele></trkpt>
    <trkpt lat="48.359632" lon="-4.655223"><ele>72.6</ele></trkpt>
    <trkpt lat="48.359618" lon="-4.654518"><ele>73.6</ele></trkpt>
    <trkpt lat="48.359417" lon="-4.653823"><ele>75.8</ele></trkpt>
    <trkpt lat="48.359403" lon="-4.653628"><ele>76.4</ele></trkpt>
    <trkpt lat="48.359613" lon="-4.653380"><ele>76.8</ele></trkpt>
    <trkpt lat="48.360090" lon="-4.653122"><ele>77.0</ele></trkpt>
    <trkpt lat="48.360237" lon="-4.652983"><ele>77.2</ele></trkpt>
    <trkpt lat="48.360612" lon="-4.652770"><ele>77.4</ele></trkpt>
    <trkpt lat="48.360935" lon="-4.652773"><ele>76.6</ele></trkpt>
    <trkpt lat="48.361862" lon="-4.652973"><ele>79.0</ele></trkpt>
    <trkpt lat="48.361960" lon="-4.652945"><ele>79.4</ele></trkpt>
    <trkpt lat="48.362173" lon="-4.652725"><ele>80.2</ele></trkpt>
    <trkpt lat="48.362515" lon="-4.652015"><ele>80.4</ele></trkpt>
    <trkpt lat="48.362650" lon="-4.651245"><ele>80.2</ele></trkpt>
    <trkpt lat="48.362940" lon="-4.650263"><ele>78.8</ele></trkpt>
    <trkpt lat="48.363380" lon="-4.649065"><ele>76.4</ele></trkpt>
    <trkpt lat="48.363633" lon="-4.648548"><ele>74.6</ele></trkpt>
    <trkpt lat="48.363918" lon="-4.647510"><ele>75.2</ele></trkpt>
    <trkpt lat="48.364040" lon="-4.647198"><ele>74.4</ele></trkpt>
    <trkpt lat="48.364127" lon="-4.647073"><ele>74.0</ele></trkpt>
    <trkpt lat="48.364182" lon="-4.647098"><ele>73.8</ele></trkpt>
    <trkpt lat="48.364795" lon="-4.648020"><ele>73.4</ele></trkpt>
    <trkpt lat="48.365140" lon="-4.648852"><ele>74.2</ele></trkpt>
    <trkpt lat="48.365330" lon="-4.649427"><ele>75.4</ele></trkpt>
    <trkpt lat="48.365667" lon="-4.649818"><ele>76.2</ele></trkpt>
    <trkpt lat="48.366147" lon="-4.650828"><ele>78.2</ele></trkpt>
    <trkpt lat="48.366992" lon="-4.652388"><ele>80.2</ele></trkpt>
    <trkpt lat="48.367168" lon="-4.652812"><ele>78.4</ele></trkpt>
    <trkpt lat="48.367277" lon="-4.652923"><ele>77.8</ele></trkpt>
    <trkpt lat="48.367351" lon="-4.652905"><ele>71.1</ele></trkpt>
    <trkpt lat="48.367392" lon="-4.652839"><ele>70.8</ele></trkpt>
    <trkpt lat="48.367683" lon="-4.651881"><ele>71.0</ele></trkpt>
    <trkpt lat="48.367819" lon="-4.651558"><ele>70.6</ele></trkpt>
    <trkpt lat="48.368104" lon="-4.651197"><ele>69.9</ele></trkpt>
    <trkpt lat="48.368478" lon="-4.650804"><ele>69.0</ele></trkpt>
    <trkpt lat="48.368689" lon="-4.650487"><ele>68.0</ele></trkpt>
    <trkpt lat="48.368781" lon="-4.650287"><ele>67.0</ele></trkpt>
    <trkpt lat="48.368872" lon="-4.649581"><ele>65.8</ele></trkpt>
    <trkpt lat="48.368916" lon="-4.649426"><ele>65.4</ele></trkpt>
    <trkpt lat="48.368946" lon="-4.649398"><ele>65.1</ele></trkpt>
    <trkpt lat="48.369031" lon="-4.649430"><ele>65.6</ele></trkpt>
    <trkpt lat="48.369483" lon="-4.649895"><ele>69.0</ele></trkpt>
    <trkpt lat="48.369538" lon="-4.649910"><ele>69.0</ele></trkpt>
    <trkpt lat="48.369634" lon="-4.649823"><ele>69.2</ele></trkpt>
    <trkpt lat="48.369789" lon="-4.649586"><ele>69.0</ele></trkpt>
    <trkpt lat="48.370106" lon="-4.648816"><ele>68.0</ele></trkpt>
    <trkpt lat="48.370261" lon="-4.648763"><ele>67.1</ele></trkpt>
    <trkpt lat="48.370630" lon="-4.648892"><ele>67.0</ele></trkpt>
    <trkpt lat="48.370693" lon="-4.648883"><ele>67.0</ele></trkpt>
    <trkpt lat="48.370800" lon="-4.648755"><ele>66.0</ele></trkpt>
    <trkpt lat="48.370943" lon="-4.648524"><ele>64.5</ele></trkpt>
    <trkpt lat="48.371316" lon="-4.647636"><ele>60.6</ele></trkpt>
    <trkpt lat="48.371389" lon="-4.647577"><ele>60.2</ele></trkpt>
    <trkpt lat="48.371118" lon="-4.647213"><ele>59.1</ele></trkpt>
    <trkpt lat="48.370881" lon="-4.646524"><ele>59.0</ele></trkpt>
    <trkpt lat="48.370901" lon="-4.646386"><ele>59.0</ele></trkpt>
    <trkpt lat="48.371092" lon="-4.646130"><ele>58.0</ele></trkpt>
    <trkpt lat="48.371123" lon="-4.646038"><ele>58.0</ele></trkpt>
    <trkpt lat="48.371112" lon="-4.645267"><ele>57.0</ele></trkpt>
    <trkpt lat="48.371035" lon="-4.644819"><ele>57.0</ele></trkpt>
    <trkpt lat="48.371059" lon="-4.644596"><ele>57.0</ele></trkpt>
    <trkpt lat="48.371207" lon="-4.644565"><ele>56.4</ele></trkpt>
    <trkpt lat="48.371286" lon="-4.644456"><ele>56.0</ele></trkpt>
    <trkpt lat="48.371378" lon="-4.643864"><ele>57.0</ele></trkpt>
    <trkpt lat="48.371344" lon="-4.643705"><ele>57.0</ele></trkpt>
    <trkpt lat="48.370886" lon="-4.643524"><ele>58.0</ele></trkpt>
    <trkpt lat="48.370932" lon="-4.643262"><ele>58.0</ele></trkpt>
    <trkpt lat="48.369787" lon="-4.642883"><ele>60.0</ele></trkpt>
    <trkpt lat="48.369775" lon="-4.643007"><ele>60.4</ele></trkpt>
    <trkpt lat="48.369787" lon="-4.642883"><ele>60.0</ele></trkpt>
    <trkpt lat="48.369713" lon="-4.642868"><ele>60.0</ele></trkpt>
    <trkpt lat="48.369687" lon="-4.642481"><ele>60.7</ele></trkpt>
    <trkpt lat="48.369617" lon="-4.642143"><ele>60.4</ele></trkpt>
    <trkpt lat="48.369765" lon="-4.641639"><ele>60.3</ele></trkpt>
    <trkpt lat="48.369839" lon="-4.641563"><ele>60.2</ele></trkpt>
    <trkpt lat="48.369887" lon="-4.641188"><ele>60.0</ele></trkpt>
    <trkpt lat="48.370042" lon="-4.640779"><ele>60.0</ele></trkpt>
    <trkpt lat="48.370051" lon="-4.640230"><ele>60.0</ele></trkpt>
    <trkpt lat="48.370080" lon="-4.640146"><ele>60.0</ele></trkpt>
    <trkpt lat="48.370117" lon="-4.640148"><ele>60.0</ele></trkpt>
  </trkseg></trk>
</gpx>
