<?xml version="1.0" encoding="UTF-8"?>
<gpx version="1.1" creator="tcap-parcours" xmlns="http://www.topografix.com/GPX/1/1">
  <metadata><name>grf-250</name></metadata>
  <trk><name>grf-250</name><trkseg>
    <trkpt lat="48.039540" lon="-4.735900"><ele>48.0</ele></trkpt>
    <trkpt lat="48.039780" lon="-4.735750"><ele>53.0</ele></trkpt>
    <trkpt lat="48.039810" lon="-4.735600"><ele>54.0</ele></trkpt>
    <trkpt lat="48.039570" lon="-4.734590"><ele>59.0</ele></trkpt>
    <trkpt lat="48.039540" lon="-4.734270"><ele>60.0</ele></trkpt>
    <trkpt lat="48.039790" lon="-4.733640"><ele>63.0</ele></trkpt>
    <trkpt lat="48.039840" lon="-4.733360"><ele>63.0</ele></trkpt>
    <trkpt lat="48.039830" lon="-4.733070"><ele>63.0</ele></trkpt>
    <trkpt lat="48.039890" lon="-4.732990"><ele>63.0</ele></trkpt>
    <trkpt lat="48.040050" lon="-4.732570"><ele>63.0</ele></trkpt>
    <trkpt lat="48.040060" lon="-4.732320"><ele>63.0</ele></trkpt>
    <trkpt lat="48.040050" lon="-4.732030"><ele>63.0</ele></trkpt>
    <trkpt lat="48.040020" lon="-4.731940"><ele>63.0</ele></trkpt>
    <trkpt lat="48.039450" lon="-4.730800"><ele>66.0</ele></trkpt>
    <trkpt lat="48.039730" lon="-4.730430"><ele>65.0</ele></trkpt>
    <trkpt lat="48.039880" lon="-4.730290"><ele>64.0</ele></trkpt>
    <trkpt lat="48.039910" lon="-4.730210"><ele>64.0</ele></trkpt>
    <trkpt lat="48.039970" lon="-4.729710"><ele>63.0</ele></trkpt>
    <trkpt lat="48.039880" lon="-4.729540"><ele>61.0</ele></trkpt>
    <trkpt lat="48.039870" lon="-4.728620"><ele>58.0</ele></trkpt>
    <trkpt lat="48.039950" lon="-4.727990"><ele>60.0</ele></trkpt>
    <trkpt lat="48.039940" lon="-4.727800"><ele>60.0</ele></trkpt>
    <trkpt lat="48.039970" lon="-4.727590"><ele>59.0</ele></trkpt>
    <trkpt lat="48.039950" lon="-4.727410"><ele>60.0</ele></trkpt>
    <trkpt lat="48.039990" lon="-4.727200"><ele>58.0</ele></trkpt>
    <trkpt lat="48.039990" lon="-4.726210"><ele>61.0</ele></trkpt>
    <trkpt lat="48.040020" lon="-4.725690"><ele>64.0</ele></trkpt>
    <trkpt lat="48.040000" lon="-4.724690"><ele>64.0</ele></trkpt>
    <trkpt lat="48.040110" lon="-4.724510"><ele>64.0</ele></trkpt>
    <trkpt lat="48.040280" lon="-4.724100"><ele>61.0</ele></trkpt>
    <trkpt lat="48.040320" lon="-4.723730"><ele>58.0</ele></trkpt>
    <trkpt lat="48.040410" lon="-4.723480"><ele>57.0</ele></trkpt>
    <trkpt lat="48.040400" lon="-4.723230"><ele>56.0</ele></trkpt>
    <trkpt lat="48.040440" lon="-4.723100"><ele>56.0</ele></trkpt>
    <trkpt lat="48.040460" lon="-4.722840"><ele>55.0</ele></trkpt>
    <trkpt lat="48.040510" lon="-4.722740"><ele>56.0</ele></trkpt>
    <trkpt lat="48.040500" lon="-4.722690"><ele>57.0</ele></trkpt>
    <trkpt lat="48.040540" lon="-4.722570"><ele>54.0</ele></trkpt>
    <trkpt lat="48.040550" lon="-4.722310"><ele>57.0</ele></trkpt>
    <trkpt lat="48.040510" lon="-4.722110"><ele>58.0</ele></trkpt>
    <trkpt lat="48.040280" lon="-4.721690"><ele>57.0</ele></trkpt>
    <trkpt lat="48.040230" lon="-4.721500"><ele>57.0</ele></trkpt>
    <trkpt lat="48.040220" lon="-4.721280"><ele>57.0</ele></trkpt>
    <trkpt lat="48.040160" lon="-4.721130"><ele>59.0</ele></trkpt>
    <trkpt lat="48.040160" lon="-4.720920"><ele>57.0</ele></trkpt>
    <trkpt lat="48.040310" lon="-4.720090"><ele>48.0</ele></trkpt>
    <trkpt lat="48.040560" lon="-4.719930"><ele>48.0</ele></trkpt>
    <trkpt lat="48.040890" lon="-4.719940"><ele>43.0</ele></trkpt>
    <trkpt lat="48.041300" lon="-4.719680"><ele>33.0</ele></trkpt>
    <trkpt lat="48.041710" lon="-4.719600"><ele>28.0</ele></trkpt>
    <trkpt lat="48.041710" lon="-4.719280"><ele>32.0</ele></trkpt>
    <trkpt lat="48.041790" lon="-4.718670"><ele>30.0</ele></trkpt>
    <trkpt lat="48.041750" lon="-4.718310"><ele>30.0</ele></trkpt>
    <trkpt lat="48.041420" lon="-4.717650"><ele>34.0</ele></trkpt>
    <trkpt lat="48.041380" lon="-4.717310"><ele>36.0</ele></trkpt>
    <trkpt lat="48.041200" lon="-4.716870"><ele>47.0</ele></trkpt>
    <trkpt lat="48.041200" lon="-4.716720"><ele>42.0</ele></trkpt>
    <trkpt lat="48.041150" lon="-4.716470"><ele>47.0</ele></trkpt>
    <trkpt lat="48.041170" lon="-4.716290"><ele>42.0</ele></trkpt>
    <trkpt lat="48.041130" lon="-4.716100"><ele>44.0</ele></trkpt>
    <trkpt lat="48.041150" lon="-4.715650"><ele>40.0</ele></trkpt>
    <trkpt lat="48.041210" lon="-4.715450"><ele>31.0</ele></trkpt>
    <trkpt lat="48.041240" lon="-4.715130"><ele>31.0</ele></trkpt>
    <trkpt lat="48.041090" lon="-4.714780"><ele>30.0</ele></trkpt>
    <trkpt lat="48.041090" lon="-4.714460"><ele>28.0</ele></trkpt>
    <trkpt lat="48.041270" lon="-4.713980"><ele>28.0</ele></trkpt>
    <trkpt lat="48.041320" lon="-4.713510"><ele>33.0</ele></trkpt>
    <trkpt lat="48.041290" lon="-4.713350"><ele>34.0</ele></trkpt>
    <trkpt lat="48.041300" lon="-4.713160"><ele>36.0</ele></trkpt>
    <trkpt lat="48.041340" lon="-4.712910"><ele>38.0</ele></trkpt>
    <trkpt lat="48.041630" lon="-4.712460"><ele>38.0</ele></trkpt>
    <trkpt lat="48.041750" lon="-4.712110"><ele>40.0</ele></trkpt>
    <trkpt lat="48.041750" lon="-4.711910"><ele>43.0</ele></trkpt>
    <trkpt lat="48.041780" lon="-4.711810"><ele>41.0</ele></trkpt>
    <trkpt lat="48.041970" lon="-4.711580"><ele>38.0</ele></trkpt>
    <trkpt lat="48.042240" lon="-4.711470"><ele>36.0</ele></trkpt>
    <trkpt lat="48.042530" lon="-4.711100"><ele>40.0</ele></trkpt>
    <trkpt lat="48.042740" lon="-4.710250"><ele>42.0</ele></trkpt>
    <trkpt lat="48.042760" lon="-4.709910"><ele>50.0</ele></trkpt>
    <trkpt lat="48.042730" lon="-4.709850"><ele>50.0</ele></trkpt>
    <trkpt lat="48.042740" lon="-4.709660"><ele>53.0</ele></trkpt>
    <trkpt lat="48.042770" lon="-4.709570"><ele>51.0</ele></trkpt>
    <trkpt lat="48.043010" lon="-4.709430"><ele>52.0</ele></trkpt>
    <trkpt lat="48.043070" lon="-4.709290"><ele>53.0</ele></trkpt>
    <trkpt lat="48.043220" lon="-4.708760"><ele>50.0</ele></trkpt>
    <trkpt lat="48.043300" lon="-4.708610"><ele>50.0</ele></trkpt>
    <trkpt lat="48.043480" lon="-4.707890"><ele>46.0</ele></trkpt>
    <trkpt lat="48.043600" lon="-4.707540"><ele>49.0</ele></trkpt>
    <trkpt lat="48.043710" lon="-4.707460"><ele>44.0</ele></trkpt>
    <trkpt lat="48.043890" lon="-4.707240"><ele>43.0</ele></trkpt>
    <trkpt lat="48.044040" lon="-4.707250"><ele>34.0</ele></trkpt>
    <trkpt lat="48.044260" lon="-4.706950"><ele>37.0</ele></trkpt>
    <trkpt lat="48.044340" lon="-4.706900"><ele>29.0</ele></trkpt>
    <trkpt lat="48.044450" lon="-4.706900"><ele>29.0</ele></trkpt>
    <trkpt lat="48.044650" lon="-4.706730"><ele>14.0</ele></trkpt>
    <trkpt lat="48.044700" lon="-4.706590"><ele>17.0</ele></trkpt>
    <trkpt lat="48.044900" lon="-4.706350"><ele>11.0</ele></trkpt>
    <trkpt lat="48.044970" lon="-4.706170"><ele>11.0</ele></trkpt>
    <trkpt lat="48.045550" lon="-4.705590"><ele>6.0</ele></trkpt>
    <trkpt lat="48.045620" lon="-4.705600"><ele>6.0</ele></trkpt>
    <trkpt lat="48.045680" lon="-4.705820"><ele>6.0</ele></trkpt>
    <trkpt lat="48.045750" lon="-4.705800"><ele>6.0</ele></trkpt>
    <trkpt lat="48.045670" lon="-4.704760"><ele>6.0</ele></trkpt>
    <trkpt lat="48.046340" lon="-4.704780"><ele>5.0</ele></trkpt>
    <trkpt lat="48.047010" lon="-4.704610"><ele>5.0</ele></trkpt>
    <trkpt lat="48.047250" lon="-4.704480"><ele>6.0</ele></trkpt>
    <trkpt lat="48.047440" lon="-4.704780"><ele>6.0</ele></trkpt>
    <trkpt lat="48.047600" lon="-4.704880"><ele>5.0</ele></trkpt>
    <trkpt lat="48.047790" lon="-4.704980"><ele>7.0</ele></trkpt>
    <trkpt lat="48.048290" lon="-4.705090"><ele>9.0</ele></trkpt>
    <trkpt lat="48.049620" lon="-4.704790"><ele>15.0</ele></trkpt>
    <trkpt lat="48.049680" lon="-4.705150"><ele>16.0</ele></trkpt>
    <trkpt lat="48.049650" lon="-4.705340"><ele>17.0</ele></trkpt>
    <trkpt lat="48.049580" lon="-4.705490"><ele>16.0</ele></trkpt>
    <trkpt lat="48.049590" lon="-4.705530"><ele>17.0</ele></trkpt>
    <trkpt lat="48.049690" lon="-4.705550"><ele>23.0</ele></trkpt>
    <trkpt lat="48.049680" lon="-4.705830"><ele>19.0</ele></trkpt>
    <trkpt lat="48.049850" lon="-4.706060"><ele>21.0</ele></trkpt>
    <trkpt lat="48.049960" lon="-4.706130"><ele>21.0</ele></trkpt>
    <trkpt lat="48.050120" lon="-4.706610"><ele>34.0</ele></trkpt>
    <trkpt lat="48.050350" lon="-4.707080"><ele>34.0</ele></trkpt>
    <trkpt lat="48.050330" lon="-4.707440"><ele>34.0</ele></trkpt>
    <trkpt lat="48.050440" lon="-4.707930"><ele>26.0</ele></trkpt>
    <trkpt lat="48.050710" lon="-4.708310"><ele>36.0</ele></trkpt>
    <trkpt lat="48.050820" lon="-4.708410"><ele>38.0</ele></trkpt>
    <trkpt lat="48.051240" lon="-4.709350"><ele>38.0</ele></trkpt>
    <trkpt lat="48.051370" lon="-4.709370"><ele>40.0</ele></trkpt>
    <trkpt lat="48.051550" lon="-4.709600"><ele>39.0</ele></trkpt>
    <trkpt lat="48.051970" lon="-4.709040"><ele>43.0</ele></trkpt>
    <trkpt lat="48.052040" lon="-4.708750"><ele>44.0</ele></trkpt>
    <trkpt lat="48.052100" lon="-4.708630"><ele>44.0</ele></trkpt>
    <trkpt lat="48.052220" lon="-4.708520"><ele>44.0</ele></trkpt>
    <trkpt lat="48.052320" lon="-4.708530"><ele>44.0</ele></trkpt>
    <trkpt lat="48.052660" lon="-4.708730"><ele>41.0</ele></trkpt>
    <trkpt lat="48.052880" lon="-4.708800"><ele>39.0</ele></trkpt>
    <trkpt lat="48.053380" lon="-4.710030"><ele>21.0</ele></trkpt>
    <trkpt lat="48.053430" lon="-4.711580"><ele>15.0</ele></trkpt>
    <trkpt lat="48.053400" lon="-4.712120"><ele>19.0</ele></trkpt>
    <trkpt lat="48.053470" lon="-4.712460"><ele>28.0</ele></trkpt>
    <trkpt lat="48.053650" lon="-4.712930"><ele>26.0</ele></trkpt>
    <trkpt lat="48.053740" lon="-4.713070"><ele>34.0</ele></trkpt>
    <trkpt lat="48.053990" lon="-4.712450"><ele>40.0</ele></trkpt>
    <trkpt lat="48.054270" lon="-4.712100"><ele>40.0</ele></trkpt>
    <trkpt lat="48.054540" lon="-4.711380"><ele>46.0</ele></trkpt>
    <trkpt lat="48.054780" lon="-4.711100"><ele>47.0</ele></trkpt>
    <trkpt lat="48.054870" lon="-4.710900"><ele>43.0</ele></trkpt>
    <trkpt lat="48.054880" lon="-4.710780"><ele>47.0</ele></trkpt>
    <trkpt lat="48.055020" lon="-4.710650"><ele>42.0</ele></trkpt>
    <trkpt lat="48.055120" lon="-4.710260"><ele>34.0</ele></trkpt>
    <trkpt lat="48.055250" lon="-4.710450"><ele>34.0</ele></trkpt>
    <trkpt lat="48.055460" lon="-4.710200"><ele>27.0</ele></trkpt>
    <trkpt lat="48.055520" lon="-4.710330"><ele>24.0</ele></trkpt>
    <trkpt lat="48.055490" lon="-4.709960"><ele>30.0</ele></trkpt>
    <trkpt lat="48.055420" lon="-4.709710"><ele>30.0</ele></trkpt>
    <trkpt lat="48.055390" lon="-4.709370"><ele>32.0</ele></trkpt>
    <trkpt lat="48.055410" lon="-4.708910"><ele>37.0</ele></trkpt>
    <trkpt lat="48.055540" lon="-4.708500"><ele>40.0</ele></trkpt>
    <trkpt lat="48.055680" lon="-4.707700"><ele>46.0</ele></trkpt>
    <trkpt lat="48.055920" lon="-4.707250"><ele>49.0</ele></trkpt>
    <trkpt lat="48.056050" lon="-4.706840"><ele>52.0</ele></trkpt>
    <trkpt lat="48.056100" lon="-4.706420"><ele>54.0</ele></trkpt>
    <trkpt lat="48.056120" lon="-4.706970"><ele>57.0</ele></trkpt>
    <trkpt lat="48.055830" lon="-4.707730"><ele>52.0</ele></trkpt>
    <trkpt lat="48.055800" lon="-4.707890"><ele>46.0</ele></trkpt>
    <trkpt lat="48.055820" lon="-4.708020"><ele>52.0</ele></trkpt>
    <trkpt lat="48.056340" lon="-4.709440"><ele>55.0</ele></trkpt>
    <trkpt lat="48.056350" lon="-4.709550"><ele>55.0</ele></trkpt>
    <trkpt lat="48.056300" lon="-4.709860"><ele>54.0</ele></trkpt>
    <trkpt lat="48.056320" lon="-4.709990"><ele>54.0</ele></trkpt>
    <trkpt lat="48.056730" lon="-4.710290"><ele>53.0</ele></trkpt>
    <trkpt lat="48.057090" lon="-4.710660"><ele>52.0</ele></trkpt>
    <trkpt lat="48.057340" lon="-4.710770"><ele>52.0</ele></trkpt>
    <trkpt lat="48.057520" lon="-4.710900"><ele>51.0</ele></trkpt>
    <trkpt lat="48.057340" lon="-4.711840"><ele>52.0</ele></trkpt>
    <trkpt lat="48.057460" lon="-4.712550"><ele>51.0</ele></trkpt>
    <trkpt lat="48.057580" lon="-4.712800"><ele>47.0</ele></trkpt>
    <trkpt lat="48.057610" lon="-4.713060"><ele>46.0</ele></trkpt>
    <trkpt lat="48.057720" lon="-4.713400"><ele>45.0</ele></trkpt>
    <trkpt lat="48.057820" lon="-4.713530"><ele>45.0</ele></trkpt>
    <trkpt lat="48.057870" lon="-4.713500"><ele>45.0</ele></trkpt>
    <trkpt lat="48.057890" lon="-4.713360"><ele>47.0</ele></trkpt>
    <trkpt lat="48.058000" lon="-4.713190"><ele>46.0</ele></trkpt>
    <trkpt lat="48.058350" lon="-4.712880"><ele>48.0</ele></trkpt>
    <trkpt lat="48.058560" lon="-4.712760"><ele>49.0</ele></trkpt>
    <trkpt lat="48.058690" lon="-4.712590"><ele>50.0</ele></trkpt>
    <trkpt lat="48.058900" lon="-4.712250"><ele>51.0</ele></trkpt>
    <trkpt lat="48.058950" lon="-4.711980"><ele>51.0</ele></trkpt>
    <trkpt lat="48.059170" lon="-4.711580"><ele>52.0</ele></trkpt>
    <trkpt lat="48.059250" lon="-4.711460"><ele>52.0</ele></trkpt>
    <trkpt lat="48.059380" lon="-4.711450"><ele>52.0</ele></trkpt>
    <trkpt lat="48.059930" lon="-4.711480"><ele>53.0</ele></trkpt>
    <trkpt lat="48.059930" lon="-4.711630"><ele>52.0</ele></trkpt>
    <trkpt lat="48.059980" lon="-4.711800"><ele>51.0</ele></trkpt>
    <trkpt lat="48.060230" lon="-4.711940"><ele>51.0</ele></trkpt>
    <trkpt lat="48.060350" lon="-4.712070"><ele>52.0</ele></trkpt>
    <trkpt lat="48.060530" lon="-4.712570"><ele>50.0</ele></trkpt>
    <trkpt lat="48.060710" lon="-4.712910"><ele>47.0</ele></trkpt>
    <trkpt lat="48.061020" lon="-4.713390"><ele>45.0</ele></trkpt>
    <trkpt lat="48.061710" lon="-4.714310"><ele>45.0</ele></trkpt>
    <trkpt lat="48.062230" lon="-4.714270"><ele>54.0</ele></trkpt>
    <trkpt lat="48.062640" lon="-4.714090"><ele>56.0</ele></trkpt>
    <trkpt lat="48.063050" lon="-4.714360"><ele>56.0</ele></trkpt>
    <trkpt lat="48.063090" lon="-4.714460"><ele>56.0</ele></trkpt>
    <trkpt lat="48.063200" lon="-4.714510"><ele>56.0</ele></trkpt>
    <trkpt lat="48.063530" lon="-4.713590"><ele>56.0</ele></trkpt>
    <trkpt lat="48.063680" lon="-4.712700"><ele>58.0</ele></trkpt>
    <trkpt lat="48.063880" lon="-4.711820"><ele>60.0</ele></trkpt>
    <trkpt lat="48.063860" lon="-4.711680"><ele>60.0</ele></trkpt>
    <trkpt lat="48.063670" lon="-4.711280"><ele>61.0</ele></trkpt>
    <trkpt lat="48.063480" lon="-4.711090"><ele>60.0</ele></trkpt>
    <trkpt lat="48.063310" lon="-4.710820"><ele>60.0</ele></trkpt>
    <trkpt lat="48.062870" lon="-4.710340"><ele>57.0</ele></trkpt>
    <trkpt lat="48.062720" lon="-4.709970"><ele>57.0</ele></trkpt>
    <trkpt lat="48.062590" lon="-4.709790"><ele>58.0</ele></trkpt>
    <trkpt lat="48.062500" lon="-4.709500"><ele>56.0</ele></trkpt>
    <trkpt lat="48.062460" lon="-4.708690"><ele>56.0</ele></trkpt>
    <trkpt lat="48.062520" lon="-4.708350"><ele>56.0</ele></trkpt>
    <trkpt lat="48.062520" lon="-4.707780"><ele>58.0</ele></trkpt>
    <trkpt lat="48.062460" lon="-4.707040"><ele>62.0</ele></trkpt>
    <trkpt lat="48.062250" lon="-4.705680"><ele>61.0</ele></trkpt>
    <trkpt lat="48.062180" lon="-4.705410"><ele>61.0</ele></trkpt>
    <trkpt lat="48.062070" lon="-4.705160"><ele>61.0</ele></trkpt>
    <trkpt lat="48.062000" lon="-4.704770"><ele>64.0</ele></trkpt>
    <trkpt lat="48.061880" lon="-4.704640"><ele>63.0</ele></trkpt>
    <trkpt lat="48.061820" lon="-4.704440"><ele>63.0</ele></trkpt>
    <trkpt lat="48.061760" lon="-4.704390"><ele>64.0</ele></trkpt>
    <trkpt lat="48.061470" lon="-4.703560"><ele>66.0</ele></trkpt>
    <trkpt lat="48.061450" lon="-4.703400"><ele>66.0</ele></trkpt>
    <trkpt lat="48.061300" lon="-4.702930"><ele>69.0</ele></trkpt>
    <trkpt lat="48.061270" lon="-4.702650"><ele>69.0</ele></trkpt>
    <trkpt lat="48.061310" lon="-4.702450"><ele>66.0</ele></trkpt>
    <trkpt lat="48.061240" lon="-4.702130"><ele>69.0</ele></trkpt>
    <trkpt lat="48.061410" lon="-4.701720"><ele>67.0</ele></trkpt>
    <trkpt lat="48.061350" lon="-4.701520"><ele>66.0</ele></trkpt>
    <trkpt lat="48.061360" lon="-4.701220"><ele>65.0</ele></trkpt>
    <trkpt lat="48.061500" lon="-4.700850"><ele>64.0</ele></trkpt>
    <trkpt lat="48.061520" lon="-4.700680"><ele>62.0</ele></trkpt>
    <trkpt lat="48.061730" lon="-4.700120"><ele>58.0</ele></trkpt>
    <trkpt lat="48.061720" lon="-4.699920"><ele>58.0</ele></trkpt>
    <trkpt lat="48.061620" lon="-4.699700"><ele>59.0</ele></trkpt>
    <trkpt lat="48.061590" lon="-4.699500"><ele>60.0</ele></trkpt>
    <trkpt lat="48.061600" lon="-4.699390"><ele>58.0</ele></trkpt>
    <trkpt lat="48.061750" lon="-4.699090"><ele>57.0</ele></trkpt>
    <trkpt lat="48.061750" lon="-4.698990"><ele>56.0</ele></trkpt>
    <trkpt lat="48.061580" lon="-4.698700"><ele>56.0</ele></trkpt>
    <trkpt lat="48.061420" lon="-4.698690"><ele>53.0</ele></trkpt>
    <trkpt lat="48.061320" lon="-4.698760"><ele>54.0</ele></trkpt>
    <trkpt lat="48.061160" lon="-4.698630"><ele>53.0</ele></trkpt>
    <trkpt lat="48.061080" lon="-4.698460"><ele>54.0</ele></trkpt>
    <trkpt lat="48.061060" lon="-4.698140"><ele>50.0</ele></trkpt>
    <trkpt lat="48.060880" lon="-4.697930"><ele>49.0</ele></trkpt>
    <trkpt lat="48.060810" lon="-4.697760"><ele>45.0</ele></trkpt>
    <trkpt lat="48.060870" lon="-4.696810"><ele>44.0</ele></trkpt>
    <trkpt lat="48.060780" lon="-4.696480"><ele>46.0</ele></trkpt>
    <trkpt lat="48.060740" lon="-4.696500"><ele>46.0</ele></trkpt>
    <trkpt lat="48.060720" lon="-4.696740"><ele>48.0</ele></trkpt>
    <trkpt lat="48.060630" lon="-4.696640"><ele>48.0</ele></trkpt>
    <trkpt lat="48.060590" lon="-4.696930"><ele>55.0</ele></trkpt>
    <trkpt lat="48.060430" lon="-4.697040"><ele>55.0</ele></trkpt>
    <trkpt lat="48.060420" lon="-4.697100"><ele>55.0</ele></trkpt>
    <trkpt lat="48.060380" lon="-4.697100"><ele>60.0</ele></trkpt>
    <trkpt lat="48.060280" lon="-4.696940"><ele>58.0</ele></trkpt>
    <trkpt lat="48.060160" lon="-4.696610"><ele>59.0</ele></trkpt>
    <trkpt lat="48.060180" lon="-4.696450"><ele>62.0</ele></trkpt>
    <trkpt lat="48.060100" lon="-4.695920"><ele>64.0</ele></trkpt>
    <trkpt lat="48.059880" lon="-4.695380"><ele>67.0</ele></trkpt>
    <trkpt lat="48.059860" lon="-4.695160"><ele>61.0</ele></trkpt>
    <trkpt lat="48.059910" lon="-4.694840"><ele>61.0</ele></trkpt>
    <trkpt lat="48.059890" lon="-4.694590"><ele>62.0</ele></trkpt>
    <trkpt lat="48.059800" lon="-4.694480"><ele>60.0</ele></trkpt>
    <trkpt lat="48.059700" lon="-4.694470"><ele>62.0</ele></trkpt>
    <trkpt lat="48.059620" lon="-4.694300"><ele>60.0</ele></trkpt>
    <trkpt lat="48.059580" lon="-4.694280"><ele>62.0</ele></trkpt>
    <trkpt lat="48.059540" lon="-4.694120"><ele>62.0</ele></trkpt>
    <trkpt lat="48.059310" lon="-4.693720"><ele>64.0</ele></trkpt>
    <trkpt lat="48.059280" lon="-4.693570"><ele>62.0</ele></trkpt>
    <trkpt lat="48.059130" lon="-4.693410"><ele>62.0</ele></trkpt>
    <trkpt lat="48.058960" lon="-4.693320"><ele>66.0</ele></trkpt>
    <trkpt lat="48.058960" lon="-4.693230"><ele>64.0</ele></trkpt>
    <trkpt lat="48.059140" lon="-4.692600"><ele>64.0</ele></trkpt>
    <trkpt lat="48.059260" lon="-4.692450"><ele>65.0</ele></trkpt>
    <trkpt lat="48.059530" lon="-4.692530"><ele>61.0</ele></trkpt>
    <trkpt lat="48.059710" lon="-4.692470"><ele>59.0</ele></trkpt>
    <trkpt lat="48.059950" lon="-4.692610"><ele>56.0</ele></trkpt>
    <trkpt lat="48.060020" lon="-4.692610"><ele>56.0</ele></trkpt>
    <trkpt lat="48.060200" lon="-4.692430"><ele>55.0</ele></trkpt>
    <trkpt lat="48.060330" lon="-4.692360"><ele>53.0</ele></trkpt>
    <trkpt lat="48.060400" lon="-4.692260"><ele>55.0</ele></trkpt>
    <trkpt lat="48.060990" lon="-4.692120"><ele>44.0</ele></trkpt>
    <trkpt lat="48.061170" lon="-4.692000"><ele>44.0</ele></trkpt>
    <trkpt lat="48.060780" lon="-4.691440"><ele>48.0</ele></trkpt>
    <trkpt lat="48.060800" lon="-4.691330"><ele>48.0</ele></trkpt>
    <trkpt lat="48.060910" lon="-4.691180"><ele>44.0</ele></trkpt>
    <trkpt lat="48.060870" lon="-4.690920"><ele>49.0</ele></trkpt>
    <trkpt lat="48.060960" lon="-4.690650"><ele>50.0</ele></trkpt>
    <trkpt lat="48.060970" lon="-4.690500"><ele>50.0</ele></trkpt>
    <trkpt lat="48.060790" lon="-4.689850"><ele>56.0</ele></trkpt>
    <trkpt lat="48.060780" lon="-4.689530"><ele>55.0</ele></trkpt>
    <trkpt lat="48.060840" lon="-4.689420"><ele>53.0</ele></trkpt>
    <trkpt lat="48.061060" lon="-4.689290"><ele>57.0</ele></trkpt>
    <trkpt lat="48.061100" lon="-4.689080"><ele>59.0</ele></trkpt>
    <trkpt lat="48.061210" lon="-4.689010"><ele>60.0</ele></trkpt>
    <trkpt lat="48.061470" lon="-4.688490"><ele>61.0</ele></trkpt>
    <trkpt lat="48.061360" lon="-4.687980"><ele>61.0</ele></trkpt>
    <trkpt lat="48.061170" lon="-4.687730"><ele>61.0</ele></trkpt>
    <trkpt lat="48.061130" lon="-4.687620"><ele>59.0</ele></trkpt>
    <trkpt lat="48.061150" lon="-4.687530"><ele>59.0</ele></trkpt>
    <trkpt lat="48.061120" lon="-4.687420"><ele>58.0</ele></trkpt>
    <trkpt lat="48.060930" lon="-4.687200"><ele>58.0</ele></trkpt>
    <trkpt lat="48.060860" lon="-4.686460"><ele>57.0</ele></trkpt>
    <trkpt lat="48.060810" lon="-4.686310"><ele>57.0</ele></trkpt>
    <trkpt lat="48.060340" lon="-4.685940"><ele>59.0</ele></trkpt>
    <trkpt lat="48.060220" lon="-4.685700"><ele>59.0</ele></trkpt>
    <trkpt lat="48.060090" lon="-4.685580"><ele>56.0</ele></trkpt>
    <trkpt lat="48.060000" lon="-4.685270"><ele>53.0</ele></trkpt>
    <trkpt lat="48.060000" lon="-4.685140"><ele>55.0</ele></trkpt>
    <trkpt lat="48.059910" lon="-4.685020"><ele>55.0</ele></trkpt>
    <trkpt lat="48.059940" lon="-4.684970"><ele>55.0</ele></trkpt>
    <trkpt lat="48.060080" lon="-4.684970"><ele>55.0</ele></trkpt>
    <trkpt lat="48.060630" lon="-4.684540"><ele>56.0</ele></trkpt>
    <trkpt lat="48.060710" lon="-4.683990"><ele>58.0</ele></trkpt>
    <trkpt lat="48.060720" lon="-4.683540"><ele>58.0</ele></trkpt>
    <trkpt lat="48.060760" lon="-4.683410"><ele>58.0</ele></trkpt>
    <trkpt lat="48.061250" lon="-4.682910"><ele>50.0</ele></trkpt>
    <trkpt lat="48.061270" lon="-4.682790"><ele>52.0</ele></trkpt>
    <trkpt lat="48.061250" lon="-4.682680"><ele>53.0</ele></trkpt>
    <trkpt lat="48.061280" lon="-4.682540"><ele>53.0</ele></trkpt>
    <trkpt lat="48.061390" lon="-4.682370"><ele>53.0</ele></trkpt>
    <trkpt lat="48.061510" lon="-4.682310"><ele>50.0</ele></trkpt>
    <trkpt lat="48.061710" lon="-4.681960"><ele>53.0</ele></trkpt>
    <trkpt lat="48.061700" lon="-4.681740"><ele>53.0</ele></trkpt>
    <trkpt lat="48.061770" lon="-4.681550"><ele>54.0</ele></trkpt>
    <trkpt lat="48.061840" lon="-4.681180"><ele>52.0</ele></trkpt>
    <trkpt lat="48.061720" lon="-4.681080"><ele>54.0</ele></trkpt>
    <trkpt lat="48.061540" lon="-4.681070"><ele>58.0</ele></trkpt>
    <trkpt lat="48.061440" lon="-4.681170"><ele>60.0</ele></trkpt>
    <trkpt lat="48.061400" lon="-4.681120"><ele>60.0</ele></trkpt>
    <trkpt lat="48.061270" lon="-4.680740"><ele>62.0</ele></trkpt>
    <trkpt lat="48.061290" lon="-4.680570"><ele>60.0</ele></trkpt>
    <trkpt lat="48.060960" lon="-4.680060"><ele>58.0</ele></trkpt>
    <trkpt lat="48.060910" lon="-4.680030"><ele>58.0</ele></trkpt>
    <trkpt lat="48.060780" lon="-4.679710"><ele>59.0</ele></trkpt>
    <trkpt lat="48.060730" lon="-4.679420"><ele>57.0</ele></trkpt>
    <trkpt lat="48.060610" lon="-4.679340"><ele>53.0</ele></trkpt>
    <trkpt lat="48.060460" lon="-4.679330"><ele>53.0</ele></trkpt>
    <trkpt lat="48.060350" lon="-4.679140"><ele>52.0</ele></trkpt>
    <trkpt lat="48.060410" lon="-4.678710"><ele>47.0</ele></trkpt>
    <trkpt lat="48.060550" lon="-4.678210"><ele>52.0</ele></trkpt>
    <trkpt lat="48.060520" lon="-4.677620"><ele>55.0</ele></trkpt>
    <trkpt lat="48.060750" lon="-4.676340"><ele>53.0</ele></trkpt>
    <trkpt lat="48.061060" lon="-4.675310"><ele>48.0</ele></trkpt>
    <trkpt lat="48.061320" lon="-4.675200"><ele>44.0</ele></trkpt>
    <trkpt lat="48.061410" lon="-4.675070"><ele>42.0</ele></trkpt>
    <trkpt lat="48.061420" lon="-4.675000"><ele>42.0</ele></trkpt>
    <trkpt lat="48.061320" lon="-4.674670"><ele>38.0</ele></trkpt>
    <trkpt lat="48.061170" lon="-4.674460"><ele>34.0</ele></trkpt>
    <trkpt lat="48.060940" lon="-4.674030"><ele>31.0</ele></trkpt>
    <trkpt lat="48.060780" lon="-4.673600"><ele>37.0</ele></trkpt>
    <trkpt lat="48.060760" lon="-4.673430"><ele>33.0</ele></trkpt>
    <trkpt lat="48.060720" lon="-4.673380"><ele>27.0</ele></trkpt>
    <trkpt lat="48.060550" lon="-4.673340"><ele>28.0</ele></trkpt>
    <trkpt lat="48.060570" lon="-4.673270"><ele>26.0</ele></trkpt>
    <trkpt lat="48.060520" lon="-4.673210"><ele>26.0</ele></trkpt>
    <trkpt lat="48.060580" lon="-4.672990"><ele>30.0</ele></trkpt>
    <trkpt lat="48.060550" lon="-4.672850"><ele>27.0</ele></trkpt>
    <trkpt lat="48.060490" lon="-4.672610"><ele>29.0</ele></trkpt>
    <trkpt lat="48.060350" lon="-4.672390"><ele>29.0</ele></trkpt>
    <trkpt lat="48.060340" lon="-4.672240"><ele>29.0</ele></trkpt>
    <trkpt lat="48.060280" lon="-4.672040"><ele>30.0</ele></trkpt>
    <trkpt lat="48.060130" lon="-4.671730"><ele>26.0</ele></trkpt>
    <trkpt lat="48.060060" lon="-4.671130"><ele>19.0</ele></trkpt>
    <trkpt lat="48.060230" lon="-4.671220"><ele>21.0</ele></trkpt>
    <trkpt lat="48.060230" lon="-4.671010"><ele>17.0</ele></trkpt>
    <trkpt lat="48.060340" lon="-4.670870"><ele>21.0</ele></trkpt>
    <trkpt lat="48.060390" lon="-4.670880"><ele>21.0</ele></trkpt>
    <trkpt lat="48.060610" lon="-4.671090"><ele>25.0</ele></trkpt>
    <trkpt lat="48.060810" lon="-4.671140"><ele>26.0</ele></trkpt>
    <trkpt lat="48.060930" lon="-4.671220"><ele>28.0</ele></trkpt>
    <trkpt lat="48.061010" lon="-4.671330"><ele>28.0</ele></trkpt>
    <trkpt lat="48.061130" lon="-4.671400"><ele>26.0</ele></trkpt>
    <trkpt lat="48.061210" lon="-4.671430"><ele>26.0</ele></trkpt>
    <trkpt lat="48.061450" lon="-4.671360"><ele>28.0</ele></trkpt>
    <trkpt lat="48.061630" lon="-4.671220"><ele>21.0</ele></trkpt>
    <trkpt lat="48.061890" lon="-4.670480"><ele>22.0</ele></trkpt>
    <trkpt lat="48.062060" lon="-4.670340"><ele>17.0</ele></trkpt>
    <trkpt lat="48.062100" lon="-4.670180"><ele>22.0</ele></trkpt>
    <trkpt lat="48.062100" lon="-4.669990"><ele>19.0</ele></trkpt>
    <trkpt lat="48.062160" lon="-4.670000"><ele>17.0</ele></trkpt>
    <trkpt lat="48.062160" lon="-4.670100"><ele>17.0</ele></trkpt>
    <trkpt lat="48.062190" lon="-4.670110"><ele>17.0</ele></trkpt>
    <trkpt lat="48.062220" lon="-4.670050"><ele>17.0</ele></trkpt>
    <trkpt lat="48.062330" lon="-4.670180"><ele>22.0</ele></trkpt>
    <trkpt lat="48.062410" lon="-4.670390"><ele>20.0</ele></trkpt>
    <trkpt lat="48.062470" lon="-4.670700"><ele>22.0</ele></trkpt>
    <trkpt lat="48.062490" lon="-4.670700"><ele>10.0</ele></trkpt>
    <trkpt lat="48.062550" lon="-4.670240"><ele>25.0</ele></trkpt>
    <trkpt lat="48.062580" lon="-4.670240"><ele>30.0</ele></trkpt>
    <trkpt lat="48.062720" lon="-4.670790"><ele>35.0</ele></trkpt>
    <trkpt lat="48.062930" lon="-4.670850"><ele>40.0</ele></trkpt>
    <trkpt lat="48.063070" lon="-4.670790"><ele>43.0</ele></trkpt>
    <trkpt lat="48.063120" lon="-4.670810"><ele>43.0</ele></trkpt>
    <trkpt lat="48.063180" lon="-4.670760"><ele>43.0</ele></trkpt>
    <trkpt lat="48.063350" lon="-4.670830"><ele>50.0</ele></trkpt>
    <trkpt lat="48.063400" lon="-4.670860"><ele>50.0</ele></trkpt>
    <trkpt lat="48.063560" lon="-4.671120"><ele>48.0</ele></trkpt>
    <trkpt lat="48.063750" lon="-4.671260"><ele>50.0</ele></trkpt>
    <trkpt lat="48.063810" lon="-4.671160"><ele>53.0</ele></trkpt>
    <trkpt lat="48.063840" lon="-4.670940"><ele>55.0</ele></trkpt>
    <trkpt lat="48.063880" lon="-4.670880"><ele>55.0</ele></trkpt>
    <trkpt lat="48.064810" lon="-4.669960"><ele>56.0</ele></trkpt>
    <trkpt lat="48.065360" lon="-4.669290"><ele>60.0</ele></trkpt>
    <trkpt lat="48.065500" lon="-4.669010"><ele>59.0</ele></trkpt>
    <trkpt lat="48.065540" lon="-4.668480"><ele>63.0</ele></trkpt>
    <trkpt lat="48.065670" lon="-4.668150"><ele>61.0</ele></trkpt>
    <trkpt lat="48.065760" lon="-4.668050"><ele>63.0</ele></trkpt>
    <trkpt lat="48.065930" lon="-4.668060"><ele>60.0</ele></trkpt>
    <trkpt lat="48.066140" lon="-4.667990"><ele>61.0</ele></trkpt>
    <trkpt lat="48.066220" lon="-4.667920"><ele>58.0</ele></trkpt>
    <trkpt lat="48.066350" lon="-4.667570"><ele>60.0</ele></trkpt>
    <trkpt lat="48.066350" lon="-4.667350"><ele>60.0</ele></trkpt>
    <trkpt lat="48.066380" lon="-4.667280"><ele>60.0</ele></trkpt>
    <trkpt lat="48.066730" lon="-4.666750"><ele>57.0</ele></trkpt>
    <trkpt lat="48.066770" lon="-4.666750"><ele>55.0</ele></trkpt>
    <trkpt lat="48.066920" lon="-4.666900"><ele>57.0</ele></trkpt>
    <trkpt lat="48.067190" lon="-4.666950"><ele>59.0</ele></trkpt>
    <trkpt lat="48.067470" lon="-4.667070"><ele>59.0</ele></trkpt>
    <trkpt lat="48.067780" lon="-4.667430"><ele>59.0</ele></trkpt>
    <trkpt lat="48.068060" lon="-4.667180"><ele>61.0</ele></trkpt>
    <trkpt lat="48.068290" lon="-4.667120"><ele>64.0</ele></trkpt>
    <trkpt lat="48.068560" lon="-4.667400"><ele>59.0</ele></trkpt>
    <trkpt lat="48.068620" lon="-4.667690"><ele>61.0</ele></trkpt>
    <trkpt lat="48.068670" lon="-4.667770"><ele>57.0</ele></trkpt>
    <trkpt lat="48.068790" lon="-4.667530"><ele>63.0</ele></trkpt>
    <trkpt lat="48.068860" lon="-4.667510"><ele>61.0</ele></trkpt>
    <trkpt lat="48.068940" lon="-4.667380"><ele>63.0</ele></trkpt>
    <trkpt lat="48.069120" lon="-4.667210"><ele>61.0</ele></trkpt>
    <trkpt lat="48.069180" lon="-4.667050"><ele>63.0</ele></trkpt>
    <trkpt lat="48.069290" lon="-4.666940"><ele>61.0</ele></trkpt>
    <trkpt lat="48.069610" lon="-4.666860"><ele>60.0</ele></trkpt>
    <trkpt lat="48.069820" lon="-4.666900"><ele>57.0</ele></trkpt>
    <trkpt lat="48.069910" lon="-4.666820"><ele>60.0</ele></trkpt>
    <trkpt lat="48.070250" lon="-4.666790"><ele>55.0</ele></trkpt>
    <trkpt lat="48.070460" lon="-4.666670"><ele>57.0</ele></trkpt>
    <trkpt lat="48.070420" lon="-4.666420"><ele>58.0</ele></trkpt>
    <trkpt lat="48.070510" lon="-4.666080"><ele>61.0</ele></trkpt>
    <trkpt lat="48.070570" lon="-4.665960"><ele>62.0</ele></trkpt>
    <trkpt lat="48.070640" lon="-4.665590"><ele>61.0</ele></trkpt>
    <trkpt lat="48.070850" lon="-4.665190"><ele>61.0</ele></trkpt>
    <trkpt lat="48.070970" lon="-4.665030"><ele>59.0</ele></trkpt>
    <trkpt lat="48.071150" lon="-4.664870"><ele>59.0</ele></trkpt>
    <trkpt lat="48.071270" lon="-4.664840"><ele>54.0</ele></trkpt>
    <trkpt lat="48.071300" lon="-4.664760"><ele>57.0</ele></trkpt>
    <trkpt lat="48.071410" lon="-4.664690"><ele>54.0</ele></trkpt>
    <trkpt lat="48.071480" lon="-4.664400"><ele>55.0</ele></trkpt>
    <trkpt lat="48.071460" lon="-4.664270"><ele>56.0</ele></trkpt>
    <trkpt lat="48.071420" lon="-4.664210"><ele>56.0</ele></trkpt>
    <trkpt lat="48.070860" lon="-4.664170"><ele>57.0</ele></trkpt>
    <trkpt lat="48.070460" lon="-4.664310"><ele>61.0</ele></trkpt>
    <trkpt lat="48.070330" lon="-4.664310"><ele>62.0</ele></trkpt>
    <trkpt lat="48.070040" lon="-4.664480"><ele>63.0</ele></trkpt>
    <trkpt lat="48.069930" lon="-4.664630"><ele>63.0</ele></trkpt>
    <trkpt lat="48.068930" lon="-4.664300"><ele>64.0</ele></trkpt>
    <trkpt lat="48.069030" lon="-4.664020"><ele>64.0</ele></trkpt>
    <trkpt lat="48.069020" lon="-4.663950"><ele>62.0</ele></trkpt>
    <trkpt lat="48.069060" lon="-4.663840"><ele>62.0</ele></trkpt>
    <trkpt lat="48.069030" lon="-4.663800"><ele>62.0</ele></trkpt>
    <trkpt lat="48.068890" lon="-4.663710"><ele>60.0</ele></trkpt>
    <trkpt lat="48.068800" lon="-4.663530"><ele>57.0</ele></trkpt>
    <trkpt lat="48.068540" lon="-4.663480"><ele>56.0</ele></trkpt>
    <trkpt lat="48.068290" lon="-4.663270"><ele>53.0</ele></trkpt>
    <trkpt lat="48.067960" lon="-4.663080"><ele>56.0</ele></trkpt>
    <trkpt lat="48.067830" lon="-4.662870"><ele>55.0</ele></trkpt>
    <trkpt lat="48.067810" lon="-4.662770"><ele>52.0</ele></trkpt>
    <trkpt lat="48.067860" lon="-4.662580"><ele>56.0</ele></trkpt>
    <trkpt lat="48.067950" lon="-4.661510"><ele>57.0</ele></trkpt>
    <trkpt lat="48.068070" lon="-4.660520"><ele>58.0</ele></trkpt>
    <trkpt lat="48.068130" lon="-4.660370"><ele>57.0</ele></trkpt>
    <trkpt lat="48.068250" lon="-4.660260"><ele>56.0</ele></trkpt>
    <trkpt lat="48.068450" lon="-4.659930"><ele>60.0</ele></trkpt>
    <trkpt lat="48.068550" lon="-4.659880"><ele>60.0</ele></trkpt>
    <trkpt lat="48.068480" lon="-4.659670"><ele>61.0</ele></trkpt>
    <trkpt lat="48.068480" lon="-4.659260"><ele>61.0</ele></trkpt>
    <trkpt lat="48.068170" lon="-4.659000"><ele>61.0</ele></trkpt>
    <trkpt lat="48.068170" lon="-4.658500"><ele>55.0</ele></trkpt>
    <trkpt lat="48.068090" lon="-4.658450"><ele>53.0</ele></trkpt>
    <trkpt lat="48.067870" lon="-4.658180"><ele>53.0</ele></trkpt>
    <trkpt lat="48.067790" lon="-4.657680"><ele>56.0</ele></trkpt>
    <trkpt lat="48.067610" lon="-4.657020"><ele>53.0</ele></trkpt>
    <trkpt lat="48.067600" lon="-4.656700"><ele>54.0</ele></trkpt>
    <trkpt lat="48.067560" lon="-4.656600"><ele>55.0</ele></trkpt>
    <trkpt lat="48.067450" lon="-4.656550"><ele>55.0</ele></trkpt>
    <trkpt lat="48.067450" lon="-4.656500"><ele>55.0</ele></trkpt>
    <trkpt lat="48.067590" lon="-4.656360"><ele>45.0</ele></trkpt>
    <trkpt lat="48.067510" lon="-4.656150"><ele>49.0</ele></trkpt>
    <trkpt lat="48.067150" lon="-4.655740"><ele>48.0</ele></trkpt>
    <trkpt lat="48.067150" lon="-4.655660"><ele>47.0</ele></trkpt>
    <trkpt lat="48.067200" lon="-4.655570"><ele>48.0</ele></trkpt>
    <trkpt lat="48.067310" lon="-4.655620"><ele>44.0</ele></trkpt>
    <trkpt lat="48.067450" lon="-4.655520"><ele>48.0</ele></trkpt>
    <trkpt lat="48.067440" lon="-4.655450"><ele>48.0</ele></trkpt>
    <trkpt lat="48.067520" lon="-4.655360"><ele>53.0</ele></trkpt>
    <trkpt lat="48.067490" lon="-4.655230"><ele>54.0</ele></trkpt>
    <trkpt lat="48.067550" lon="-4.655020"><ele>56.0</ele></trkpt>
    <trkpt lat="48.067690" lon="-4.654770"><ele>57.0</ele></trkpt>
    <trkpt lat="48.067930" lon="-4.654580"><ele>58.0</ele></trkpt>
    <trkpt lat="48.068180" lon="-4.654440"><ele>60.0</ele></trkpt>
    <trkpt lat="48.068260" lon="-4.654440"><ele>58.0</ele></trkpt>
    <trkpt lat="48.068350" lon="-4.654180"><ele>57.0</ele></trkpt>
    <trkpt lat="48.068230" lon="-4.653460"><ele>60.0</ele></trkpt>
    <trkpt lat="48.068280" lon="-4.653180"><ele>63.0</ele></trkpt>
    <trkpt lat="48.068220" lon="-4.652570"><ele>66.0</ele></trkpt>
    <trkpt lat="48.068060" lon="-4.652190"><ele>68.0</ele></trkpt>
    <trkpt lat="48.067900" lon="-4.651440"><ele>71.0</ele></trkpt>
    <trkpt lat="48.067840" lon="-4.651040"><ele>72.0</ele></trkpt>
    <trkpt lat="48.067850" lon="-4.650950"><ele>72.0</ele></trkpt>
    <trkpt lat="48.067980" lon="-4.650660"><ele>74.0</ele></trkpt>
    <trkpt lat="48.068660" lon="-4.650640"><ele>69.0</ele></trkpt>
    <trkpt lat="48.068870" lon="-4.650740"><ele>69.0</ele></trkpt>
    <trkpt lat="48.068870" lon="-4.650250"><ele>71.0</ele></trkpt>
    <trkpt lat="48.068840" lon="-4.650180"><ele>71.0</ele></trkpt>
    <trkpt lat="48.068670" lon="-4.650080"><ele>79.0</ele></trkpt>
    <trkpt lat="48.068530" lon="-4.649670"><ele>80.0</ele></trkpt>
    <trkpt lat="48.068420" lon="-4.649100"><ele>76.0</ele></trkpt>
    <trkpt lat="48.068460" lon="-4.648560"><ele>71.0</ele></trkpt>
    <trkpt lat="48.068300" lon="-4.648360"><ele>71.0</ele></trkpt>
    <trkpt lat="48.068090" lon="-4.647860"><ele>70.0</ele></trkpt>
    <trkpt lat="48.068120" lon="-4.647640"><ele>68.0</ele></trkpt>
    <trkpt lat="48.068070" lon="-4.647520"><ele>68.0</ele></trkpt>
    <trkpt lat="48.068070" lon="-4.647410"><ele>65.0</ele></trkpt>
    <trkpt lat="48.068110" lon="-4.647300"><ele>65.0</ele></trkpt>
    <trkpt lat="48.068130" lon="-4.647100"><ele>59.0</ele></trkpt>
    <trkpt lat="48.067990" lon="-4.646950"><ele>61.0</ele></trkpt>
    <trkpt lat="48.067750" lon="-4.646170"><ele>61.0</ele></trkpt>
    <trkpt lat="48.067530" lon="-4.646040"><ele>60.0</ele></trkpt>
    <trkpt lat="48.067350" lon="-4.645810"><ele>60.0</ele></trkpt>
    <trkpt lat="48.067270" lon="-4.645600"><ele>63.0</ele></trkpt>
    <trkpt lat="48.067230" lon="-4.645390"><ele>59.0</ele></trkpt>
    <trkpt lat="48.067090" lon="-4.645170"><ele>60.0</ele></trkpt>
    <trkpt lat="48.067050" lon="-4.644990"><ele>57.0</ele></trkpt>
    <trkpt lat="48.066870" lon="-4.645110"><ele>60.0</ele></trkpt>
    <trkpt lat="48.066840" lon="-4.645090"><ele>62.0</ele></trkpt>
    <trkpt lat="48.066910" lon="-4.644930"><ele>62.0</ele></trkpt>
    <trkpt lat="48.066740" lon="-4.644340"><ele>65.0</ele></trkpt>
    <trkpt lat="48.066640" lon="-4.643870"><ele>60.0</ele></trkpt>
    <trkpt lat="48.066440" lon="-4.643540"><ele>61.0</ele></trkpt>
    <trkpt lat="48.066460" lon="-4.643460"><ele>63.0</ele></trkpt>
    <trkpt lat="48.066350" lon="-4.643060"><ele>64.0</ele></trkpt>
    <trkpt lat="48.066380" lon="-4.642790"><ele>68.0</ele></trkpt>
    <trkpt lat="48.066510" lon="-4.642480"><ele>68.0</ele></trkpt>
    <trkpt lat="48.066560" lon="-4.642260"><ele>71.0</ele></trkpt>
    <trkpt lat="48.066490" lon="-4.641510"><ele>67.0</ele></trkpt>
    <trkpt lat="48.066520" lon="-4.641220"><ele>67.0</ele></trkpt>
    <trkpt lat="48.066460" lon="-4.640850"><ele>67.0</ele></trkpt>
    <trkpt lat="48.066470" lon="-4.640410"><ele>67.0</ele></trkpt>
    <trkpt lat="48.066610" lon="-4.640140"><ele>68.0</ele></trkpt>
    <trkpt lat="48.066750" lon="-4.639960"><ele>68.0</ele></trkpt>
    <trkpt lat="48.066890" lon="-4.639900"><ele>68.0</ele></trkpt>
    <trkpt lat="48.067130" lon="-4.639620"><ele>69.0</ele></trkpt>
    <trkpt lat="48.067340" lon="-4.639200"><ele>75.0</ele></trkpt>
    <trkpt lat="48.067500" lon="-4.639020"><ele>76.0</ele></trkpt>
    <trkpt lat="48.067540" lon="-4.638320"><ele>74.0</ele></trkpt>
    <trkpt lat="48.067490" lon="-4.638280"><ele>76.0</ele></trkpt>
    <trkpt lat="48.067490" lon="-4.638050"><ele>76.0</ele></trkpt>
    <trkpt lat="48.067670" lon="-4.636890"><ele>74.0</ele></trkpt>
    <trkpt lat="48.067620" lon="-4.636760"><ele>74.0</ele></trkpt>
    <trkpt lat="48.067560" lon="-4.636740"><ele>78.0</ele></trkpt>
    <trkpt lat="48.067310" lon="-4.636360"><ele>77.0</ele></trkpt>
    <trkpt lat="48.067240" lon="-4.635300"><ele>78.0</ele></trkpt>
    <trkpt lat="48.067250" lon="-4.635040"><ele>77.0</ele></trkpt>
    <trkpt lat="48.067200" lon="-4.634810"><ele>76.0</ele></trkpt>
    <trkpt lat="48.067060" lon="-4.634490"><ele>74.0</ele></trkpt>
    <trkpt lat="48.067050" lon="-4.634300"><ele>74.0</ele></trkpt>
    <trkpt lat="48.066720" lon="-4.633890"><ele>71.0</ele></trkpt>
    <trkpt lat="48.066620" lon="-4.633590"><ele>71.0</ele></trkpt>
    <trkpt lat="48.066520" lon="-4.633470"><ele>71.0</ele></trkpt>
    <trkpt lat="48.066530" lon="-4.633280"><ele>72.0</ele></trkpt>
    <trkpt lat="48.066480" lon="-4.633000"><ele>72.0</ele></trkpt>
    <trkpt lat="48.066410" lon="-4.632840"><ele>71.0</ele></trkpt>
    <trkpt lat="48.066320" lon="-4.632660"><ele>73.0</ele></trkpt>
    <trkpt lat="48.066240" lon="-4.632760"><ele>75.0</ele></trkpt>
    <trkpt lat="48.066120" lon="-4.632770"><ele>75.0</ele></trkpt>
    <trkpt lat="48.065070" lon="-4.632060"><ele>76.0</ele></trkpt>
    <trkpt lat="48.064880" lon="-4.631260"><ele>72.0</ele></trkpt>
    <trkpt lat="48.064730" lon="-4.630980"><ele>72.0</ele></trkpt>
    <trkpt lat="48.064920" lon="-4.630400"><ele>75.0</ele></trkpt>
    <trkpt lat="48.064930" lon="-4.630270"><ele>76.0</ele></trkpt>
    <trkpt lat="48.065260" lon="-4.630320"><ele>74.0</ele></trkpt>
    <trkpt lat="48.065540" lon="-4.630160"><ele>74.0</ele></trkpt>
    <trkpt lat="48.065660" lon="-4.629980"><ele>71.0</ele></trkpt>
    <trkpt lat="48.065680" lon="-4.629630"><ele>70.0</ele></trkpt>
    <trkpt lat="48.065620" lon="-4.629250"><ele>68.0</ele></trkpt>
    <trkpt lat="48.065620" lon="-4.628980"><ele>68.0</ele></trkpt>
    <trkpt lat="48.065690" lon="-4.628780"><ele>69.0</ele></trkpt>
    <trkpt lat="48.065970" lon="-4.628350"><ele>67.0</ele></trkpt>
    <trkpt lat="48.066260" lon="-4.628410"><ele>68.0</ele></trkpt>
    <trkpt lat="48.066650" lon="-4.628360"><ele>68.0</ele></trkpt>
    <trkpt lat="48.067180" lon="-4.628480"><ele>64.0</ele></trkpt>
    <trkpt lat="48.067310" lon="-4.628360"><ele>63.0</ele></trkpt>
    <trkpt lat="48.067840" lon="-4.627660"><ele>66.0</ele></trkpt>
    <trkpt lat="48.067960" lon="-4.627560"><ele>67.0</ele></trkpt>
    <trkpt lat="48.068300" lon="-4.627630"><ele>66.0</ele></trkpt>
    <trkpt lat="48.068400" lon="-4.627500"><ele>66.0</ele></trkpt>
    <trkpt lat="48.068700" lon="-4.627470"><ele>66.0</ele></trkpt>
    <trkpt lat="48.069150" lon="-4.627460"><ele>67.0</ele></trkpt>
    <trkpt lat="48.070070" lon="-4.627540"><ele>69.0</ele></trkpt>
    <trkpt lat="48.070140" lon="-4.627580"><ele>69.0</ele></trkpt>
    <trkpt lat="48.070270" lon="-4.627860"><ele>68.0</ele></trkpt>
    <trkpt lat="48.070740" lon="-4.628120"><ele>67.0</ele></trkpt>
    <trkpt lat="48.070770" lon="-4.627940"><ele>66.0</ele></trkpt>
    <trkpt lat="48.070740" lon="-4.627850"><ele>67.0</ele></trkpt>
    <trkpt lat="48.070460" lon="-4.627320"><ele>66.0</ele></trkpt>
    <trkpt lat="48.070420" lon="-4.627150"><ele>64.0</ele></trkpt>
    <trkpt lat="48.070250" lon="-4.626890"><ele>64.0</ele></trkpt>
    <trkpt lat="48.070150" lon="-4.626500"><ele>63.0</ele></trkpt>
    <trkpt lat="48.070100" lon="-4.626090"><ele>59.0</ele></trkpt>
    <trkpt lat="48.070130" lon="-4.625980"><ele>59.0</ele></trkpt>
    <trkpt lat="48.070090" lon="-4.625770"><ele>61.0</ele></trkpt>
    <trkpt lat="48.069890" lon="-4.625200"><ele>60.0</ele></trkpt>
    <trkpt lat="48.069840" lon="-4.624920"><ele>59.0</ele></trkpt>
    <trkpt lat="48.069840" lon="-4.624390"><ele>55.0</ele></trkpt>
    <trkpt lat="48.069790" lon="-4.624130"><ele>52.0</ele></trkpt>
    <trkpt lat="48.069780" lon="-4.623850"><ele>48.0</ele></trkpt>
    <trkpt lat="48.069730" lon="-4.623830"><ele>48.0</ele></trkpt>
    <trkpt lat="48.069680" lon="-4.623700"><ele>48.0</ele></trkpt>
    <trkpt lat="48.069480" lon="-4.623500"><ele>48.0</ele></trkpt>
    <trkpt lat="48.069110" lon="-4.623020"><ele>41.0</ele></trkpt>
    <trkpt lat="48.068780" lon="-4.622500"><ele>34.0</ele></trkpt>
    <trkpt lat="48.068560" lon="-4.622250"><ele>26.0</ele></trkpt>
    <trkpt lat="48.068310" lon="-4.622160"><ele>26.0</ele></trkpt>
    <trkpt lat="48.067480" lon="-4.622160"><ele>37.0</ele></trkpt>
    <trkpt lat="48.066850" lon="-4.622070"><ele>46.0</ele></trkpt>
    <trkpt lat="48.066890" lon="-4.621930"><ele>46.0</ele></trkpt>
    <trkpt lat="48.067170" lon="-4.621670"><ele>48.0</ele></trkpt>
    <trkpt lat="48.067140" lon="-4.621590"><ele>52.0</ele></trkpt>
    <trkpt lat="48.067210" lon="-4.621480"><ele>52.0</ele></trkpt>
    <trkpt lat="48.067200" lon="-4.621410"><ele>52.0</ele></trkpt>
    <trkpt lat="48.067120" lon="-4.621360"><ele>55.0</ele></trkpt>
    <trkpt lat="48.067110" lon="-4.621310"><ele>55.0</ele></trkpt>
    <trkpt lat="48.067100" lon="-4.620570"><ele>59.0</ele></trkpt>
    <trkpt lat="48.067120" lon="-4.619880"><ele>56.0</ele></trkpt>
    <trkpt lat="48.067170" lon="-4.619690"><ele>53.0</ele></trkpt>
    <trkpt lat="48.067240" lon="-4.619760"><ele>56.0</ele></trkpt>
    <trkpt lat="48.067130" lon="-4.619380"><ele>46.0</ele></trkpt>
    <trkpt lat="48.067160" lon="-4.619340"><ele>46.0</ele></trkpt>
    <trkpt lat="48.067550" lon="-4.619580"><ele>42.0</ele></trkpt>
    <trkpt lat="48.067780" lon="-4.619860"><ele>42.0</ele></trkpt>
    <trkpt lat="48.068100" lon="-4.620070"><ele>44.0</ele></trkpt>
    <trkpt lat="48.068140" lon="-4.620140"><ele>44.0</ele></trkpt>
    <trkpt lat="48.068220" lon="-4.620150"><ele>49.0</ele></trkpt>
    <trkpt lat="48.068320" lon="-4.620100"><ele>50.0</ele></trkpt>
    <trkpt lat="48.068500" lon="-4.619780"><ele>56.0</ele></trkpt>
    <trkpt lat="48.068520" lon="-4.619320"><ele>59.0</ele></trkpt>
    <trkpt lat="48.068750" lon="-4.618770"><ele>61.0</ele></trkpt>
    <trkpt lat="48.069300" lon="-4.618030"><ele>63.0</ele></trkpt>
    <trkpt lat="48.069400" lon="-4.617960"><ele>65.0</ele></trkpt>
    <trkpt lat="48.069480" lon="-4.617810"><ele>64.0</ele></trkpt>
    <trkpt lat="48.069460" lon="-4.617370"><ele>64.0</ele></trkpt>
    <trkpt lat="48.069350" lon="-4.617090"><ele>65.0</ele></trkpt>
    <trkpt lat="48.069350" lon="-4.617000"><ele>65.0</ele></trkpt>
    <trkpt lat="48.069460" lon="-4.616760"><ele>65.0</ele></trkpt>
    <trkpt lat="48.069460" lon="-4.616620"><ele>65.0</ele></trkpt>
    <trkpt lat="48.069400" lon="-4.616560"><ele>65.0</ele></trkpt>
    <trkpt lat="48.069400" lon="-4.616510"><ele>65.0</ele></trkpt>
    <trkpt lat="48.069440" lon="-4.616440"><ele>65.0</ele></trkpt>
    <trkpt lat="48.069470" lon="-4.616220"><ele>67.0</ele></trkpt>
    <trkpt lat="48.069550" lon="-4.616110"><ele>68.0</ele></trkpt>
    <trkpt lat="48.069540" lon="-4.615920"><ele>67.0</ele></trkpt>
    <trkpt lat="48.069450" lon="-4.615820"><ele>67.0</ele></trkpt>
    <trkpt lat="48.068760" lon="-4.615530"><ele>67.0</ele></trkpt>
    <trkpt lat="48.068730" lon="-4.615440"><ele>67.0</ele></trkpt>
    <trkpt lat="48.068910" lon="-4.614710"><ele>68.0</ele></trkpt>
    <trkpt lat="48.068980" lon="-4.614570"><ele>69.0</ele></trkpt>
    <trkpt lat="48.069560" lon="-4.612600"><ele>70.0</ele></trkpt>
    <trkpt lat="48.069890" lon="-4.611650"><ele>71.0</ele></trkpt>
    <trkpt lat="48.069860" lon="-4.611490"><ele>72.0</ele></trkpt>
    <trkpt lat="48.069880" lon="-4.611430"><ele>72.0</ele></trkpt>
    <trkpt lat="48.070000" lon="-4.611200"><ele>72.0</ele></trkpt>
    <trkpt lat="48.070450" lon="-4.610060"><ele>71.0</ele></trkpt>
    <trkpt lat="48.071250" lon="-4.608630"><ele>50.0</ele></trkpt>
    <trkpt lat="48.071460" lon="-4.608800"><ele>50.0</ele></trkpt>
    <trkpt lat="48.071740" lon="-4.608830"><ele>46.0</ele></trkpt>
    <trkpt lat="48.071750" lon="-4.608770"><ele>46.0</ele></trkpt>
    <trkpt lat="48.071600" lon="-4.608430"><ele>42.0</ele></trkpt>
    <trkpt lat="48.071780" lon="-4.608350"><ele>35.0</ele></trkpt>
    <trkpt lat="48.071800" lon="-4.608320"><ele>35.0</ele></trkpt>
    <trkpt lat="48.071780" lon="-4.608220"><ele>35.0</ele></trkpt>
    <trkpt lat="48.071810" lon="-4.608180"><ele>30.0</ele></trkpt>
    <trkpt lat="48.071960" lon="-4.608200"><ele>29.0</ele></trkpt>
    <trkpt lat="48.072040" lon="-4.608270"><ele>29.0</ele></trkpt>
    <trkpt lat="48.072140" lon="-4.608230"><ele>23.0</ele></trkpt>
    <trkpt lat="48.072130" lon="-4.608160"><ele>25.0</ele></trkpt>
    <trkpt lat="48.072190" lon="-4.608130"><ele>25.0</ele></trkpt>
    <trkpt lat="48.072200" lon="-4.608050"><ele>25.0</ele></trkpt>
    <trkpt lat="48.072030" lon="-4.607780"><ele>32.0</ele></trkpt>
    <trkpt lat="48.072270" lon="-4.607710"><ele>33.0</ele></trkpt>
    <trkpt lat="48.072410" lon="-4.607540"><ele>39.0</ele></trkpt>
    <trkpt lat="48.072690" lon="-4.607440"><ele>46.0</ele></trkpt>
    <trkpt lat="48.072770" lon="-4.607280"><ele>49.0</ele></trkpt>
    <trkpt lat="48.072850" lon="-4.607260"><ele>49.0</ele></trkpt>
    <trkpt lat="48.073040" lon="-4.607040"><ele>51.0</ele></trkpt>
    <trkpt lat="48.073190" lon="-4.606980"><ele>53.0</ele></trkpt>
    <trkpt lat="48.073470" lon="-4.606680"><ele>53.0</ele></trkpt>
    <trkpt lat="48.073530" lon="-4.606230"><ele>53.0</ele></trkpt>
    <trkpt lat="48.073590" lon="-4.606120"><ele>53.0</ele></trkpt>
    <trkpt lat="48.073750" lon="-4.605990"><ele>53.0</ele></trkpt>
    <trkpt lat="48.073870" lon="-4.605800"><ele>52.0</ele></trkpt>
    <trkpt lat="48.073610" lon="-4.604750"><ele>65.0</ele></trkpt>
    <trkpt lat="48.073610" lon="-4.604650"><ele>65.0</ele></trkpt>
    <trkpt lat="48.073760" lon="-4.604280"><ele>64.0</ele></trkpt>
    <trkpt lat="48.073780" lon="-4.604160"><ele>66.0</ele></trkpt>
    <trkpt lat="48.073890" lon="-4.603960"><ele>64.0</ele></trkpt>
    <trkpt lat="48.074060" lon="-4.603890"><ele>65.0</ele></trkpt>
    <trkpt lat="48.074500" lon="-4.603490"><ele>76.0</ele></trkpt>
    <trkpt lat="48.074440" lon="-4.603420"><ele>76.0</ele></trkpt>
    <trkpt lat="48.074400" lon="-4.602860"><ele>77.0</ele></trkpt>
    <trkpt lat="48.074310" lon="-4.602200"><ele>77.0</ele></trkpt>
    <trkpt lat="48.074290" lon="-4.601670"><ele>77.0</ele></trkpt>
    <trkpt lat="48.074480" lon="-4.601010"><ele>74.0</ele></trkpt>
    <trkpt lat="48.074540" lon="-4.600620"><ele>65.0</ele></trkpt>
    <trkpt lat="48.074610" lon="-4.600410"><ele>61.0</ele></trkpt>
    <trkpt lat="48.074710" lon="-4.600260"><ele>55.0</ele></trkpt>
    <trkpt lat="48.074450" lon="-4.600080"><ele>61.0</ele></trkpt>
    <trkpt lat="48.074360" lon="-4.599940"><ele>60.0</ele></trkpt>
    <trkpt lat="48.074140" lon="-4.599750"><ele>64.0</ele></trkpt>
    <trkpt lat="48.074060" lon="-4.599460"><ele>63.0</ele></trkpt>
    <trkpt lat="48.073810" lon="-4.599080"><ele>65.0</ele></trkpt>
    <trkpt lat="48.073720" lon="-4.598700"><ele>65.0</ele></trkpt>
    <trkpt lat="48.073790" lon="-4.598280"><ele>65.0</ele></trkpt>
    <trkpt lat="48.073740" lon="-4.597970"><ele>67.0</ele></trkpt>
    <trkpt lat="48.073950" lon="-4.596950"><ele>72.0</ele></trkpt>
    <trkpt lat="48.073640" lon="-4.596730"><ele>72.0</ele></trkpt>
    <trkpt lat="48.073530" lon="-4.596810"><ele>72.0</ele></trkpt>
    <trkpt lat="48.073670" lon="-4.596000"><ele>73.0</ele></trkpt>
    <trkpt lat="48.073820" lon="-4.595410"><ele>73.0</ele></trkpt>
    <trkpt lat="48.073820" lon="-4.595280"><ele>73.0</ele></trkpt>
    <trkpt lat="48.073760" lon="-4.595180"><ele>72.0</ele></trkpt>
    <trkpt lat="48.073470" lon="-4.595070"><ele>72.0</ele></trkpt>
    <trkpt lat="48.073410" lon="-4.594920"><ele>71.0</ele></trkpt>
    <trkpt lat="48.073430" lon="-4.594270"><ele>69.0</ele></trkpt>
    <trkpt lat="48.073360" lon="-4.593520"><ele>66.0</ele></trkpt>
    <trkpt lat="48.073360" lon="-4.593150"><ele>64.0</ele></trkpt>
    <trkpt lat="48.073440" lon="-4.592510"><ele>58.0</ele></trkpt>
    <trkpt lat="48.073430" lon="-4.592390"><ele>55.0</ele></trkpt>
    <trkpt lat="48.073500" lon="-4.592240"><ele>55.0</ele></trkpt>
    <trkpt lat="48.073390" lon="-4.592220"><ele>55.0</ele></trkpt>
    <trkpt lat="48.073300" lon="-4.592100"><ele>54.0</ele></trkpt>
    <trkpt lat="48.073160" lon="-4.592130"><ele>54.0</ele></trkpt>
    <trkpt lat="48.073190" lon="-4.592020"><ele>56.0</ele></trkpt>
    <trkpt lat="48.073180" lon="-4.591940"><ele>56.0</ele></trkpt>
    <trkpt lat="48.073150" lon="-4.591940"><ele>56.0</ele></trkpt>
    <trkpt lat="48.073180" lon="-4.591760"><ele>57.0</ele></trkpt>
    <trkpt lat="48.072960" lon="-4.591350"><ele>60.0</ele></trkpt>
    <trkpt lat="48.072760" lon="-4.590640"><ele>56.0</ele></trkpt>
    <trkpt lat="48.072550" lon="-4.590110"><ele>57.0</ele></trkpt>
    <trkpt lat="48.072570" lon="-4.590070"><ele>57.0</ele></trkpt>
    <trkpt lat="48.072660" lon="-4.590090"><ele>55.0</ele></trkpt>
    <trkpt lat="48.072730" lon="-4.590260"><ele>55.0</ele></trkpt>
    <trkpt lat="48.073080" lon="-4.590400"><ele>53.0</ele></trkpt>
    <trkpt lat="48.073430" lon="-4.590380"><ele>58.0</ele></trkpt>
    <trkpt lat="48.073560" lon="-4.590220"><ele>63.0</ele></trkpt>
    <trkpt lat="48.073570" lon="-4.590110"><ele>65.0</ele></trkpt>
    <trkpt lat="48.073540" lon="-4.589970"><ele>66.0</ele></trkpt>
    <trkpt lat="48.073560" lon="-4.589880"><ele>66.0</ele></trkpt>
    <trkpt lat="48.073750" lon="-4.589530"><ele>66.0</ele></trkpt>
    <trkpt lat="48.074030" lon="-4.589420"><ele>66.0</ele></trkpt>
    <trkpt lat="48.074420" lon="-4.589350"><ele>67.0</ele></trkpt>
    <trkpt lat="48.074540" lon="-4.589370"><ele>67.0</ele></trkpt>
    <trkpt lat="48.074840" lon="-4.589220"><ele>69.0</ele></trkpt>
    <trkpt lat="48.075180" lon="-4.589130"><ele>69.0</ele></trkpt>
    <trkpt lat="48.075230" lon="-4.589080"><ele>71.0</ele></trkpt>
    <trkpt lat="48.075840" lon="-4.588340"><ele>70.0</ele></trkpt>
    <trkpt lat="48.076410" lon="-4.587180"><ele>67.0</ele></trkpt>
    <trkpt lat="48.076700" lon="-4.586750"><ele>66.0</ele></trkpt>
    <trkpt lat="48.077040" lon="-4.586500"><ele>66.0</ele></trkpt>
    <trkpt lat="48.076830" lon="-4.586330"><ele>66.0</ele></trkpt>
    <trkpt lat="48.077200" lon="-4.585600"><ele>66.0</ele></trkpt>
    <trkpt lat="48.077740" lon="-4.584650"><ele>64.0</ele></trkpt>
    <trkpt lat="48.077970" lon="-4.584480"><ele>63.0</ele></trkpt>
    <trkpt lat="48.078110" lon="-4.584300"><ele>62.0</ele></trkpt>
    <trkpt lat="48.078490" lon="-4.584010"><ele>60.0</ele></trkpt>
    <trkpt lat="48.078590" lon="-4.583830"><ele>59.0</ele></trkpt>
    <trkpt lat="48.078920" lon="-4.583400"><ele>53.0</ele></trkpt>
    <trkpt lat="48.079430" lon="-4.583480"><ele>35.0</ele></trkpt>
    <trkpt lat="48.079370" lon="-4.583260"><ele>29.0</ele></trkpt>
    <trkpt lat="48.079550" lon="-4.583200"><ele>31.0</ele></trkpt>
    <trkpt lat="48.079610" lon="-4.583150"><ele>23.0</ele></trkpt>
    <trkpt lat="48.079590" lon="-4.583120"><ele>23.0</ele></trkpt>
    <trkpt lat="48.079630" lon="-4.583050"><ele>22.0</ele></trkpt>
    <trkpt lat="48.079380" lon="-4.582870"><ele>28.0</ele></trkpt>
    <trkpt lat="48.079340" lon="-4.582800"><ele>28.0</ele></trkpt>
    <trkpt lat="48.079320" lon="-4.582710"><ele>33.0</ele></trkpt>
    <trkpt lat="48.079370" lon="-4.582650"><ele>33.0</ele></trkpt>
    <trkpt lat="48.079340" lon="-4.582600"><ele>33.0</ele></trkpt>
    <trkpt lat="48.079470" lon="-4.582510"><ele>38.0</ele></trkpt>
    <trkpt lat="48.079380" lon="-4.582420"><ele>44.0</ele></trkpt>
    <trkpt lat="48.079710" lon="-4.582280"><ele>46.0</ele></trkpt>
    <trkpt lat="48.079800" lon="-4.582200"><ele>48.0</ele></trkpt>
    <trkpt lat="48.079880" lon="-4.582040"><ele>47.0</ele></trkpt>
    <trkpt lat="48.079980" lon="-4.582000"><ele>47.0</ele></trkpt>
    <trkpt lat="48.080010" lon="-4.581930"><ele>43.0</ele></trkpt>
    <trkpt lat="48.080010" lon="-4.581710"><ele>47.0</ele></trkpt>
    <trkpt lat="48.080050" lon="-4.581610"><ele>47.0</ele></trkpt>
    <trkpt lat="48.080140" lon="-4.581540"><ele>45.0</ele></trkpt>
    <trkpt lat="48.080350" lon="-4.581490"><ele>44.0</ele></trkpt>
    <trkpt lat="48.081160" lon="-4.581630"><ele>31.0</ele></trkpt>
    <trkpt lat="48.081360" lon="-4.581860"><ele>30.0</ele></trkpt>
    <trkpt lat="48.081530" lon="-4.581930"><ele>25.0</ele></trkpt>
    <trkpt lat="48.081590" lon="-4.581820"><ele>28.0</ele></trkpt>
    <trkpt lat="48.081600" lon="-4.581540"><ele>30.0</ele></trkpt>
    <trkpt lat="48.081690" lon="-4.581130"><ele>35.0</ele></trkpt>
    <trkpt lat="48.081690" lon="-4.580670"><ele>35.0</ele></trkpt>
    <trkpt lat="48.081740" lon="-4.580490"><ele>24.0</ele></trkpt>
    <trkpt lat="48.081750" lon="-4.580320"><ele>34.0</ele></trkpt>
    <trkpt lat="48.081660" lon="-4.580170"><ele>33.0</ele></trkpt>
    <trkpt lat="48.081560" lon="-4.579770"><ele>33.0</ele></trkpt>
    <trkpt lat="48.081360" lon="-4.579470"><ele>41.0</ele></trkpt>
    <trkpt lat="48.081180" lon="-4.579380"><ele>47.0</ele></trkpt>
    <trkpt lat="48.081120" lon="-4.579260"><ele>47.0</ele></trkpt>
    <trkpt lat="48.081120" lon="-4.579150"><ele>47.0</ele></trkpt>
    <trkpt lat="48.081050" lon="-4.579160"><ele>47.0</ele></trkpt>
    <trkpt lat="48.081020" lon="-4.579120"><ele>47.0</ele></trkpt>
    <trkpt lat="48.080930" lon="-4.578830"><ele>52.0</ele></trkpt>
    <trkpt lat="48.080920" lon="-4.578660"><ele>50.0</ele></trkpt>
    <trkpt lat="48.080790" lon="-4.578470"><ele>53.0</ele></trkpt>
    <trkpt lat="48.080740" lon="-4.578290"><ele>52.0</ele></trkpt>
    <trkpt lat="48.080640" lon="-4.578130"><ele>55.0</ele></trkpt>
    <trkpt lat="48.080690" lon="-4.577770"><ele>56.0</ele></trkpt>
    <trkpt lat="48.080850" lon="-4.577610"><ele>53.0</ele></trkpt>
    <trkpt lat="48.081030" lon="-4.577310"><ele>48.0</ele></trkpt>
    <trkpt lat="48.081050" lon="-4.577210"><ele>48.0</ele></trkpt>
    <trkpt lat="48.081030" lon="-4.576520"><ele>50.0</ele></trkpt>
    <trkpt lat="48.080990" lon="-4.576230"><ele>58.0</ele></trkpt>
    <trkpt lat="48.080780" lon="-4.575910"><ele>60.0</ele></trkpt>
    <trkpt lat="48.080740" lon="-4.575600"><ele>57.0</ele></trkpt>
    <trkpt lat="48.080860" lon="-4.575500"><ele>54.0</ele></trkpt>
    <trkpt lat="48.081430" lon="-4.575360"><ele>39.0</ele></trkpt>
    <trkpt lat="48.081490" lon="-4.575020"><ele>38.0</ele></trkpt>
    <trkpt lat="48.081480" lon="-4.574730"><ele>38.0</ele></trkpt>
    <trkpt lat="48.081590" lon="-4.574060"><ele>30.0</ele></trkpt>
    <trkpt lat="48.081590" lon="-4.573920"><ele>29.0</ele></trkpt>
    <trkpt lat="48.081540" lon="-4.573750"><ele>25.0</ele></trkpt>
    <trkpt lat="48.081560" lon="-4.573730"><ele>25.0</ele></trkpt>
    <trkpt lat="48.081630" lon="-4.573790"><ele>25.0</ele></trkpt>
    <trkpt lat="48.081630" lon="-4.573630"><ele>22.0</ele></trkpt>
    <trkpt lat="48.081710" lon="-4.573490"><ele>23.0</ele></trkpt>
    <trkpt lat="48.081710" lon="-4.573390"><ele>12.0</ele></trkpt>
    <trkpt lat="48.081640" lon="-4.573300"><ele>18.0</ele></trkpt>
    <trkpt lat="48.081440" lon="-4.573180"><ele>21.0</ele></trkpt>
    <trkpt lat="48.081380" lon="-4.573190"><ele>27.0</ele></trkpt>
    <trkpt lat="48.081310" lon="-4.573350"><ele>29.0</ele></trkpt>
    <trkpt lat="48.081220" lon="-4.573350"><ele>29.0</ele></trkpt>
    <trkpt lat="48.081120" lon="-4.573290"><ele>37.0</ele></trkpt>
    <trkpt lat="48.080960" lon="-4.573120"><ele>41.0</ele></trkpt>
    <trkpt lat="48.080750" lon="-4.572780"><ele>42.0</ele></trkpt>
    <trkpt lat="48.080430" lon="-4.572680"><ele>48.0</ele></trkpt>
    <trkpt lat="48.080180" lon="-4.572360"><ele>54.0</ele></trkpt>
    <trkpt lat="48.080130" lon="-4.572210"><ele>52.0</ele></trkpt>
    <trkpt lat="48.080170" lon="-4.572020"><ele>51.0</ele></trkpt>
    <trkpt lat="48.080330" lon="-4.571820"><ele>48.0</ele></trkpt>
    <trkpt lat="48.080430" lon="-4.571770"><ele>52.0</ele></trkpt>
    <trkpt lat="48.080580" lon="-4.571600"><ele>54.0</ele></trkpt>
    <trkpt lat="48.080570" lon="-4.571460"><ele>55.0</ele></trkpt>
    <trkpt lat="48.080490" lon="-4.571400"><ele>57.0</ele></trkpt>
    <trkpt lat="48.080440" lon="-4.571250"><ele>60.0</ele></trkpt>
    <trkpt lat="48.080510" lon="-4.571120"><ele>57.0</ele></trkpt>
    <trkpt lat="48.080570" lon="-4.570850"><ele>62.0</ele></trkpt>
    <trkpt lat="48.080760" lon="-4.570330"><ele>65.0</ele></trkpt>
    <trkpt lat="48.080870" lon="-4.570160"><ele>67.0</ele></trkpt>
    <trkpt lat="48.080910" lon="-4.570020"><ele>65.0</ele></trkpt>
    <trkpt lat="48.080820" lon="-4.569750"><ele>68.0</ele></trkpt>
    <trkpt lat="48.080840" lon="-4.569420"><ele>68.0</ele></trkpt>
    <trkpt lat="48.081040" lon="-4.569120"><ele>63.0</ele></trkpt>
    <trkpt lat="48.081210" lon="-4.569020"><ele>60.0</ele></trkpt>
    <trkpt lat="48.081410" lon="-4.568760"><ele>57.0</ele></trkpt>
    <trkpt lat="48.081570" lon="-4.568380"><ele>54.0</ele></trkpt>
    <trkpt lat="48.081640" lon="-4.567950"><ele>54.0</ele></trkpt>
    <trkpt lat="48.081630" lon="-4.567790"><ele>52.0</ele></trkpt>
    <trkpt lat="48.081600" lon="-4.567700"><ele>52.0</ele></trkpt>
    <trkpt lat="48.081430" lon="-4.567480"><ele>50.0</ele></trkpt>
    <trkpt lat="48.081330" lon="-4.567430"><ele>52.0</ele></trkpt>
    <trkpt lat="48.081420" lon="-4.567390"><ele>50.0</ele></trkpt>
    <trkpt lat="48.081470" lon="-4.567320"><ele>50.0</ele></trkpt>
    <trkpt lat="48.081480" lon="-4.567270"><ele>44.0</ele></trkpt>
    <trkpt lat="48.081450" lon="-4.567240"><ele>44.0</ele></trkpt>
    <trkpt lat="48.081180" lon="-4.567280"><ele>55.0</ele></trkpt>
    <trkpt lat="48.081030" lon="-4.567390"><ele>55.0</ele></trkpt>
    <trkpt lat="48.080870" lon="-4.567330"><ele>56.0</ele></trkpt>
    <trkpt lat="48.080780" lon="-4.567260"><ele>59.0</ele></trkpt>
    <trkpt lat="48.080360" lon="-4.566680"><ele>57.0</ele></trkpt>
    <trkpt lat="48.079920" lon="-4.566350"><ele>68.0</ele></trkpt>
    <trkpt lat="48.079810" lon="-4.566060"><ele>61.0</ele></trkpt>
    <trkpt lat="48.079600" lon="-4.565760"><ele>61.0</ele></trkpt>
    <trkpt lat="48.079480" lon="-4.564770"><ele>60.0</ele></trkpt>
    <trkpt lat="48.079560" lon="-4.564320"><ele>62.0</ele></trkpt>
    <trkpt lat="48.079560" lon="-4.563770"><ele>65.0</ele></trkpt>
    <trkpt lat="48.079450" lon="-4.563690"><ele>75.0</ele></trkpt>
    <trkpt lat="48.079340" lon="-4.563470"><ele>71.0</ele></trkpt>
    <trkpt lat="48.079270" lon="-4.563410"><ele>80.0</ele></trkpt>
    <trkpt lat="48.079260" lon="-4.563280"><ele>78.0</ele></trkpt>
    <trkpt lat="48.079060" lon="-4.562810"><ele>72.0</ele></trkpt>
    <trkpt lat="48.078930" lon="-4.562760"><ele>76.0</ele></trkpt>
    <trkpt lat="48.078760" lon="-4.562590"><ele>73.0</ele></trkpt>
    <trkpt lat="48.078750" lon="-4.562380"><ele>67.0</ele></trkpt>
    <trkpt lat="48.078710" lon="-4.562310"><ele>67.0</ele></trkpt>
    <trkpt lat="48.078560" lon="-4.562220"><ele>66.0</ele></trkpt>
    <trkpt lat="48.078400" lon="-4.562220"><ele>67.0</ele></trkpt>
    <trkpt lat="48.078230" lon="-4.562070"><ele>66.0</ele></trkpt>
    <trkpt lat="48.077940" lon="-4.561120"><ele>51.0</ele></trkpt>
    <trkpt lat="48.077870" lon="-4.560940"><ele>51.0</ele></trkpt>
    <trkpt lat="48.077750" lon="-4.560760"><ele>53.0</ele></trkpt>
    <trkpt lat="48.077520" lon="-4.560190"><ele>50.0</ele></trkpt>
    <trkpt lat="48.077430" lon="-4.560080"><ele>45.0</ele></trkpt>
    <trkpt lat="48.077300" lon="-4.560060"><ele>49.0</ele></trkpt>
    <trkpt lat="48.077170" lon="-4.559930"><ele>49.0</ele></trkpt>
    <trkpt lat="48.077170" lon="-4.559750"><ele>49.0</ele></trkpt>
    <trkpt lat="48.077310" lon="-4.559600"><ele>41.0</ele></trkpt>
    <trkpt lat="48.077430" lon="-4.559400"><ele>39.0</ele></trkpt>
    <trkpt lat="48.077420" lon="-4.559180"><ele>35.0</ele></trkpt>
    <trkpt lat="48.077550" lon="-4.558630"><ele>38.0</ele></trkpt>
    <trkpt lat="48.077510" lon="-4.558080"><ele>39.0</ele></trkpt>
    <trkpt lat="48.077460" lon="-4.557890"><ele>36.0</ele></trkpt>
    <trkpt lat="48.077250" lon="-4.557700"><ele>45.0</ele></trkpt>
    <trkpt lat="48.077300" lon="-4.557470"><ele>41.0</ele></trkpt>
    <trkpt lat="48.077600" lon="-4.557130"><ele>41.0</ele></trkpt>
    <trkpt lat="48.077640" lon="-4.556990"><ele>41.0</ele></trkpt>
    <trkpt lat="48.077750" lon="-4.557090"><ele>39.0</ele></trkpt>
    <trkpt lat="48.077940" lon="-4.556970"><ele>37.0</ele></trkpt>
    <trkpt lat="48.078070" lon="-4.556960"><ele>37.0</ele></trkpt>
    <trkpt lat="48.078190" lon="-4.557100"><ele>28.0</ele></trkpt>
    <trkpt lat="48.078330" lon="-4.557170"><ele>24.0</ele></trkpt>
    <trkpt lat="48.078360" lon="-4.557260"><ele>21.0</ele></trkpt>
    <trkpt lat="48.078440" lon="-4.557270"><ele>21.0</ele></trkpt>
    <trkpt lat="48.078350" lon="-4.556850"><ele>28.0</ele></trkpt>
    <trkpt lat="48.078280" lon="-4.556740"><ele>34.0</ele></trkpt>
    <trkpt lat="48.078250" lon="-4.556570"><ele>26.0</ele></trkpt>
    <trkpt lat="48.078310" lon="-4.556340"><ele>24.0</ele></trkpt>
    <trkpt lat="48.078350" lon="-4.556000"><ele>24.0</ele></trkpt>
    <trkpt lat="48.078240" lon="-4.555610"><ele>23.0</ele></trkpt>
    <trkpt lat="48.078070" lon="-4.555410"><ele>24.0</ele></trkpt>
    <trkpt lat="48.077970" lon="-4.555200"><ele>18.0</ele></trkpt>
    <trkpt lat="48.077910" lon="-4.555180"><ele>10.0</ele></trkpt>
    <trkpt lat="48.077720" lon="-4.554870"><ele>20.0</ele></trkpt>
    <trkpt lat="48.077650" lon="-4.554810"><ele>20.0</ele></trkpt>
    <trkpt lat="48.077630" lon="-4.554730"><ele>20.0</ele></trkpt>
    <trkpt lat="48.077580" lon="-4.554700"><ele>15.0</ele></trkpt>
    <trkpt lat="48.077400" lon="-4.554960"><ele>27.0</ele></trkpt>
    <trkpt lat="48.077340" lon="-4.554920"><ele>27.0</ele></trkpt>
    <trkpt lat="48.077140" lon="-4.554480"><ele>23.0</ele></trkpt>
    <trkpt lat="48.076950" lon="-4.554150"><ele>30.0</ele></trkpt>
    <trkpt lat="48.076910" lon="-4.553740"><ele>22.0</ele></trkpt>
    <trkpt lat="48.076720" lon="-4.553310"><ele>22.0</ele></trkpt>
    <trkpt lat="48.076680" lon="-4.553110"><ele>23.0</ele></trkpt>
    <trkpt lat="48.076480" lon="-4.552920"><ele>22.0</ele></trkpt>
    <trkpt lat="48.076260" lon="-4.552790"><ele>14.0</ele></trkpt>
    <trkpt lat="48.076200" lon="-4.552630"><ele>19.0</ele></trkpt>
    <trkpt lat="48.075980" lon="-4.552380"><ele>11.0</ele></trkpt>
    <trkpt lat="48.075890" lon="-4.552110"><ele>11.0</ele></trkpt>
    <trkpt lat="48.075900" lon="-4.551990"><ele>11.0</ele></trkpt>
    <trkpt lat="48.076000" lon="-4.551600"><ele>13.0</ele></trkpt>
    <trkpt lat="48.076200" lon="-4.551190"><ele>25.0</ele></trkpt>
    <trkpt lat="48.076380" lon="-4.551070"><ele>25.0</ele></trkpt>
    <trkpt lat="48.076560" lon="-4.551100"><ele>27.0</ele></trkpt>
    <trkpt lat="48.076730" lon="-4.550700"><ele>35.0</ele></trkpt>
    <trkpt lat="48.076920" lon="-4.550450"><ele>43.0</ele></trkpt>
    <trkpt lat="48.076970" lon="-4.550220"><ele>47.0</ele></trkpt>
    <trkpt lat="48.077070" lon="-4.550090"><ele>50.0</ele></trkpt>
    <trkpt lat="48.077110" lon="-4.549910"><ele>45.0</ele></trkpt>
    <trkpt lat="48.076960" lon="-4.549480"><ele>46.0</ele></trkpt>
    <trkpt lat="48.077010" lon="-4.548670"><ele>38.0</ele></trkpt>
    <trkpt lat="48.077090" lon="-4.548630"><ele>38.0</ele></trkpt>
    <trkpt lat="48.077160" lon="-4.548690"><ele>29.0</ele></trkpt>
    <trkpt lat="48.077210" lon="-4.548680"><ele>29.0</ele></trkpt>
    <trkpt lat="48.077240" lon="-4.548480"><ele>24.0</ele></trkpt>
    <trkpt lat="48.077490" lon="-4.548320"><ele>24.0</ele></trkpt>
    <trkpt lat="48.077440" lon="-4.548170"><ele>29.0</ele></trkpt>
    <trkpt lat="48.077450" lon="-4.548000"><ele>32.0</ele></trkpt>
    <trkpt lat="48.077310" lon="-4.547270"><ele>39.0</ele></trkpt>
    <trkpt lat="48.077310" lon="-4.546970"><ele>39.0</ele></trkpt>
    <trkpt lat="48.077200" lon="-4.546640"><ele>43.0</ele></trkpt>
    <trkpt lat="48.077160" lon="-4.546370"><ele>46.0</ele></trkpt>
    <trkpt lat="48.077200" lon="-4.545990"><ele>50.0</ele></trkpt>
    <trkpt lat="48.077400" lon="-4.545530"><ele>51.0</ele></trkpt>
    <trkpt lat="48.077700" lon="-4.545540"><ele>43.0</ele></trkpt>
    <trkpt lat="48.077790" lon="-4.545480"><ele>49.0</ele></trkpt>
    <trkpt lat="48.077840" lon="-4.545530"><ele>38.0</ele></trkpt>
    <trkpt lat="48.077810" lon="-4.545660"><ele>38.0</ele></trkpt>
    <trkpt lat="48.078330" lon="-4.545740"><ele>26.0</ele></trkpt>
    <trkpt lat="48.078340" lon="-4.545690"><ele>29.0</ele></trkpt>
    <trkpt lat="48.078240" lon="-4.545470"><ele>35.0</ele></trkpt>
    <trkpt lat="48.078230" lon="-4.545370"><ele>38.0</ele></trkpt>
    <trkpt lat="48.078270" lon="-4.544970"><ele>43.0</ele></trkpt>
    <trkpt lat="48.078310" lon="-4.544830"><ele>39.0</ele></trkpt>
    <trkpt lat="48.078430" lon="-4.544630"><ele>36.0</ele></trkpt>
    <trkpt lat="48.078600" lon="-4.544550"><ele>34.0</ele></trkpt>
    <trkpt lat="48.078740" lon="-4.544370"><ele>34.0</ele></trkpt>
    <trkpt lat="48.079220" lon="-4.545060"><ele>29.0</ele></trkpt>
    <trkpt lat="48.079420" lon="-4.545210"><ele>33.0</ele></trkpt>
    <trkpt lat="48.079560" lon="-4.545380"><ele>40.0</ele></trkpt>
    <trkpt lat="48.080170" lon="-4.545530"><ele>42.0</ele></trkpt>
    <trkpt lat="48.080250" lon="-4.545420"><ele>43.0</ele></trkpt>
    <trkpt lat="48.080260" lon="-4.545260"><ele>46.0</ele></trkpt>
    <trkpt lat="48.080440" lon="-4.544650"><ele>49.0</ele></trkpt>
    <trkpt lat="48.080660" lon="-4.544170"><ele>50.0</ele></trkpt>
    <trkpt lat="48.080700" lon="-4.544150"><ele>50.0</ele></trkpt>
    <trkpt lat="48.080900" lon="-4.544300"><ele>40.0</ele></trkpt>
    <trkpt lat="48.081010" lon="-4.544210"><ele>48.0</ele></trkpt>
    <trkpt lat="48.081050" lon="-4.543720"><ele>45.0</ele></trkpt>
    <trkpt lat="48.081040" lon="-4.542850"><ele>41.0</ele></trkpt>
    <trkpt lat="48.080870" lon="-4.542350"><ele>48.0</ele></trkpt>
    <trkpt lat="48.080860" lon="-4.542220"><ele>42.0</ele></trkpt>
    <trkpt lat="48.081010" lon="-4.541770"><ele>29.0</ele></trkpt>
    <trkpt lat="48.081010" lon="-4.541510"><ele>28.0</ele></trkpt>
    <trkpt lat="48.081080" lon="-4.541030"><ele>31.0</ele></trkpt>
    <trkpt lat="48.080920" lon="-4.540330"><ele>27.0</ele></trkpt>
    <trkpt lat="48.080920" lon="-4.540180"><ele>24.0</ele></trkpt>
    <trkpt lat="48.080960" lon="-4.540180"><ele>24.0</ele></trkpt>
    <trkpt lat="48.080960" lon="-4.540110"><ele>24.0</ele></trkpt>
    <trkpt lat="48.081030" lon="-4.540090"><ele>28.0</ele></trkpt>
    <trkpt lat="48.081280" lon="-4.540380"><ele>22.0</ele></trkpt>
    <trkpt lat="48.081610" lon="-4.540610"><ele>21.0</ele></trkpt>
    <trkpt lat="48.081680" lon="-4.540770"><ele>13.0</ele></trkpt>
    <trkpt lat="48.082040" lon="-4.540940"><ele>22.0</ele></trkpt>
    <trkpt lat="48.082200" lon="-4.540940"><ele>26.0</ele></trkpt>
    <trkpt lat="48.082270" lon="-4.541000"><ele>26.0</ele></trkpt>
    <trkpt lat="48.082450" lon="-4.541050"><ele>31.0</ele></trkpt>
    <trkpt lat="48.082690" lon="-4.541050"><ele>34.0</ele></trkpt>
    <trkpt lat="48.082810" lon="-4.540970"><ele>35.0</ele></trkpt>
    <trkpt lat="48.082940" lon="-4.540950"><ele>36.0</ele></trkpt>
    <trkpt lat="48.083140" lon="-4.540970"><ele>40.0</ele></trkpt>
    <trkpt lat="48.083240" lon="-4.541040"><ele>40.0</ele></trkpt>
    <trkpt lat="48.083270" lon="-4.541020"><ele>40.0</ele></trkpt>
    <trkpt lat="48.083280" lon="-4.540390"><ele>51.0</ele></trkpt>
    <trkpt lat="48.083320" lon="-4.540160"><ele>42.0</ele></trkpt>
    <trkpt lat="48.083490" lon="-4.539770"><ele>43.0</ele></trkpt>
    <trkpt lat="48.083650" lon="-4.539650"><ele>45.0</ele></trkpt>
    <trkpt lat="48.084140" lon="-4.539480"><ele>49.0</ele></trkpt>
    <trkpt lat="48.084400" lon="-4.539340"><ele>51.0</ele></trkpt>
    <trkpt lat="48.084700" lon="-4.539460"><ele>46.0</ele></trkpt>
    <trkpt lat="48.084930" lon="-4.539480"><ele>46.0</ele></trkpt>
    <trkpt lat="48.084980" lon="-4.539560"><ele>43.0</ele></trkpt>
    <trkpt lat="48.085150" lon="-4.539580"><ele>45.0</ele></trkpt>
    <trkpt lat="48.085190" lon="-4.539270"><ele>45.0</ele></trkpt>
    <trkpt lat="48.085200" lon="-4.538630"><ele>45.0</ele></trkpt>
    <trkpt lat="48.085290" lon="-4.538470"><ele>46.0</ele></trkpt>
    <trkpt lat="48.085390" lon="-4.538400"><ele>43.0</ele></trkpt>
    <trkpt lat="48.085660" lon="-4.538600"><ele>41.0</ele></trkpt>
    <trkpt lat="48.085910" lon="-4.539250"><ele>31.0</ele></trkpt>
    <trkpt lat="48.086030" lon="-4.539400"><ele>26.0</ele></trkpt>
    <trkpt lat="48.086290" lon="-4.539400"><ele>33.0</ele></trkpt>
    <trkpt lat="48.086420" lon="-4.539470"><ele>33.0</ele></trkpt>
    <trkpt lat="48.086520" lon="-4.539260"><ele>34.0</ele></trkpt>
    <trkpt lat="48.086620" lon="-4.539200"><ele>34.0</ele></trkpt>
    <trkpt lat="48.086780" lon="-4.539130"><ele>36.0</ele></trkpt>
    <trkpt lat="48.087240" lon="-4.539100"><ele>40.0</ele></trkpt>
    <trkpt lat="48.087310" lon="-4.539040"><ele>40.0</ele></trkpt>
    <trkpt lat="48.087420" lon="-4.538780"><ele>42.0</ele></trkpt>
    <trkpt lat="48.087470" lon="-4.538450"><ele>44.0</ele></trkpt>
    <trkpt lat="48.087600" lon="-4.537990"><ele>45.0</ele></trkpt>
    <trkpt lat="48.087950" lon="-4.537230"><ele>52.0</ele></trkpt>
    <trkpt lat="48.088020" lon="-4.536740"><ele>55.0</ele></trkpt>
    <trkpt lat="48.088020" lon="-4.536260"><ele>54.0</ele></trkpt>
    <trkpt lat="48.088440" lon="-4.535190"><ele>52.0</ele></trkpt>
    <trkpt lat="48.088440" lon="-4.534980"><ele>54.0</ele></trkpt>
    <trkpt lat="48.088290" lon="-4.534330"><ele>52.0</ele></trkpt>
    <trkpt lat="48.088180" lon="-4.533460"><ele>42.0</ele></trkpt>
    <trkpt lat="48.088130" lon="-4.533270"><ele>37.0</ele></trkpt>
    <trkpt lat="48.087920" lon="-4.533080"><ele>32.0</ele></trkpt>
    <trkpt lat="48.087690" lon="-4.533060"><ele>38.0</ele></trkpt>
    <trkpt lat="48.086970" lon="-4.533350"><ele>42.0</ele></trkpt>
    <trkpt lat="48.086860" lon="-4.533310"><ele>42.0</ele></trkpt>
    <trkpt lat="48.086570" lon="-4.532970"><ele>41.0</ele></trkpt>
    <trkpt lat="48.086320" lon="-4.531910"><ele>30.0</ele></trkpt>
    <trkpt lat="48.086240" lon="-4.531370"><ele>23.0</ele></trkpt>
    <trkpt lat="48.086150" lon="-4.531090"><ele>26.0</ele></trkpt>
    <trkpt lat="48.086200" lon="-4.530740"><ele>26.0</ele></trkpt>
    <trkpt lat="48.086330" lon="-4.530320"><ele>20.0</ele></trkpt>
    <trkpt lat="48.086400" lon="-4.530240"><ele>24.0</ele></trkpt>
    <trkpt lat="48.086580" lon="-4.530140"><ele>24.0</ele></trkpt>
    <trkpt lat="48.086640" lon="-4.530150"><ele>22.0</ele></trkpt>
    <trkpt lat="48.086920" lon="-4.529970"><ele>21.0</ele></trkpt>
    <trkpt lat="48.086860" lon="-4.529700"><ele>25.0</ele></trkpt>
    <trkpt lat="48.086660" lon="-4.529420"><ele>28.0</ele></trkpt>
    <trkpt lat="48.086500" lon="-4.528880"><ele>27.0</ele></trkpt>
    <trkpt lat="48.086310" lon="-4.528660"><ele>22.0</ele></trkpt>
    <trkpt lat="48.086100" lon="-4.528620"><ele>31.0</ele></trkpt>
    <trkpt lat="48.085850" lon="-4.528430"><ele>28.0</ele></trkpt>
    <trkpt lat="48.085720" lon="-4.528410"><ele>33.0</ele></trkpt>
    <trkpt lat="48.085440" lon="-4.528020"><ele>30.0</ele></trkpt>
    <trkpt lat="48.085060" lon="-4.528020"><ele>29.0</ele></trkpt>
    <trkpt lat="48.085020" lon="-4.527990"><ele>28.0</ele></trkpt>
    <trkpt lat="48.085080" lon="-4.527930"><ele>28.0</ele></trkpt>
    <trkpt lat="48.085060" lon="-4.527720"><ele>27.0</ele></trkpt>
    <trkpt lat="48.085090" lon="-4.527670"><ele>31.0</ele></trkpt>
    <trkpt lat="48.085370" lon="-4.527520"><ele>33.0</ele></trkpt>
    <trkpt lat="48.085400" lon="-4.527460"><ele>32.0</ele></trkpt>
    <trkpt lat="48.085370" lon="-4.527330"><ele>32.0</ele></trkpt>
    <trkpt lat="48.085260" lon="-4.527150"><ele>36.0</ele></trkpt>
    <trkpt lat="48.085200" lon="-4.526870"><ele>39.0</ele></trkpt>
    <trkpt lat="48.085090" lon="-4.526700"><ele>43.0</ele></trkpt>
    <trkpt lat="48.085090" lon="-4.526540"><ele>42.0</ele></trkpt>
    <trkpt lat="48.084980" lon="-4.526440"><ele>41.0</ele></trkpt>
    <trkpt lat="48.084940" lon="-4.526340"><ele>43.0</ele></trkpt>
    <trkpt lat="48.084920" lon="-4.526140"><ele>41.0</ele></trkpt>
    <trkpt lat="48.084950" lon="-4.525660"><ele>41.0</ele></trkpt>
    <trkpt lat="48.085010" lon="-4.525620"><ele>37.0</ele></trkpt>
    <trkpt lat="48.085100" lon="-4.525410"><ele>42.0</ele></trkpt>
    <trkpt lat="48.085700" lon="-4.524350"><ele>45.0</ele></trkpt>
    <trkpt lat="48.086000" lon="-4.524340"><ele>46.0</ele></trkpt>
    <trkpt lat="48.086100" lon="-4.524160"><ele>48.0</ele></trkpt>
    <trkpt lat="48.085630" lon="-4.524060"><ele>52.0</ele></trkpt>
    <trkpt lat="48.085150" lon="-4.523420"><ele>45.0</ele></trkpt>
    <trkpt lat="48.085110" lon="-4.523260"><ele>45.0</ele></trkpt>
    <trkpt lat="48.085120" lon="-4.522890"><ele>42.0</ele></trkpt>
    <trkpt lat="48.085200" lon="-4.522660"><ele>49.0</ele></trkpt>
    <trkpt lat="48.085670" lon="-4.522340"><ele>44.0</ele></trkpt>
    <trkpt lat="48.086010" lon="-4.521940"><ele>39.0</ele></trkpt>
    <trkpt lat="48.086070" lon="-4.521830"><ele>37.0</ele></trkpt>
    <trkpt lat="48.086250" lon="-4.521150"><ele>42.0</ele></trkpt>
    <trkpt lat="48.086500" lon="-4.520800"><ele>42.0</ele></trkpt>
    <trkpt lat="48.086840" lon="-4.520150"><ele>49.0</ele></trkpt>
    <trkpt lat="48.087160" lon="-4.520200"><ele>44.0</ele></trkpt>
    <trkpt lat="48.087270" lon="-4.520260"><ele>42.0</ele></trkpt>
    <trkpt lat="48.087310" lon="-4.520360"><ele>39.0</ele></trkpt>
    <trkpt lat="48.087400" lon="-4.520400"><ele>39.0</ele></trkpt>
    <trkpt lat="48.087790" lon="-4.520400"><ele>35.0</ele></trkpt>
    <trkpt lat="48.087970" lon="-4.520350"><ele>34.0</ele></trkpt>
    <trkpt lat="48.088140" lon="-4.520230"><ele>32.0</ele></trkpt>
    <trkpt lat="48.088190" lon="-4.520090"><ele>31.0</ele></trkpt>
    <trkpt lat="48.088000" lon="-4.519920"><ele>32.0</ele></trkpt>
    <trkpt lat="48.087790" lon="-4.519880"><ele>32.0</ele></trkpt>
    <trkpt lat="48.087630" lon="-4.519520"><ele>29.0</ele></trkpt>
    <trkpt lat="48.087830" lon="-4.518500"><ele>33.0</ele></trkpt>
    <trkpt lat="48.087820" lon="-4.518100"><ele>34.0</ele></trkpt>
    <trkpt lat="48.087750" lon="-4.517930"><ele>33.0</ele></trkpt>
    <trkpt lat="48.087720" lon="-4.517710"><ele>30.0</ele></trkpt>
    <trkpt lat="48.087730" lon="-4.517510"><ele>30.0</ele></trkpt>
    <trkpt lat="48.087820" lon="-4.517160"><ele>33.0</ele></trkpt>
    <trkpt lat="48.087830" lon="-4.516990"><ele>35.0</ele></trkpt>
    <trkpt lat="48.087900" lon="-4.516850"><ele>36.0</ele></trkpt>
    <trkpt lat="48.087790" lon="-4.516480"><ele>30.0</ele></trkpt>
    <trkpt lat="48.087810" lon="-4.516410"><ele>31.0</ele></trkpt>
    <trkpt lat="48.087790" lon="-4.516280"><ele>28.0</ele></trkpt>
    <trkpt lat="48.087560" lon="-4.515600"><ele>32.0</ele></trkpt>
    <trkpt lat="48.087700" lon="-4.515610"><ele>29.0</ele></trkpt>
    <trkpt lat="48.087830" lon="-4.515680"><ele>30.0</ele></trkpt>
    <trkpt lat="48.087990" lon="-4.515820"><ele>23.0</ele></trkpt>
    <trkpt lat="48.088090" lon="-4.515840"><ele>23.0</ele></trkpt>
    <trkpt lat="48.088500" lon="-4.516130"><ele>23.0</ele></trkpt>
    <trkpt lat="48.088550" lon="-4.516090"><ele>23.0</ele></trkpt>
    <trkpt lat="48.088520" lon="-4.515850"><ele>28.0</ele></trkpt>
    <trkpt lat="48.088450" lon="-4.515690"><ele>24.0</ele></trkpt>
    <trkpt lat="48.088450" lon="-4.515590"><ele>31.0</ele></trkpt>
    <trkpt lat="48.088520" lon="-4.515470"><ele>34.0</ele></trkpt>
    <trkpt lat="48.088610" lon="-4.515410"><ele>26.0</ele></trkpt>
    <trkpt lat="48.088660" lon="-4.515160"><ele>33.0</ele></trkpt>
    <trkpt lat="48.088550" lon="-4.514980"><ele>40.0</ele></trkpt>
    <trkpt lat="48.088420" lon="-4.514850"><ele>40.0</ele></trkpt>
    <trkpt lat="48.088310" lon="-4.514580"><ele>47.0</ele></trkpt>
    <trkpt lat="48.088290" lon="-4.513900"><ele>46.0</ele></trkpt>
    <trkpt lat="48.088330" lon="-4.513380"><ele>44.0</ele></trkpt>
    <trkpt lat="48.088460" lon="-4.513140"><ele>37.0</ele></trkpt>
    <trkpt lat="48.088720" lon="-4.512780"><ele>43.0</ele></trkpt>
    <trkpt lat="48.088810" lon="-4.512710"><ele>36.0</ele></trkpt>
    <trkpt lat="48.088960" lon="-4.512720"><ele>36.0</ele></trkpt>
    <trkpt lat="48.089000" lon="-4.512650"><ele>36.0</ele></trkpt>
    <trkpt lat="48.088950" lon="-4.511630"><ele>39.0</ele></trkpt>
    <trkpt lat="48.089000" lon="-4.511490"><ele>41.0</ele></trkpt>
    <trkpt lat="48.089130" lon="-4.511390"><ele>35.0</ele></trkpt>
    <trkpt lat="48.089210" lon="-4.510580"><ele>29.0</ele></trkpt>
    <trkpt lat="48.089170" lon="-4.510430"><ele>26.0</ele></trkpt>
    <trkpt lat="48.088980" lon="-4.510290"><ele>29.0</ele></trkpt>
    <trkpt lat="48.088810" lon="-4.510010"><ele>29.0</ele></trkpt>
    <trkpt lat="48.088420" lon="-4.509570"><ele>23.0</ele></trkpt>
    <trkpt lat="48.088410" lon="-4.509460"><ele>21.0</ele></trkpt>
    <trkpt lat="48.088440" lon="-4.509220"><ele>20.0</ele></trkpt>
    <trkpt lat="48.088610" lon="-4.508720"><ele>26.0</ele></trkpt>
    <trkpt lat="48.088690" lon="-4.508710"><ele>26.0</ele></trkpt>
    <trkpt lat="48.089020" lon="-4.508320"><ele>27.0</ele></trkpt>
    <trkpt lat="48.089210" lon="-4.507670"><ele>28.0</ele></trkpt>
    <trkpt lat="48.089210" lon="-4.507550"><ele>28.0</ele></trkpt>
    <trkpt lat="48.089050" lon="-4.507360"><ele>29.0</ele></trkpt>
    <trkpt lat="48.088640" lon="-4.507020"><ele>31.0</ele></trkpt>
    <trkpt lat="48.088510" lon="-4.506870"><ele>34.0</ele></trkpt>
    <trkpt lat="48.088480" lon="-4.506260"><ele>35.0</ele></trkpt>
    <trkpt lat="48.088200" lon="-4.506070"><ele>42.0</ele></trkpt>
    <trkpt lat="48.087870" lon="-4.505770"><ele>48.0</ele></trkpt>
    <trkpt lat="48.087760" lon="-4.505490"><ele>47.0</ele></trkpt>
    <trkpt lat="48.087770" lon="-4.504800"><ele>44.0</ele></trkpt>
    <trkpt lat="48.087720" lon="-4.503840"><ele>38.0</ele></trkpt>
    <trkpt lat="48.087810" lon="-4.503390"><ele>35.0</ele></trkpt>
    <trkpt lat="48.087780" lon="-4.502870"><ele>35.0</ele></trkpt>
    <trkpt lat="48.087880" lon="-4.502690"><ele>37.0</ele></trkpt>
    <trkpt lat="48.088060" lon="-4.502570"><ele>35.0</ele></trkpt>
    <trkpt lat="48.088400" lon="-4.502440"><ele>35.0</ele></trkpt>
    <trkpt lat="48.088620" lon="-4.502440"><ele>35.0</ele></trkpt>
    <trkpt lat="48.088700" lon="-4.502460"><ele>35.0</ele></trkpt>
    <trkpt lat="48.089300" lon="-4.502940"><ele>30.0</ele></trkpt>
    <trkpt lat="48.089380" lon="-4.502950"><ele>28.0</ele></trkpt>
    <trkpt lat="48.089410" lon="-4.502570"><ele>30.0</ele></trkpt>
    <trkpt lat="48.089470" lon="-4.502290"><ele>29.0</ele></trkpt>
    <trkpt lat="48.089610" lon="-4.502090"><ele>29.0</ele></trkpt>
    <trkpt lat="48.089990" lon="-4.501780"><ele>30.0</ele></trkpt>
    <trkpt lat="48.090110" lon="-4.501580"><ele>29.0</ele></trkpt>
    <trkpt lat="48.090270" lon="-4.500920"><ele>27.0</ele></trkpt>
    <trkpt lat="48.090250" lon="-4.500830"><ele>27.0</ele></trkpt>
    <trkpt lat="48.090170" lon="-4.500750"><ele>27.0</ele></trkpt>
    <trkpt lat="48.090070" lon="-4.500770"><ele>27.0</ele></trkpt>
    <trkpt lat="48.089610" lon="-4.500670"><ele>27.0</ele></trkpt>
    <trkpt lat="48.089530" lon="-4.500580"><ele>26.0</ele></trkpt>
    <trkpt lat="48.089450" lon="-4.500320"><ele>24.0</ele></trkpt>
    <trkpt lat="48.089260" lon="-4.500290"><ele>29.0</ele></trkpt>
    <trkpt lat="48.089010" lon="-4.500180"><ele>30.0</ele></trkpt>
    <trkpt lat="48.088820" lon="-4.500160"><ele>33.0</ele></trkpt>
    <trkpt lat="48.088650" lon="-4.499970"><ele>35.0</ele></trkpt>
    <trkpt lat="48.088150" lon="-4.498940"><ele>35.0</ele></trkpt>
    <trkpt lat="48.088060" lon="-4.498440"><ele>30.0</ele></trkpt>
    <trkpt lat="48.087950" lon="-4.498230"><ele>28.0</ele></trkpt>
    <trkpt lat="48.087900" lon="-4.498200"><ele>30.0</ele></trkpt>
    <trkpt lat="48.087860" lon="-4.498060"><ele>28.0</ele></trkpt>
    <trkpt lat="48.087910" lon="-4.497950"><ele>18.0</ele></trkpt>
    <trkpt lat="48.087870" lon="-4.497740"><ele>20.0</ele></trkpt>
    <trkpt lat="48.087770" lon="-4.497650"><ele>20.0</ele></trkpt>
    <trkpt lat="48.087620" lon="-4.497590"><ele>19.0</ele></trkpt>
    <trkpt lat="48.087570" lon="-4.497130"><ele>19.0</ele></trkpt>
    <trkpt lat="48.087600" lon="-4.497000"><ele>22.0</ele></trkpt>
    <trkpt lat="48.087680" lon="-4.496880"><ele>22.0</ele></trkpt>
    <trkpt lat="48.087640" lon="-4.496570"><ele>23.0</ele></trkpt>
    <trkpt lat="48.087650" lon="-4.496210"><ele>25.0</ele></trkpt>
    <trkpt lat="48.087440" lon="-4.495810"><ele>26.0</ele></trkpt>
    <trkpt lat="48.087460" lon="-4.495230"><ele>23.0</ele></trkpt>
    <trkpt lat="48.087350" lon="-4.494990"><ele>24.0</ele></trkpt>
    <trkpt lat="48.087350" lon="-4.494860"><ele>24.0</ele></trkpt>
    <trkpt lat="48.087230" lon="-4.494530"><ele>22.0</ele></trkpt>
    <trkpt lat="48.087310" lon="-4.494120"><ele>25.0</ele></trkpt>
    <trkpt lat="48.087210" lon="-4.494020"><ele>25.0</ele></trkpt>
    <trkpt lat="48.087200" lon="-4.493530"><ele>24.0</ele></trkpt>
    <trkpt lat="48.087330" lon="-4.493270"><ele>23.0</ele></trkpt>
    <trkpt lat="48.087340" lon="-4.492950"><ele>22.0</ele></trkpt>
    <trkpt lat="48.087310" lon="-4.492860"><ele>21.0</ele></trkpt>
    <trkpt lat="48.087250" lon="-4.492840"><ele>21.0</ele></trkpt>
    <trkpt lat="48.086870" lon="-4.493040"><ele>22.0</ele></trkpt>
    <trkpt lat="48.086720" lon="-4.493020"><ele>26.0</ele></trkpt>
    <trkpt lat="48.086320" lon="-4.492350"><ele>9.0</ele></trkpt>
    <trkpt lat="48.086200" lon="-4.491860"><ele>9.0</ele></trkpt>
    <trkpt lat="48.085960" lon="-4.491930"><ele>9.0</ele></trkpt>
    <trkpt lat="48.086240" lon="-4.491300"><ele>19.0</ele></trkpt>
    <trkpt lat="48.086590" lon="-4.490770"><ele>28.0</ele></trkpt>
    <trkpt lat="48.086200" lon="-4.489950"><ele>30.0</ele></trkpt>
    <trkpt lat="48.086190" lon="-4.489590"><ele>28.0</ele></trkpt>
    <trkpt lat="48.086020" lon="-4.489450"><ele>28.0</ele></trkpt>
    <trkpt lat="48.085830" lon="-4.489170"><ele>28.0</ele></trkpt>
    <trkpt lat="48.085770" lon="-4.488950"><ele>33.0</ele></trkpt>
    <trkpt lat="48.085880" lon="-4.488650"><ele>30.0</ele></trkpt>
    <trkpt lat="48.086020" lon="-4.488380"><ele>29.0</ele></trkpt>
    <trkpt lat="48.086160" lon="-4.488180"><ele>31.0</ele></trkpt>
    <trkpt lat="48.086390" lon="-4.488030"><ele>29.0</ele></trkpt>
    <trkpt lat="48.086450" lon="-4.487950"><ele>27.0</ele></trkpt>
    <trkpt lat="48.086460" lon="-4.487880"><ele>27.0</ele></trkpt>
    <trkpt lat="48.086360" lon="-4.487570"><ele>25.0</ele></trkpt>
    <trkpt lat="48.086240" lon="-4.486890"><ele>19.0</ele></trkpt>
    <trkpt lat="48.085790" lon="-4.486160"><ele>21.0</ele></trkpt>
    <trkpt lat="48.085830" lon="-4.485850"><ele>14.0</ele></trkpt>
    <trkpt lat="48.085860" lon="-4.485700"><ele>13.0</ele></trkpt>
    <trkpt lat="48.086450" lon="-4.486090"><ele>6.0</ele></trkpt>
    <trkpt lat="48.086580" lon="-4.485580"><ele>10.0</ele></trkpt>
    <trkpt lat="48.086650" lon="-4.485520"><ele>10.0</ele></trkpt>
    <trkpt lat="48.086810" lon="-4.485520"><ele>9.0</ele></trkpt>
    <trkpt lat="48.086990" lon="-4.485570"><ele>7.0</ele></trkpt>
    <trkpt lat="48.087170" lon="-4.485800"><ele>14.0</ele></trkpt>
    <trkpt lat="48.087330" lon="-4.485870"><ele>15.0</ele></trkpt>
    <trkpt lat="48.087510" lon="-4.485870"><ele>21.0</ele></trkpt>
    <trkpt lat="48.087610" lon="-4.485730"><ele>27.0</ele></trkpt>
    <trkpt lat="48.087510" lon="-4.485580"><ele>32.0</ele></trkpt>
    <trkpt lat="48.087420" lon="-4.485200"><ele>33.0</ele></trkpt>
    <trkpt lat="48.087630" lon="-4.484410"><ele>29.0</ele></trkpt>
    <trkpt lat="48.087810" lon="-4.484240"><ele>28.0</ele></trkpt>
    <trkpt lat="48.087890" lon="-4.484270"><ele>28.0</ele></trkpt>
    <trkpt lat="48.088180" lon="-4.484070"><ele>28.0</ele></trkpt>
    <trkpt lat="48.088340" lon="-4.483870"><ele>28.0</ele></trkpt>
    <trkpt lat="48.088540" lon="-4.483700"><ele>29.0</ele></trkpt>
    <trkpt lat="48.088660" lon="-4.483310"><ele>30.0</ele></trkpt>
    <trkpt lat="48.088620" lon="-4.482620"><ele>30.0</ele></trkpt>
    <trkpt lat="48.088730" lon="-4.482320"><ele>33.0</ele></trkpt>
    <trkpt lat="48.088830" lon="-4.482260"><ele>31.0</ele></trkpt>
    <trkpt lat="48.088910" lon="-4.482290"><ele>30.0</ele></trkpt>
    <trkpt lat="48.089270" lon="-4.482670"><ele>21.0</ele></trkpt>
    <trkpt lat="48.089390" lon="-4.482730"><ele>18.0</ele></trkpt>
    <trkpt lat="48.089460" lon="-4.482720"><ele>22.0</ele></trkpt>
    <trkpt lat="48.089610" lon="-4.482460"><ele>23.0</ele></trkpt>
    <trkpt lat="48.089700" lon="-4.482170"><ele>31.0</ele></trkpt>
    <trkpt lat="48.089820" lon="-4.482000"><ele>24.0</ele></trkpt>
    <trkpt lat="48.089960" lon="-4.481880"><ele>28.0</ele></trkpt>
    <trkpt lat="48.090400" lon="-4.481890"><ele>31.0</ele></trkpt>
    <trkpt lat="48.090790" lon="-4.481560"><ele>29.0</ele></trkpt>
    <trkpt lat="48.090920" lon="-4.481240"><ele>35.0</ele></trkpt>
    <trkpt lat="48.091050" lon="-4.481070"><ele>35.0</ele></trkpt>
    <trkpt lat="48.091200" lon="-4.480790"><ele>39.0</ele></trkpt>
    <trkpt lat="48.091250" lon="-4.480610"><ele>39.0</ele></trkpt>
    <trkpt lat="48.091300" lon="-4.480560"><ele>39.0</ele></trkpt>
    <trkpt lat="48.091360" lon="-4.480290"><ele>39.0</ele></trkpt>
    <trkpt lat="48.091360" lon="-4.480120"><ele>37.0</ele></trkpt>
    <trkpt lat="48.091460" lon="-4.479860"><ele>39.0</ele></trkpt>
    <trkpt lat="48.091480" lon="-4.479460"><ele>41.0</ele></trkpt>
    <trkpt lat="48.091600" lon="-4.479270"><ele>38.0</ele></trkpt>
    <trkpt lat="48.091830" lon="-4.478770"><ele>39.0</ele></trkpt>
    <trkpt lat="48.091940" lon="-4.478260"><ele>44.0</ele></trkpt>
    <trkpt lat="48.092230" lon="-4.477750"><ele>36.0</ele></trkpt>
    <trkpt lat="48.092310" lon="-4.477090"><ele>42.0</ele></trkpt>
    <trkpt lat="48.092290" lon="-4.476770"><ele>43.0</ele></trkpt>
    <trkpt lat="48.092330" lon="-4.476460"><ele>43.0</ele></trkpt>
    <trkpt lat="48.092310" lon="-4.476300"><ele>43.0</ele></trkpt>
    <trkpt lat="48.092450" lon="-4.476330"><ele>39.0</ele></trkpt>
    <trkpt lat="48.092560" lon="-4.476240"><ele>37.0</ele></trkpt>
    <trkpt lat="48.092590" lon="-4.476140"><ele>40.0</ele></trkpt>
    <trkpt lat="48.092680" lon="-4.476150"><ele>40.0</ele></trkpt>
    <trkpt lat="48.092770" lon="-4.476380"><ele>37.0</ele></trkpt>
    <trkpt lat="48.092920" lon="-4.476550"><ele>34.0</ele></trkpt>
    <trkpt lat="48.093230" lon="-4.476620"><ele>33.0</ele></trkpt>
    <trkpt lat="48.093360" lon="-4.476540"><ele>33.0</ele></trkpt>
    <trkpt lat="48.093580" lon="-4.476720"><ele>36.0</ele></trkpt>
    <trkpt lat="48.093960" lon="-4.476860"><ele>41.0</ele></trkpt>
    <trkpt lat="48.094220" lon="-4.476730"><ele>39.0</ele></trkpt>
    <trkpt lat="48.094490" lon="-4.476720"><ele>39.0</ele></trkpt>
    <trkpt lat="48.094730" lon="-4.476810"><ele>40.0</ele></trkpt>
    <trkpt lat="48.094900" lon="-4.476620"><ele>38.0</ele></trkpt>
    <trkpt lat="48.095180" lon="-4.476430"><ele>39.0</ele></trkpt>
    <trkpt lat="48.095220" lon="-4.476090"><ele>39.0</ele></trkpt>
    <trkpt lat="48.095320" lon="-4.475900"><ele>31.0</ele></trkpt>
    <trkpt lat="48.095370" lon="-4.475670"><ele>31.0</ele></trkpt>
    <trkpt lat="48.095340" lon="-4.475450"><ele>29.0</ele></trkpt>
    <trkpt lat="48.095190" lon="-4.475150"><ele>31.0</ele></trkpt>
    <trkpt lat="48.094850" lon="-4.474660"><ele>36.0</ele></trkpt>
    <trkpt lat="48.094750" lon="-4.474380"><ele>37.0</ele></trkpt>
    <trkpt lat="48.094740" lon="-4.474260"><ele>38.0</ele></trkpt>
    <trkpt lat="48.094760" lon="-4.474070"><ele>35.0</ele></trkpt>
    <trkpt lat="48.095010" lon="-4.473550"><ele>30.0</ele></trkpt>
    <trkpt lat="48.095310" lon="-4.473300"><ele>28.0</ele></trkpt>
    <trkpt lat="48.095340" lon="-4.473160"><ele>29.0</ele></trkpt>
    <trkpt lat="48.095450" lon="-4.473000"><ele>22.0</ele></trkpt>
    <trkpt lat="48.095440" lon="-4.472800"><ele>22.0</ele></trkpt>
    <trkpt lat="48.095500" lon="-4.472130"><ele>18.0</ele></trkpt>
    <trkpt lat="48.095340" lon="-4.471820"><ele>23.0</ele></trkpt>
    <trkpt lat="48.095290" lon="-4.471630"><ele>31.0</ele></trkpt>
    <trkpt lat="48.095400" lon="-4.471040"><ele>23.0</ele></trkpt>
    <trkpt lat="48.095530" lon="-4.470810"><ele>22.0</ele></trkpt>
    <trkpt lat="48.095650" lon="-4.470690"><ele>18.0</ele></trkpt>
    <trkpt lat="48.095690" lon="-4.470400"><ele>17.0</ele></trkpt>
    <trkpt lat="48.095560" lon="-4.470030"><ele>25.0</ele></trkpt>
    <trkpt lat="48.095540" lon="-4.469480"><ele>24.0</ele></trkpt>
    <trkpt lat="48.095440" lon="-4.469180"><ele>26.0</ele></trkpt>
    <trkpt lat="48.095290" lon="-4.468980"><ele>27.0</ele></trkpt>
    <trkpt lat="48.095220" lon="-4.468670"><ele>26.0</ele></trkpt>
    <trkpt lat="48.095250" lon="-4.468140"><ele>24.0</ele></trkpt>
    <trkpt lat="48.095350" lon="-4.467850"><ele>17.0</ele></trkpt>
    <trkpt lat="48.095370" lon="-4.467320"><ele>23.0</ele></trkpt>
    <trkpt lat="48.095550" lon="-4.467070"><ele>19.0</ele></trkpt>
    <trkpt lat="48.095660" lon="-4.466680"><ele>14.0</ele></trkpt>
    <trkpt lat="48.095580" lon="-4.466270"><ele>21.0</ele></trkpt>
    <trkpt lat="48.095590" lon="-4.466130"><ele>23.0</ele></trkpt>
    <trkpt lat="48.095820" lon="-4.465740"><ele>19.0</ele></trkpt>
    <trkpt lat="48.095930" lon="-4.465630"><ele>22.0</ele></trkpt>
    <trkpt lat="48.096040" lon="-4.465550"><ele>17.0</ele></trkpt>
    <trkpt lat="48.096260" lon="-4.465510"><ele>11.0</ele></trkpt>
    <trkpt lat="48.096470" lon="-4.465550"><ele>14.0</ele></trkpt>
    <trkpt lat="48.096670" lon="-4.465680"><ele>17.0</ele></trkpt>
    <trkpt lat="48.096750" lon="-4.465680"><ele>17.0</ele></trkpt>
    <trkpt lat="48.096870" lon="-4.465910"><ele>23.0</ele></trkpt>
    <trkpt lat="48.097080" lon="-4.466110"><ele>28.0</ele></trkpt>
    <trkpt lat="48.097570" lon="-4.466140"><ele>31.0</ele></trkpt>
    <trkpt lat="48.097960" lon="-4.465910"><ele>30.0</ele></trkpt>
    <trkpt lat="48.098050" lon="-4.465700"><ele>29.0</ele></trkpt>
    <trkpt lat="48.098160" lon="-4.465270"><ele>34.0</ele></trkpt>
    <trkpt lat="48.098190" lon="-4.464820"><ele>36.0</ele></trkpt>
    <trkpt lat="48.098250" lon="-4.464660"><ele>35.0</ele></trkpt>
    <trkpt lat="48.098520" lon="-4.464750"><ele>36.0</ele></trkpt>
    <trkpt lat="48.098710" lon="-4.464760"><ele>31.0</ele></trkpt>
    <trkpt lat="48.098780" lon="-4.464640"><ele>29.0</ele></trkpt>
    <trkpt lat="48.098810" lon="-4.464340"><ele>28.0</ele></trkpt>
    <trkpt lat="48.098590" lon="-4.463660"><ele>27.0</ele></trkpt>
    <trkpt lat="48.098590" lon="-4.463170"><ele>27.0</ele></trkpt>
    <trkpt lat="48.098560" lon="-4.463060"><ele>27.0</ele></trkpt>
    <trkpt lat="48.098490" lon="-4.463000"><ele>25.0</ele></trkpt>
    <trkpt lat="48.098400" lon="-4.462830"><ele>31.0</ele></trkpt>
    <trkpt lat="48.098330" lon="-4.462780"><ele>24.0</ele></trkpt>
    <trkpt lat="48.098240" lon="-4.462610"><ele>24.0</ele></trkpt>
    <trkpt lat="48.098040" lon="-4.462480"><ele>17.0</ele></trkpt>
    <trkpt lat="48.097900" lon="-4.462500"><ele>21.0</ele></trkpt>
    <trkpt lat="48.097670" lon="-4.462460"><ele>21.0</ele></trkpt>
    <trkpt lat="48.097350" lon="-4.462510"><ele>21.0</ele></trkpt>
    <trkpt lat="48.097240" lon="-4.462610"><ele>21.0</ele></trkpt>
    <trkpt lat="48.097130" lon="-4.462640"><ele>22.0</ele></trkpt>
    <trkpt lat="48.097050" lon="-4.462640"><ele>15.0</ele></trkpt>
    <trkpt lat="48.097010" lon="-4.462590"><ele>17.0</ele></trkpt>
    <trkpt lat="48.097090" lon="-4.462520"><ele>17.0</ele></trkpt>
    <trkpt lat="48.097090" lon="-4.462430"><ele>10.0</ele></trkpt>
    <trkpt lat="48.096970" lon="-4.462280"><ele>7.0</ele></trkpt>
    <trkpt lat="48.096910" lon="-4.462270"><ele>7.0</ele></trkpt>
    <trkpt lat="48.096830" lon="-4.461950"><ele>7.0</ele></trkpt>
    <trkpt lat="48.096910" lon="-4.461650"><ele>7.0</ele></trkpt>
    <trkpt lat="48.096990" lon="-4.461570"><ele>11.0</ele></trkpt>
    <trkpt lat="48.097070" lon="-4.461340"><ele>12.0</ele></trkpt>
    <trkpt lat="48.096950" lon="-4.460490"><ele>15.0</ele></trkpt>
    <trkpt lat="48.096760" lon="-4.460340"><ele>15.0</ele></trkpt>
    <trkpt lat="48.096650" lon="-4.460020"><ele>15.0</ele></trkpt>
    <trkpt lat="48.096540" lon="-4.459860"><ele>15.0</ele></trkpt>
    <trkpt lat="48.096530" lon="-4.459780"><ele>15.0</ele></trkpt>
    <trkpt lat="48.096460" lon="-4.459670"><ele>21.0</ele></trkpt>
    <trkpt lat="48.096460" lon="-4.459570"><ele>21.0</ele></trkpt>
    <trkpt lat="48.096590" lon="-4.459380"><ele>17.0</ele></trkpt>
    <trkpt lat="48.096640" lon="-4.459150"><ele>15.0</ele></trkpt>
    <trkpt lat="48.096590" lon="-4.459070"><ele>18.0</ele></trkpt>
    <trkpt lat="48.096620" lon="-4.458750"><ele>9.0</ele></trkpt>
    <trkpt lat="48.096690" lon="-4.458590"><ele>13.0</ele></trkpt>
    <trkpt lat="48.096640" lon="-4.458320"><ele>13.0</ele></trkpt>
    <trkpt lat="48.096660" lon="-4.458250"><ele>12.0</ele></trkpt>
    <trkpt lat="48.096830" lon="-4.458030"><ele>13.0</ele></trkpt>
    <trkpt lat="48.096820" lon="-4.457890"><ele>15.0</ele></trkpt>
    <trkpt lat="48.096650" lon="-4.457710"><ele>14.0</ele></trkpt>
    <trkpt lat="48.096400" lon="-4.457540"><ele>21.0</ele></trkpt>
    <trkpt lat="48.096250" lon="-4.457270"><ele>22.0</ele></trkpt>
    <trkpt lat="48.096230" lon="-4.457140"><ele>26.0</ele></trkpt>
    <trkpt lat="48.096120" lon="-4.456870"><ele>24.0</ele></trkpt>
    <trkpt lat="48.096150" lon="-4.456250"><ele>33.0</ele></trkpt>
    <trkpt lat="48.096190" lon="-4.456200"><ele>33.0</ele></trkpt>
    <trkpt lat="48.096300" lon="-4.456180"><ele>24.0</ele></trkpt>
    <trkpt lat="48.096590" lon="-4.456180"><ele>20.0</ele></trkpt>
    <trkpt lat="48.096710" lon="-4.456090"><ele>20.0</ele></trkpt>
    <trkpt lat="48.096630" lon="-4.455500"><ele>21.0</ele></trkpt>
    <trkpt lat="48.096630" lon="-4.455310"><ele>23.0</ele></trkpt>
    <trkpt lat="48.096690" lon="-4.455160"><ele>25.0</ele></trkpt>
    <trkpt lat="48.096930" lon="-4.454920"><ele>23.0</ele></trkpt>
    <trkpt lat="48.097050" lon="-4.454530"><ele>23.0</ele></trkpt>
    <trkpt lat="48.097060" lon="-4.454370"><ele>24.0</ele></trkpt>
    <trkpt lat="48.097020" lon="-4.454120"><ele>25.0</ele></trkpt>
    <trkpt lat="48.097080" lon="-4.453950"><ele>28.0</ele></trkpt>
    <trkpt lat="48.097200" lon="-4.453790"><ele>32.0</ele></trkpt>
    <trkpt lat="48.097230" lon="-4.453610"><ele>25.0</ele></trkpt>
    <trkpt lat="48.097140" lon="-4.453340"><ele>31.0</ele></trkpt>
    <trkpt lat="48.097160" lon="-4.453250"><ele>37.0</ele></trkpt>
    <trkpt lat="48.097380" lon="-4.452970"><ele>31.0</ele></trkpt>
    <trkpt lat="48.097570" lon="-4.452860"><ele>30.0</ele></trkpt>
    <trkpt lat="48.097660" lon="-4.452680"><ele>29.0</ele></trkpt>
    <trkpt lat="48.097520" lon="-4.452050"><ele>31.0</ele></trkpt>
    <trkpt lat="48.097550" lon="-4.451500"><ele>33.0</ele></trkpt>
    <trkpt lat="48.097980" lon="-4.451280"><ele>33.0</ele></trkpt>
    <trkpt lat="48.098040" lon="-4.451230"><ele>32.0</ele></trkpt>
    <trkpt lat="48.098150" lon="-4.451030"><ele>28.0</ele></trkpt>
    <trkpt lat="48.098250" lon="-4.450060"><ele>24.0</ele></trkpt>
    <trkpt lat="48.098120" lon="-4.449730"><ele>31.0</ele></trkpt>
    <trkpt lat="48.098070" lon="-4.449510"><ele>31.0</ele></trkpt>
    <trkpt lat="48.098070" lon="-4.449430"><ele>31.0</ele></trkpt>
    <trkpt lat="48.098190" lon="-4.449140"><ele>31.0</ele></trkpt>
    <trkpt lat="48.098100" lon="-4.448590"><ele>19.0</ele></trkpt>
    <trkpt lat="48.098020" lon="-4.448400"><ele>22.0</ele></trkpt>
    <trkpt lat="48.097940" lon="-4.448050"><ele>22.0</ele></trkpt>
    <trkpt lat="48.097810" lon="-4.447830"><ele>21.0</ele></trkpt>
    <trkpt lat="48.097710" lon="-4.447440"><ele>15.0</ele></trkpt>
    <trkpt lat="48.097570" lon="-4.447270"><ele>19.0</ele></trkpt>
    <trkpt lat="48.097560" lon="-4.447210"><ele>19.0</ele></trkpt>
    <trkpt lat="48.097620" lon="-4.447010"><ele>20.0</ele></trkpt>
    <trkpt lat="48.097390" lon="-4.446750"><ele>21.0</ele></trkpt>
    <trkpt lat="48.097280" lon="-4.446500"><ele>19.0</ele></trkpt>
    <trkpt lat="48.097290" lon="-4.446310"><ele>25.0</ele></trkpt>
    <trkpt lat="48.097260" lon="-4.446280"><ele>23.0</ele></trkpt>
    <trkpt lat="48.097210" lon="-4.446060"><ele>18.0</ele></trkpt>
    <trkpt lat="48.097220" lon="-4.446010"><ele>18.0</ele></trkpt>
    <trkpt lat="48.097320" lon="-4.446000"><ele>8.0</ele></trkpt>
    <trkpt lat="48.097360" lon="-4.445920"><ele>18.0</ele></trkpt>
    <trkpt lat="48.097350" lon="-4.445850"><ele>15.0</ele></trkpt>
    <trkpt lat="48.097210" lon="-4.445680"><ele>18.0</ele></trkpt>
    <trkpt lat="48.097150" lon="-4.445530"><ele>16.0</ele></trkpt>
    <trkpt lat="48.096970" lon="-4.445490"><ele>20.0</ele></trkpt>
    <trkpt lat="48.097060" lon="-4.445320"><ele>19.0</ele></trkpt>
    <trkpt lat="48.097090" lon="-4.445120"><ele>18.0</ele></trkpt>
    <trkpt lat="48.097080" lon="-4.444920"><ele>23.0</ele></trkpt>
    <trkpt lat="48.097220" lon="-4.444570"><ele>22.0</ele></trkpt>
    <trkpt lat="48.097610" lon="-4.444160"><ele>18.0</ele></trkpt>
    <trkpt lat="48.097580" lon="-4.444090"><ele>20.0</ele></trkpt>
    <trkpt lat="48.097530" lon="-4.444080"><ele>20.0</ele></trkpt>
    <trkpt lat="48.097480" lon="-4.443890"><ele>26.0</ele></trkpt>
    <trkpt lat="48.097440" lon="-4.443840"><ele>26.0</ele></trkpt>
    <trkpt lat="48.097200" lon="-4.443690"><ele>32.0</ele></trkpt>
    <trkpt lat="48.096870" lon="-4.443120"><ele>26.0</ele></trkpt>
    <trkpt lat="48.096830" lon="-4.442910"><ele>20.0</ele></trkpt>
    <trkpt lat="48.096840" lon="-4.442560"><ele>17.0</ele></trkpt>
    <trkpt lat="48.096780" lon="-4.442450"><ele>23.0</ele></trkpt>
    <trkpt lat="48.096640" lon="-4.442510"><ele>23.0</ele></trkpt>
    <trkpt lat="48.096550" lon="-4.442610"><ele>25.0</ele></trkpt>
    <trkpt lat="48.096310" lon="-4.442580"><ele>27.0</ele></trkpt>
    <trkpt lat="48.096290" lon="-4.442640"><ele>29.0</ele></trkpt>
    <trkpt lat="48.096210" lon="-4.442660"><ele>29.0</ele></trkpt>
    <trkpt lat="48.096090" lon="-4.442820"><ele>37.0</ele></trkpt>
    <trkpt lat="48.096030" lon="-4.442830"><ele>32.0</ele></trkpt>
    <trkpt lat="48.095960" lon="-4.442770"><ele>44.0</ele></trkpt>
    <trkpt lat="48.095960" lon="-4.442690"><ele>45.0</ele></trkpt>
    <trkpt lat="48.096020" lon="-4.442550"><ele>32.0</ele></trkpt>
    <trkpt lat="48.096050" lon="-4.442150"><ele>32.0</ele></trkpt>
    <trkpt lat="48.096100" lon="-4.441980"><ele>32.0</ele></trkpt>
    <trkpt lat="48.096160" lon="-4.441890"><ele>26.0</ele></trkpt>
    <trkpt lat="48.096150" lon="-4.441680"><ele>30.0</ele></trkpt>
    <trkpt lat="48.096190" lon="-4.441440"><ele>28.0</ele></trkpt>
    <trkpt lat="48.096550" lon="-4.441000"><ele>29.0</ele></trkpt>
    <trkpt lat="48.096560" lon="-4.440940"><ele>18.0</ele></trkpt>
    <trkpt lat="48.096500" lon="-4.440780"><ele>28.0</ele></trkpt>
    <trkpt lat="48.096530" lon="-4.440440"><ele>18.0</ele></trkpt>
    <trkpt lat="48.096510" lon="-4.439920"><ele>19.0</ele></trkpt>
    <trkpt lat="48.096490" lon="-4.439790"><ele>29.0</ele></trkpt>
    <trkpt lat="48.096430" lon="-4.439670"><ele>34.0</ele></trkpt>
    <trkpt lat="48.096410" lon="-4.439490"><ele>31.0</ele></trkpt>
    <trkpt lat="48.096510" lon="-4.438740"><ele>35.0</ele></trkpt>
    <trkpt lat="48.096600" lon="-4.438610"><ele>35.0</ele></trkpt>
    <trkpt lat="48.096560" lon="-4.438260"><ele>38.0</ele></trkpt>
    <trkpt lat="48.096650" lon="-4.437990"><ele>32.0</ele></trkpt>
    <trkpt lat="48.096620" lon="-4.437710"><ele>32.0</ele></trkpt>
    <trkpt lat="48.096650" lon="-4.437470"><ele>32.0</ele></trkpt>
    <trkpt lat="48.096690" lon="-4.437370"><ele>33.0</ele></trkpt>
    <trkpt lat="48.096800" lon="-4.437240"><ele>35.0</ele></trkpt>
    <trkpt lat="48.096840" lon="-4.437030"><ele>31.0</ele></trkpt>
    <trkpt lat="48.096940" lon="-4.436900"><ele>34.0</ele></trkpt>
    <trkpt lat="48.097030" lon="-4.436830"><ele>30.0</ele></trkpt>
    <trkpt lat="48.097370" lon="-4.436760"><ele>25.0</ele></trkpt>
    <trkpt lat="48.097450" lon="-4.436510"><ele>29.0</ele></trkpt>
    <trkpt lat="48.097440" lon="-4.436300"><ele>29.0</ele></trkpt>
    <trkpt lat="48.097390" lon="-4.436090"><ele>26.0</ele></trkpt>
    <trkpt lat="48.097200" lon="-4.435770"><ele>35.0</ele></trkpt>
    <trkpt lat="48.097120" lon="-4.435490"><ele>32.0</ele></trkpt>
    <trkpt lat="48.097050" lon="-4.435100"><ele>32.0</ele></trkpt>
    <trkpt lat="48.097070" lon="-4.434860"><ele>33.0</ele></trkpt>
    <trkpt lat="48.096990" lon="-4.434570"><ele>27.0</ele></trkpt>
    <trkpt lat="48.097010" lon="-4.434200"><ele>22.0</ele></trkpt>
    <trkpt lat="48.096980" lon="-4.434140"><ele>27.0</ele></trkpt>
    <trkpt lat="48.096560" lon="-4.433780"><ele>17.0</ele></trkpt>
    <trkpt lat="48.096280" lon="-4.433660"><ele>23.0</ele></trkpt>
    <trkpt lat="48.096260" lon="-4.433630"><ele>23.0</ele></trkpt>
    <trkpt lat="48.096270" lon="-4.433500"><ele>22.0</ele></trkpt>
    <trkpt lat="48.096320" lon="-4.433430"><ele>22.0</ele></trkpt>
    <trkpt lat="48.096380" lon="-4.433230"><ele>24.0</ele></trkpt>
    <trkpt lat="48.097010" lon="-4.432730"><ele>20.0</ele></trkpt>
    <trkpt lat="48.097160" lon="-4.432450"><ele>24.0</ele></trkpt>
    <trkpt lat="48.097240" lon="-4.431880"><ele>35.0</ele></trkpt>
    <trkpt lat="48.097270" lon="-4.431800"><ele>35.0</ele></trkpt>
    <trkpt lat="48.097390" lon="-4.431670"><ele>37.0</ele></trkpt>
    <trkpt lat="48.097530" lon="-4.431200"><ele>40.0</ele></trkpt>
    <trkpt lat="48.097640" lon="-4.431080"><ele>45.0</ele></trkpt>
    <trkpt lat="48.097740" lon="-4.431080"><ele>44.0</ele></trkpt>
    <trkpt lat="48.097850" lon="-4.430970"><ele>50.0</ele></trkpt>
    <trkpt lat="48.098130" lon="-4.431020"><ele>32.0</ele></trkpt>
    <trkpt lat="48.098460" lon="-4.430720"><ele>33.0</ele></trkpt>
    <trkpt lat="48.098520" lon="-4.430630"><ele>40.0</ele></trkpt>
    <trkpt lat="48.098630" lon="-4.430230"><ele>42.0</ele></trkpt>
    <trkpt lat="48.098720" lon="-4.430020"><ele>41.0</ele></trkpt>
    <trkpt lat="48.098940" lon="-4.429830"><ele>41.0</ele></trkpt>
    <trkpt lat="48.099050" lon="-4.429680"><ele>40.0</ele></trkpt>
    <trkpt lat="48.099390" lon="-4.429420"><ele>37.0</ele></trkpt>
    <trkpt lat="48.099550" lon="-4.428900"><ele>37.0</ele></trkpt>
    <trkpt lat="48.099630" lon="-4.428850"><ele>26.0</ele></trkpt>
    <trkpt lat="48.099790" lon="-4.428840"><ele>17.0</ele></trkpt>
    <trkpt lat="48.099960" lon="-4.428650"><ele>17.0</ele></trkpt>
    <trkpt lat="48.100000" lon="-4.428510"><ele>19.0</ele></trkpt>
    <trkpt lat="48.099890" lon="-4.428240"><ele>32.0</ele></trkpt>
    <trkpt lat="48.099890" lon="-4.428130"><ele>32.0</ele></trkpt>
    <trkpt lat="48.100000" lon="-4.427670"><ele>20.0</ele></trkpt>
    <trkpt lat="48.099970" lon="-4.427360"><ele>23.0</ele></trkpt>
    <trkpt lat="48.099930" lon="-4.427270"><ele>21.0</ele></trkpt>
    <trkpt lat="48.099750" lon="-4.427170"><ele>28.0</ele></trkpt>
    <trkpt lat="48.099720" lon="-4.427110"><ele>28.0</ele></trkpt>
    <trkpt lat="48.099680" lon="-4.426860"><ele>19.0</ele></trkpt>
    <trkpt lat="48.099720" lon="-4.426650"><ele>18.0</ele></trkpt>
    <trkpt lat="48.099690" lon="-4.426450"><ele>26.0</ele></trkpt>
    <trkpt lat="48.099410" lon="-4.426010"><ele>21.0</ele></trkpt>
    <trkpt lat="48.099470" lon="-4.425890"><ele>22.0</ele></trkpt>
    <trkpt lat="48.099830" lon="-4.425470"><ele>17.0</ele></trkpt>
    <trkpt lat="48.099820" lon="-4.425350"><ele>20.0</ele></trkpt>
    <trkpt lat="48.099700" lon="-4.425080"><ele>25.0</ele></trkpt>
    <trkpt lat="48.099550" lon="-4.425010"><ele>31.0</ele></trkpt>
    <trkpt lat="48.099510" lon="-4.424890"><ele>31.0</ele></trkpt>
    <trkpt lat="48.099530" lon="-4.424840"><ele>31.0</ele></trkpt>
    <trkpt lat="48.099720" lon="-4.424720"><ele>19.0</ele></trkpt>
    <trkpt lat="48.099800" lon="-4.424470"><ele>21.0</ele></trkpt>
    <trkpt lat="48.099920" lon="-4.424380"><ele>22.0</ele></trkpt>
    <trkpt lat="48.099950" lon="-4.424300"><ele>22.0</ele></trkpt>
    <trkpt lat="48.099940" lon="-4.423900"><ele>19.0</ele></trkpt>
    <trkpt lat="48.099990" lon="-4.423660"><ele>20.0</ele></trkpt>
    <trkpt lat="48.099910" lon="-4.423420"><ele>18.0</ele></trkpt>
    <trkpt lat="48.099840" lon="-4.423010"><ele>18.0</ele></trkpt>
    <trkpt lat="48.099840" lon="-4.422820"><ele>14.0</ele></trkpt>
    <trkpt lat="48.099790" lon="-4.422680"><ele>11.0</ele></trkpt>
    <trkpt lat="48.099830" lon="-4.422600"><ele>11.0</ele></trkpt>
    <trkpt lat="48.099930" lon="-4.422670"><ele>9.0</ele></trkpt>
    <trkpt lat="48.099990" lon="-4.422780"><ele>11.0</ele></trkpt>
    <trkpt lat="48.100060" lon="-4.422780"><ele>9.0</ele></trkpt>
    <trkpt lat="48.100100" lon="-4.422840"><ele>8.0</ele></trkpt>
    <trkpt lat="48.100340" lon="-4.422860"><ele>12.0</ele></trkpt>
    <trkpt lat="48.100460" lon="-4.422790"><ele>20.0</ele></trkpt>
    <trkpt lat="48.100790" lon="-4.423070"><ele>9.0</ele></trkpt>
    <trkpt lat="48.101410" lon="-4.423110"><ele>10.0</ele></trkpt>
    <trkpt lat="48.101560" lon="-4.422990"><ele>26.0</ele></trkpt>
    <trkpt lat="48.101600" lon="-4.422780"><ele>29.0</ele></trkpt>
    <trkpt lat="48.101660" lon="-4.422660"><ele>24.0</ele></trkpt>
    <trkpt lat="48.101870" lon="-4.422540"><ele>26.0</ele></trkpt>
    <trkpt lat="48.101970" lon="-4.422580"><ele>26.0</ele></trkpt>
    <trkpt lat="48.102150" lon="-4.422770"><ele>26.0</ele></trkpt>
    <trkpt lat="48.102280" lon="-4.422970"><ele>17.0</ele></trkpt>
    <trkpt lat="48.102500" lon="-4.423100"><ele>17.0</ele></trkpt>
    <trkpt lat="48.102690" lon="-4.423150"><ele>18.0</ele></trkpt>
    <trkpt lat="48.102840" lon="-4.422960"><ele>21.0</ele></trkpt>
    <trkpt lat="48.102850" lon="-4.422840"><ele>21.0</ele></trkpt>
    <trkpt lat="48.102910" lon="-4.422720"><ele>23.0</ele></trkpt>
    <trkpt lat="48.103120" lon="-4.422640"><ele>25.0</ele></trkpt>
    <trkpt lat="48.103280" lon="-4.422190"><ele>39.0</ele></trkpt>
    <trkpt lat="48.103330" lon="-4.421930"><ele>35.0</ele></trkpt>
    <trkpt lat="48.103390" lon="-4.422110"><ele>33.0</ele></trkpt>
    <trkpt lat="48.103470" lon="-4.421710"><ele>35.0</ele></trkpt>
    <trkpt lat="48.103690" lon="-4.421240"><ele>42.0</ele></trkpt>
    <trkpt lat="48.103850" lon="-4.421080"><ele>42.0</ele></trkpt>
    <trkpt lat="48.104010" lon="-4.421080"><ele>39.0</ele></trkpt>
    <trkpt lat="48.104170" lon="-4.421020"><ele>39.0</ele></trkpt>
    <trkpt lat="48.104340" lon="-4.420660"><ele>43.0</ele></trkpt>
    <trkpt lat="48.104450" lon="-4.420590"><ele>37.0</ele></trkpt>
    <trkpt lat="48.104580" lon="-4.420520"><ele>31.0</ele></trkpt>
    <trkpt lat="48.105000" lon="-4.420460"><ele>22.0</ele></trkpt>
    <trkpt lat="48.105070" lon="-4.420320"><ele>29.0</ele></trkpt>
    <trkpt lat="48.105100" lon="-4.420120"><ele>29.0</ele></trkpt>
    <trkpt lat="48.105050" lon="-4.419920"><ele>31.0</ele></trkpt>
    <trkpt lat="48.104970" lon="-4.419780"><ele>32.0</ele></trkpt>
    <trkpt lat="48.104630" lon="-4.419430"><ele>35.0</ele></trkpt>
    <trkpt lat="48.104630" lon="-4.419290"><ele>31.0</ele></trkpt>
    <trkpt lat="48.104700" lon="-4.419140"><ele>33.0</ele></trkpt>
    <trkpt lat="48.104810" lon="-4.419040"><ele>33.0</ele></trkpt>
    <trkpt lat="48.105210" lon="-4.418500"><ele>33.0</ele></trkpt>
    <trkpt lat="48.105370" lon="-4.418320"><ele>36.0</ele></trkpt>
    <trkpt lat="48.105570" lon="-4.418190"><ele>43.0</ele></trkpt>
    <trkpt lat="48.105480" lon="-4.417850"><ele>45.0</ele></trkpt>
    <trkpt lat="48.105380" lon="-4.417280"><ele>44.0</ele></trkpt>
    <trkpt lat="48.105380" lon="-4.417130"><ele>50.0</ele></trkpt>
    <trkpt lat="48.105440" lon="-4.416880"><ele>44.0</ele></trkpt>
    <trkpt lat="48.105550" lon="-4.416720"><ele>41.0</ele></trkpt>
    <trkpt lat="48.105850" lon="-4.416720"><ele>38.0</ele></trkpt>
    <trkpt lat="48.106010" lon="-4.416500"><ele>42.0</ele></trkpt>
    <trkpt lat="48.106030" lon="-4.416180"><ele>42.0</ele></trkpt>
    <trkpt lat="48.106160" lon="-4.415870"><ele>41.0</ele></trkpt>
    <trkpt lat="48.106300" lon="-4.415200"><ele>37.0</ele></trkpt>
    <trkpt lat="48.106310" lon="-4.414990"><ele>27.0</ele></trkpt>
    <trkpt lat="48.106410" lon="-4.414970"><ele>30.0</ele></trkpt>
    <trkpt lat="48.106520" lon="-4.414770"><ele>20.0</ele></trkpt>
    <trkpt lat="48.106540" lon="-4.414670"><ele>29.0</ele></trkpt>
    <trkpt lat="48.106390" lon="-4.414290"><ele>29.0</ele></trkpt>
    <trkpt lat="48.106270" lon="-4.414110"><ele>32.0</ele></trkpt>
    <trkpt lat="48.106240" lon="-4.413970"><ele>27.0</ele></trkpt>
    <trkpt lat="48.106400" lon="-4.413700"><ele>26.0</ele></trkpt>
    <trkpt lat="48.106540" lon="-4.413340"><ele>25.0</ele></trkpt>
    <trkpt lat="48.106650" lon="-4.412890"><ele>16.0</ele></trkpt>
    <trkpt lat="48.106490" lon="-4.412440"><ele>17.0</ele></trkpt>
    <trkpt lat="48.106470" lon="-4.412140"><ele>14.0</ele></trkpt>
    <trkpt lat="48.106440" lon="-4.412120"><ele>14.0</ele></trkpt>
    <trkpt lat="48.106440" lon="-4.411880"><ele>20.0</ele></trkpt>
    <trkpt lat="48.106340" lon="-4.411680"><ele>21.0</ele></trkpt>
    <trkpt lat="48.106280" lon="-4.411340"><ele>26.0</ele></trkpt>
    <trkpt lat="48.106130" lon="-4.410810"><ele>15.0</ele></trkpt>
    <trkpt lat="48.106120" lon="-4.410570"><ele>11.0</ele></trkpt>
    <trkpt lat="48.105710" lon="-4.409950"><ele>12.0</ele></trkpt>
    <trkpt lat="48.105600" lon="-4.409440"><ele>14.0</ele></trkpt>
    <trkpt lat="48.105460" lon="-4.409280"><ele>15.0</ele></trkpt>
    <trkpt lat="48.105230" lon="-4.409130"><ele>14.0</ele></trkpt>
    <trkpt lat="48.105190" lon="-4.409040"><ele>13.0</ele></trkpt>
    <trkpt lat="48.104870" lon="-4.408700"><ele>22.0</ele></trkpt>
    <trkpt lat="48.104520" lon="-4.408170"><ele>8.0</ele></trkpt>
    <trkpt lat="48.104510" lon="-4.407930"><ele>15.0</ele></trkpt>
    <trkpt lat="48.104300" lon="-4.407560"><ele>19.0</ele></trkpt>
    <trkpt lat="48.104350" lon="-4.407380"><ele>13.0</ele></trkpt>
    <trkpt lat="48.104210" lon="-4.407120"><ele>8.0</ele></trkpt>
    <trkpt lat="48.103720" lon="-4.407020"><ele>13.0</ele></trkpt>
    <trkpt lat="48.103530" lon="-4.407030"><ele>12.0</ele></trkpt>
    <trkpt lat="48.103280" lon="-4.407120"><ele>13.0</ele></trkpt>
    <trkpt lat="48.103250" lon="-4.406980"><ele>13.0</ele></trkpt>
    <trkpt lat="48.103390" lon="-4.406740"><ele>11.0</ele></trkpt>
    <trkpt lat="48.103550" lon="-4.406300"><ele>11.0</ele></trkpt>
    <trkpt lat="48.103520" lon="-4.405970"><ele>11.0</ele></trkpt>
    <trkpt lat="48.103660" lon="-4.405040"><ele>20.0</ele></trkpt>
    <trkpt lat="48.103680" lon="-4.404610"><ele>20.0</ele></trkpt>
    <trkpt lat="48.103640" lon="-4.404340"><ele>15.0</ele></trkpt>
    <trkpt lat="48.103780" lon="-4.404250"><ele>12.0</ele></trkpt>
    <trkpt lat="48.103940" lon="-4.404270"><ele>15.0</ele></trkpt>
    <trkpt lat="48.104280" lon="-4.404180"><ele>15.0</ele></trkpt>
    <trkpt lat="48.104400" lon="-4.404260"><ele>15.0</ele></trkpt>
    <trkpt lat="48.104600" lon="-4.404170"><ele>16.0</ele></trkpt>
    <trkpt lat="48.104800" lon="-4.403960"><ele>14.0</ele></trkpt>
    <trkpt lat="48.104880" lon="-4.403960"><ele>17.0</ele></trkpt>
    <trkpt lat="48.104990" lon="-4.404040"><ele>12.0</ele></trkpt>
    <trkpt lat="48.105160" lon="-4.403980"><ele>14.0</ele></trkpt>
    <trkpt lat="48.105280" lon="-4.403910"><ele>18.0</ele></trkpt>
    <trkpt lat="48.105350" lon="-4.403710"><ele>24.0</ele></trkpt>
    <trkpt lat="48.105370" lon="-4.403520"><ele>26.0</ele></trkpt>
    <trkpt lat="48.105270" lon="-4.403130"><ele>25.0</ele></trkpt>
    <trkpt lat="48.105310" lon="-4.402810"><ele>26.0</ele></trkpt>
    <trkpt lat="48.105250" lon="-4.402670"><ele>24.0</ele></trkpt>
    <trkpt lat="48.105190" lon="-4.402160"><ele>36.0</ele></trkpt>
    <trkpt lat="48.105010" lon="-4.401600"><ele>34.0</ele></trkpt>
    <trkpt lat="48.105020" lon="-4.401480"><ele>40.0</ele></trkpt>
    <trkpt lat="48.105130" lon="-4.401220"><ele>32.0</ele></trkpt>
    <trkpt lat="48.105160" lon="-4.401060"><ele>31.0</ele></trkpt>
    <trkpt lat="48.105180" lon="-4.400480"><ele>26.0</ele></trkpt>
    <trkpt lat="48.105240" lon="-4.400020"><ele>11.0</ele></trkpt>
    <trkpt lat="48.104820" lon="-4.399100"><ele>27.0</ele></trkpt>
    <trkpt lat="48.104650" lon="-4.398840"><ele>26.0</ele></trkpt>
    <trkpt lat="48.104600" lon="-4.398670"><ele>27.0</ele></trkpt>
    <trkpt lat="48.104580" lon="-4.398310"><ele>25.0</ele></trkpt>
    <trkpt lat="48.104640" lon="-4.397940"><ele>27.0</ele></trkpt>
    <trkpt lat="48.104720" lon="-4.397820"><ele>18.0</ele></trkpt>
    <trkpt lat="48.104720" lon="-4.397740"><ele>18.0</ele></trkpt>
    <trkpt lat="48.104640" lon="-4.397460"><ele>27.0</ele></trkpt>
    <trkpt lat="48.104390" lon="-4.396980"><ele>32.0</ele></trkpt>
    <trkpt lat="48.104260" lon="-4.396580"><ele>32.0</ele></trkpt>
    <trkpt lat="48.104270" lon="-4.396460"><ele>31.0</ele></trkpt>
    <trkpt lat="48.104340" lon="-4.396320"><ele>32.0</ele></trkpt>
    <trkpt lat="48.104510" lon="-4.396100"><ele>33.0</ele></trkpt>
    <trkpt lat="48.104480" lon="-4.396020"><ele>27.0</ele></trkpt>
    <trkpt lat="48.104260" lon="-4.395900"><ele>35.0</ele></trkpt>
    <trkpt lat="48.104190" lon="-4.395750"><ele>37.0</ele></trkpt>
    <trkpt lat="48.104130" lon="-4.395260"><ele>39.0</ele></trkpt>
    <trkpt lat="48.103900" lon="-4.394390"><ele>51.0</ele></trkpt>
    <trkpt lat="48.103950" lon="-4.394070"><ele>38.0</ele></trkpt>
    <trkpt lat="48.104010" lon="-4.393890"><ele>37.0</ele></trkpt>
    <trkpt lat="48.104050" lon="-4.393500"><ele>42.0</ele></trkpt>
    <trkpt lat="48.104150" lon="-4.393390"><ele>44.0</ele></trkpt>
    <trkpt lat="48.104260" lon="-4.392820"><ele>43.0</ele></trkpt>
    <trkpt lat="48.104310" lon="-4.392330"><ele>45.0</ele></trkpt>
    <trkpt lat="48.104290" lon="-4.391920"><ele>47.0</ele></trkpt>
    <trkpt lat="48.104340" lon="-4.391650"><ele>45.0</ele></trkpt>
    <trkpt lat="48.104510" lon="-4.391170"><ele>33.0</ele></trkpt>
    <trkpt lat="48.104590" lon="-4.391030"><ele>33.0</ele></trkpt>
    <trkpt lat="48.104570" lon="-4.390800"><ele>30.0</ele></trkpt>
    <trkpt lat="48.104470" lon="-4.390610"><ele>26.0</ele></trkpt>
    <trkpt lat="48.104490" lon="-4.390420"><ele>24.0</ele></trkpt>
    <trkpt lat="48.104450" lon="-4.390330"><ele>18.0</ele></trkpt>
    <trkpt lat="48.104380" lon="-4.390290"><ele>22.0</ele></trkpt>
    <trkpt lat="48.104380" lon="-4.390230"><ele>22.0</ele></trkpt>
    <trkpt lat="48.104450" lon="-4.389990"><ele>22.0</ele></trkpt>
    <trkpt lat="48.104480" lon="-4.389630"><ele>30.0</ele></trkpt>
    <trkpt lat="48.104600" lon="-4.389180"><ele>19.0</ele></trkpt>
    <trkpt lat="48.104670" lon="-4.389050"><ele>25.0</ele></trkpt>
    <trkpt lat="48.104770" lon="-4.388540"><ele>19.0</ele></trkpt>
    <trkpt lat="48.104760" lon="-4.388080"><ele>23.0</ele></trkpt>
    <trkpt lat="48.104790" lon="-4.387930"><ele>25.0</ele></trkpt>
    <trkpt lat="48.104790" lon="-4.387420"><ele>31.0</ele></trkpt>
    <trkpt lat="48.104860" lon="-4.387130"><ele>32.0</ele></trkpt>
    <trkpt lat="48.105210" lon="-4.386780"><ele>34.0</ele></trkpt>
    <trkpt lat="48.105180" lon="-4.386440"><ele>41.0</ele></trkpt>
    <trkpt lat="48.105040" lon="-4.386240"><ele>37.0</ele></trkpt>
    <trkpt lat="48.105020" lon="-4.386040"><ele>41.0</ele></trkpt>
    <trkpt lat="48.105270" lon="-4.385080"><ele>36.0</ele></trkpt>
    <trkpt lat="48.105530" lon="-4.384290"><ele>44.0</ele></trkpt>
    <trkpt lat="48.105530" lon="-4.384010"><ele>46.0</ele></trkpt>
    <trkpt lat="48.105580" lon="-4.383640"><ele>45.0</ele></trkpt>
    <trkpt lat="48.105650" lon="-4.383550"><ele>42.0</ele></trkpt>
    <trkpt lat="48.105690" lon="-4.382920"><ele>39.0</ele></trkpt>
    <trkpt lat="48.105850" lon="-4.382660"><ele>39.0</ele></trkpt>
    <trkpt lat="48.105910" lon="-4.382630"><ele>28.0</ele></trkpt>
    <trkpt lat="48.106030" lon="-4.382470"><ele>37.0</ele></trkpt>
    <trkpt lat="48.106500" lon="-4.381540"><ele>27.0</ele></trkpt>
    <trkpt lat="48.107000" lon="-4.380960"><ele>23.0</ele></trkpt>
    <trkpt lat="48.107160" lon="-4.380610"><ele>23.0</ele></trkpt>
    <trkpt lat="48.107140" lon="-4.380460"><ele>27.0</ele></trkpt>
    <trkpt lat="48.107180" lon="-4.380330"><ele>31.0</ele></trkpt>
    <trkpt lat="48.107260" lon="-4.380150"><ele>36.0</ele></trkpt>
    <trkpt lat="48.107480" lon="-4.379860"><ele>32.0</ele></trkpt>
    <trkpt lat="48.107550" lon="-4.379670"><ele>31.0</ele></trkpt>
    <trkpt lat="48.107580" lon="-4.379480"><ele>34.0</ele></trkpt>
    <trkpt lat="48.107500" lon="-4.379080"><ele>38.0</ele></trkpt>
    <trkpt lat="48.107330" lon="-4.378750"><ele>42.0</ele></trkpt>
    <trkpt lat="48.107210" lon="-4.378630"><ele>42.0</ele></trkpt>
    <trkpt lat="48.107240" lon="-4.378500"><ele>43.0</ele></trkpt>
    <trkpt lat="48.107540" lon="-4.378070"><ele>48.0</ele></trkpt>
    <trkpt lat="48.107730" lon="-4.377950"><ele>49.0</ele></trkpt>
    <trkpt lat="48.107760" lon="-4.377790"><ele>50.0</ele></trkpt>
    <trkpt lat="48.107750" lon="-4.377520"><ele>49.0</ele></trkpt>
    <trkpt lat="48.107820" lon="-4.377370"><ele>41.0</ele></trkpt>
    <trkpt lat="48.107850" lon="-4.377430"><ele>41.0</ele></trkpt>
    <trkpt lat="48.108070" lon="-4.376590"><ele>42.0</ele></trkpt>
    <trkpt lat="48.108050" lon="-4.376380"><ele>41.0</ele></trkpt>
    <trkpt lat="48.108060" lon="-4.376070"><ele>42.0</ele></trkpt>
    <trkpt lat="48.108100" lon="-4.375870"><ele>44.0</ele></trkpt>
    <trkpt lat="48.108090" lon="-4.375630"><ele>41.0</ele></trkpt>
    <trkpt lat="48.108340" lon="-4.375260"><ele>36.0</ele></trkpt>
    <trkpt lat="48.108450" lon="-4.375170"><ele>36.0</ele></trkpt>
    <trkpt lat="48.108650" lon="-4.375100"><ele>27.0</ele></trkpt>
    <trkpt lat="48.108860" lon="-4.374890"><ele>22.0</ele></trkpt>
    <trkpt lat="48.109090" lon="-4.374790"><ele>23.0</ele></trkpt>
    <trkpt lat="48.109180" lon="-4.374830"><ele>21.0</ele></trkpt>
    <trkpt lat="48.109270" lon="-4.374770"><ele>24.0</ele></trkpt>
    <trkpt lat="48.109480" lon="-4.374740"><ele>30.0</ele></trkpt>
    <trkpt lat="48.109580" lon="-4.374650"><ele>36.0</ele></trkpt>
    <trkpt lat="48.109600" lon="-4.374490"><ele>31.0</ele></trkpt>
    <trkpt lat="48.109700" lon="-4.374320"><ele>42.0</ele></trkpt>
    <trkpt lat="48.109750" lon="-4.374110"><ele>36.0</ele></trkpt>
    <trkpt lat="48.109680" lon="-4.373740"><ele>45.0</ele></trkpt>
    <trkpt lat="48.109710" lon="-4.373640"><ele>38.0</ele></trkpt>
    <trkpt lat="48.109750" lon="-4.373640"><ele>38.0</ele></trkpt>
    <trkpt lat="48.109780" lon="-4.373530"><ele>38.0</ele></trkpt>
    <trkpt lat="48.109840" lon="-4.373550"><ele>38.0</ele></trkpt>
    <trkpt lat="48.109880" lon="-4.373410"><ele>38.0</ele></trkpt>
    <trkpt lat="48.109900" lon="-4.373130"><ele>36.0</ele></trkpt>
    <trkpt lat="48.109880" lon="-4.372950"><ele>35.0</ele></trkpt>
    <trkpt lat="48.109970" lon="-4.372680"><ele>32.0</ele></trkpt>
    <trkpt lat="48.109920" lon="-4.372420"><ele>29.0</ele></trkpt>
    <trkpt lat="48.109860" lon="-4.372340"><ele>35.0</ele></trkpt>
    <trkpt lat="48.109920" lon="-4.372080"><ele>29.0</ele></trkpt>
    <trkpt lat="48.109820" lon="-4.371850"><ele>27.0</ele></trkpt>
    <trkpt lat="48.109760" lon="-4.371530"><ele>28.0</ele></trkpt>
    <trkpt lat="48.109770" lon="-4.371290"><ele>29.0</ele></trkpt>
    <trkpt lat="48.109820" lon="-4.371260"><ele>28.0</ele></trkpt>
    <trkpt lat="48.109830" lon="-4.370770"><ele>27.0</ele></trkpt>
    <trkpt lat="48.109710" lon="-4.370750"><ele>27.0</ele></trkpt>
    <trkpt lat="48.109400" lon="-4.370100"><ele>37.0</ele></trkpt>
    <trkpt lat="48.109310" lon="-4.369970"><ele>38.0</ele></trkpt>
    <trkpt lat="48.109270" lon="-4.369810"><ele>38.0</ele></trkpt>
    <trkpt lat="48.109330" lon="-4.369630"><ele>38.0</ele></trkpt>
    <trkpt lat="48.109390" lon="-4.369270"><ele>29.0</ele></trkpt>
    <trkpt lat="48.109450" lon="-4.369240"><ele>30.0</ele></trkpt>
    <trkpt lat="48.109620" lon="-4.369280"><ele>25.0</ele></trkpt>
    <trkpt lat="48.109670" lon="-4.368420"><ele>24.0</ele></trkpt>
    <trkpt lat="48.109500" lon="-4.368160"><ele>26.0</ele></trkpt>
    <trkpt lat="48.109430" lon="-4.367960"><ele>24.0</ele></trkpt>
    <trkpt lat="48.109400" lon="-4.367810"><ele>22.0</ele></trkpt>
    <trkpt lat="48.109430" lon="-4.367490"><ele>22.0</ele></trkpt>
    <trkpt lat="48.109130" lon="-4.366510"><ele>24.0</ele></trkpt>
    <trkpt lat="48.108980" lon="-4.366170"><ele>24.0</ele></trkpt>
    <trkpt lat="48.108900" lon="-4.365760"><ele>26.0</ele></trkpt>
    <trkpt lat="48.108760" lon="-4.365470"><ele>27.0</ele></trkpt>
    <trkpt lat="48.108870" lon="-4.364870"><ele>19.0</ele></trkpt>
    <trkpt lat="48.108810" lon="-4.364690"><ele>21.0</ele></trkpt>
    <trkpt lat="48.108820" lon="-4.364610"><ele>21.0</ele></trkpt>
    <trkpt lat="48.108730" lon="-4.364040"><ele>35.0</ele></trkpt>
    <trkpt lat="48.108830" lon="-4.363930"><ele>28.0</ele></trkpt>
    <trkpt lat="48.108890" lon="-4.363780"><ele>30.0</ele></trkpt>
    <trkpt lat="48.109000" lon="-4.363700"><ele>30.0</ele></trkpt>
    <trkpt lat="48.109010" lon="-4.363520"><ele>21.0</ele></trkpt>
    <trkpt lat="48.108960" lon="-4.363230"><ele>30.0</ele></trkpt>
    <trkpt lat="48.108970" lon="-4.363150"><ele>27.0</ele></trkpt>
    <trkpt lat="48.109110" lon="-4.363010"><ele>18.0</ele></trkpt>
    <trkpt lat="48.109070" lon="-4.362630"><ele>17.0</ele></trkpt>
    <trkpt lat="48.109130" lon="-4.362500"><ele>16.0</ele></trkpt>
    <trkpt lat="48.108940" lon="-4.362110"><ele>13.0</ele></trkpt>
    <trkpt lat="48.108660" lon="-4.362020"><ele>18.0</ele></trkpt>
    <trkpt lat="48.108100" lon="-4.361570"><ele>16.0</ele></trkpt>
    <trkpt lat="48.107600" lon="-4.361440"><ele>18.0</ele></trkpt>
    <trkpt lat="48.107350" lon="-4.361470"><ele>19.0</ele></trkpt>
    <trkpt lat="48.107190" lon="-4.361190"><ele>14.0</ele></trkpt>
    <trkpt lat="48.106640" lon="-4.361030"><ele>14.0</ele></trkpt>
    <trkpt lat="48.106590" lon="-4.360920"><ele>17.0</ele></trkpt>
    <trkpt lat="48.106610" lon="-4.360690"><ele>14.0</ele></trkpt>
    <trkpt lat="48.106280" lon="-4.359480"><ele>27.0</ele></trkpt>
    <trkpt lat="48.105920" lon="-4.359740"><ele>29.0</ele></trkpt>
    <trkpt lat="48.105550" lon="-4.359930"><ele>28.0</ele></trkpt>
    <trkpt lat="48.104880" lon="-4.358450"><ele>22.0</ele></trkpt>
    <trkpt lat="48.104830" lon="-4.358220"><ele>19.0</ele></trkpt>
    <trkpt lat="48.104860" lon="-4.357690"><ele>23.0</ele></trkpt>
    <trkpt lat="48.104810" lon="-4.357500"><ele>23.0</ele></trkpt>
    <trkpt lat="48.104030" lon="-4.356270"><ele>19.0</ele></trkpt>
    <trkpt lat="48.103830" lon="-4.356050"><ele>23.0</ele></trkpt>
    <trkpt lat="48.103920" lon="-4.355840"><ele>16.0</ele></trkpt>
    <trkpt lat="48.103980" lon="-4.355910"><ele>18.0</ele></trkpt>
    <trkpt lat="48.104010" lon="-4.355840"><ele>11.0</ele></trkpt>
    <trkpt lat="48.103950" lon="-4.355770"><ele>16.0</ele></trkpt>
    <trkpt lat="48.104060" lon="-4.355590"><ele>6.0</ele></trkpt>
    <trkpt lat="48.104010" lon="-4.355530"><ele>6.0</ele></trkpt>
    <trkpt lat="48.104070" lon="-4.355360"><ele>4.0</ele></trkpt>
    <trkpt lat="48.104050" lon="-4.355300"><ele>4.0</ele></trkpt>
    <trkpt lat="48.103560" lon="-4.354760"><ele>4.0</ele></trkpt>
    <trkpt lat="48.103040" lon="-4.354460"><ele>4.0</ele></trkpt>
    <trkpt lat="48.102840" lon="-4.354110"><ele>5.0</ele></trkpt>
    <trkpt lat="48.102610" lon="-4.353090"><ele>6.0</ele></trkpt>
    <trkpt lat="48.102000" lon="-4.352650"><ele>6.0</ele></trkpt>
    <trkpt lat="48.101740" lon="-4.351890"><ele>5.0</ele></trkpt>
    <trkpt lat="48.102090" lon="-4.351620"><ele>5.0</ele></trkpt>
    <trkpt lat="48.102120" lon="-4.351400"><ele>4.0</ele></trkpt>
    <trkpt lat="48.102070" lon="-4.349900"><ele>4.0</ele></trkpt>
    <trkpt lat="48.102170" lon="-4.348560"><ele>10.0</ele></trkpt>
    <trkpt lat="48.102120" lon="-4.348030"><ele>12.0</ele></trkpt>
    <trkpt lat="48.102060" lon="-4.347850"><ele>14.0</ele></trkpt>
    <trkpt lat="48.101940" lon="-4.347700"><ele>12.0</ele></trkpt>
    <trkpt lat="48.101690" lon="-4.347610"><ele>13.0</ele></trkpt>
    <trkpt lat="48.101580" lon="-4.347330"><ele>12.0</ele></trkpt>
    <trkpt lat="48.101530" lon="-4.347290"><ele>8.0</ele></trkpt>
    <trkpt lat="48.101280" lon="-4.347280"><ele>12.0</ele></trkpt>
    <trkpt lat="48.101130" lon="-4.347000"><ele>12.0</ele></trkpt>
    <trkpt lat="48.101110" lon="-4.346980"><ele>12.0</ele></trkpt>
    <trkpt lat="48.101060" lon="-4.347040"><ele>13.0</ele></trkpt>
    <trkpt lat="48.100960" lon="-4.346940"><ele>13.0</ele></trkpt>
    <trkpt lat="48.100910" lon="-4.346850"><ele>13.0</ele></trkpt>
    <trkpt lat="48.100840" lon="-4.346540"><ele>13.0</ele></trkpt>
    <trkpt lat="48.100710" lon="-4.346440"><ele>13.0</ele></trkpt>
    <trkpt lat="48.100680" lon="-4.345950"><ele>8.0</ele></trkpt>
    <trkpt lat="48.100580" lon="-4.345310"><ele>12.0</ele></trkpt>
    <trkpt lat="48.100650" lon="-4.344880"><ele>14.0</ele></trkpt>
    <trkpt lat="48.100750" lon="-4.344740"><ele>14.0</ele></trkpt>
    <trkpt lat="48.100950" lon="-4.344310"><ele>14.0</ele></trkpt>
    <trkpt lat="48.101020" lon="-4.344090"><ele>15.0</ele></trkpt>
    <trkpt lat="48.101040" lon="-4.343800"><ele>14.0</ele></trkpt>
    <trkpt lat="48.100940" lon="-4.343330"><ele>12.0</ele></trkpt>
    <trkpt lat="48.100890" lon="-4.343230"><ele>14.0</ele></trkpt>
    <trkpt lat="48.100600" lon="-4.343070"><ele>15.0</ele></trkpt>
    <trkpt lat="48.100280" lon="-4.343000"><ele>19.0</ele></trkpt>
    <trkpt lat="48.100200" lon="-4.342830"><ele>17.0</ele></trkpt>
    <trkpt lat="48.100180" lon="-4.342720"><ele>17.0</ele></trkpt>
    <trkpt lat="48.100250" lon="-4.342150"><ele>17.0</ele></trkpt>
    <trkpt lat="48.100370" lon="-4.341880"><ele>15.0</ele></trkpt>
    <trkpt lat="48.100430" lon="-4.341340"><ele>14.0</ele></trkpt>
    <trkpt lat="48.100440" lon="-4.341220"><ele>7.0</ele></trkpt>
    <trkpt lat="48.100370" lon="-4.341100"><ele>14.0</ele></trkpt>
    <trkpt lat="48.099970" lon="-4.340850"><ele>13.0</ele></trkpt>
    <trkpt lat="48.099540" lon="-4.340400"><ele>11.0</ele></trkpt>
    <trkpt lat="48.098950" lon="-4.339940"><ele>7.0</ele></trkpt>
    <trkpt lat="48.098910" lon="-4.339850"><ele>5.0</ele></trkpt>
    <trkpt lat="48.098580" lon="-4.339500"><ele>5.0</ele></trkpt>
    <trkpt lat="48.098200" lon="-4.339590"><ele>5.0</ele></trkpt>
    <trkpt lat="48.098100" lon="-4.339650"><ele>5.0</ele></trkpt>
    <trkpt lat="48.097940" lon="-4.339860"><ele>5.0</ele></trkpt>
    <trkpt lat="48.097810" lon="-4.340430"><ele>4.0</ele></trkpt>
    <trkpt lat="48.097830" lon="-4.340790"><ele>3.0</ele></trkpt>
    <trkpt lat="48.097680" lon="-4.341100"><ele>3.0</ele></trkpt>
    <trkpt lat="48.097290" lon="-4.342180"><ele>4.0</ele></trkpt>
    <trkpt lat="48.097020" lon="-4.342770"><ele>4.0</ele></trkpt>
    <trkpt lat="48.096770" lon="-4.342480"><ele>4.0</ele></trkpt>
    <trkpt lat="48.095800" lon="-4.341650"><ele>4.0</ele></trkpt>
    <trkpt lat="48.096150" lon="-4.340850"><ele>4.0</ele></trkpt>
    <trkpt lat="48.096280" lon="-4.340720"><ele>4.0</ele></trkpt>
    <trkpt lat="48.096610" lon="-4.340510"><ele>4.0</ele></trkpt>
    <trkpt lat="48.096660" lon="-4.340430"><ele>4.0</ele></trkpt>
    <trkpt lat="48.096700" lon="-4.338990"><ele>5.0</ele></trkpt>
    <trkpt lat="48.096780" lon="-4.338710"><ele>6.0</ele></trkpt>
    <trkpt lat="48.096790" lon="-4.338530"><ele>7.0</ele></trkpt>
    <trkpt lat="48.096770" lon="-4.338470"><ele>6.0</ele></trkpt>
    <trkpt lat="48.096660" lon="-4.338370"><ele>6.0</ele></trkpt>
    <trkpt lat="48.096630" lon="-4.338580"><ele>7.0</ele></trkpt>
    <trkpt lat="48.096470" lon="-4.338670"><ele>11.0</ele></trkpt>
    <trkpt lat="48.096440" lon="-4.338610"><ele>11.0</ele></trkpt>
    <trkpt lat="48.096320" lon="-4.338550"><ele>11.0</ele></trkpt>
    <trkpt lat="48.095980" lon="-4.338470"><ele>11.0</ele></trkpt>
    <trkpt lat="48.095940" lon="-4.338430"><ele>11.0</ele></trkpt>
    <trkpt lat="48.095920" lon="-4.338320"><ele>11.0</ele></trkpt>
    <trkpt lat="48.095150" lon="-4.337590"><ele>7.0</ele></trkpt>
    <trkpt lat="48.094970" lon="-4.337530"><ele>8.0</ele></trkpt>
    <trkpt lat="48.094790" lon="-4.337310"><ele>14.0</ele></trkpt>
    <trkpt lat="48.094690" lon="-4.337110"><ele>11.0</ele></trkpt>
    <trkpt lat="48.094570" lon="-4.337080"><ele>14.0</ele></trkpt>
    <trkpt lat="48.094390" lon="-4.336710"><ele>11.0</ele></trkpt>
    <trkpt lat="48.094380" lon="-4.336530"><ele>6.0</ele></trkpt>
    <trkpt lat="48.094790" lon="-4.334790"><ele>1.0</ele></trkpt>
    <trkpt lat="48.095520" lon="-4.335040"><ele>2.0</ele></trkpt>
    <trkpt lat="48.096760" lon="-4.335370"><ele>4.0</ele></trkpt>
    <trkpt lat="48.096890" lon="-4.335320"><ele>4.0</ele></trkpt>
    <trkpt lat="48.097060" lon="-4.335180"><ele>4.0</ele></trkpt>
    <trkpt lat="48.097320" lon="-4.334890"><ele>4.0</ele></trkpt>
    <trkpt lat="48.097570" lon="-4.334580"><ele>5.0</ele></trkpt>
    <trkpt lat="48.097690" lon="-4.334320"><ele>6.0</ele></trkpt>
    <trkpt lat="48.097750" lon="-4.333850"><ele>6.0</ele></trkpt>
    <trkpt lat="48.097740" lon="-4.333700"><ele>6.0</ele></trkpt>
    <trkpt lat="48.097690" lon="-4.333550"><ele>7.0</ele></trkpt>
    <trkpt lat="48.097600" lon="-4.333430"><ele>9.0</ele></trkpt>
    <trkpt lat="48.097240" lon="-4.333340"><ele>11.0</ele></trkpt>
    <trkpt lat="48.097100" lon="-4.333240"><ele>14.0</ele></trkpt>
    <trkpt lat="48.096950" lon="-4.332960"><ele>15.0</ele></trkpt>
    <trkpt lat="48.096880" lon="-4.332750"><ele>15.0</ele></trkpt>
    <trkpt lat="48.096870" lon="-4.332570"><ele>15.0</ele></trkpt>
    <trkpt lat="48.096910" lon="-4.332260"><ele>15.0</ele></trkpt>
    <trkpt lat="48.097040" lon="-4.331690"><ele>15.0</ele></trkpt>
    <trkpt lat="48.097050" lon="-4.331530"><ele>15.0</ele></trkpt>
    <trkpt lat="48.096980" lon="-4.331330"><ele>15.0</ele></trkpt>
    <trkpt lat="48.096670" lon="-4.331060"><ele>14.0</ele></trkpt>
    <trkpt lat="48.096560" lon="-4.330900"><ele>15.0</ele></trkpt>
    <trkpt lat="48.096480" lon="-4.330570"><ele>15.0</ele></trkpt>
    <trkpt lat="48.096500" lon="-4.330230"><ele>15.0</ele></trkpt>
    <trkpt lat="48.096580" lon="-4.330010"><ele>13.0</ele></trkpt>
    <trkpt lat="48.096730" lon="-4.329820"><ele>12.0</ele></trkpt>
    <trkpt lat="48.097130" lon="-4.329450"><ele>10.0</ele></trkpt>
    <trkpt lat="48.097180" lon="-4.329350"><ele>10.0</ele></trkpt>
    <trkpt lat="48.097300" lon="-4.329370"><ele>10.0</ele></trkpt>
    <trkpt lat="48.097650" lon="-4.329080"><ele>6.0</ele></trkpt>
    <trkpt lat="48.097770" lon="-4.328820"><ele>5.0</ele></trkpt>
    <trkpt lat="48.097480" lon="-4.325900"><ele>5.0</ele></trkpt>
    <trkpt lat="48.097380" lon="-4.325780"><ele>5.0</ele></trkpt>
    <trkpt lat="48.097280" lon="-4.325130"><ele>10.0</ele></trkpt>
    <trkpt lat="48.097240" lon="-4.325050"><ele>9.0</ele></trkpt>
    <trkpt lat="48.096980" lon="-4.324750"><ele>9.0</ele></trkpt>
    <trkpt lat="48.096560" lon="-4.324540"><ele>6.0</ele></trkpt>
    <trkpt lat="48.096400" lon="-4.324580"><ele>5.0</ele></trkpt>
    <trkpt lat="48.095170" lon="-4.324630"><ele>5.0</ele></trkpt>
    <trkpt lat="48.095030" lon="-4.324690"><ele>5.0</ele></trkpt>
    <trkpt lat="48.094880" lon="-4.324670"><ele>5.0</ele></trkpt>
    <trkpt lat="48.094230" lon="-4.324460"><ele>5.0</ele></trkpt>
    <trkpt lat="48.093650" lon="-4.324150"><ele>6.0</ele></trkpt>
    <trkpt lat="48.093580" lon="-4.324680"><ele>11.0</ele></trkpt>
    <trkpt lat="48.092980" lon="-4.324150"><ele>20.0</ele></trkpt>
    <trkpt lat="48.092610" lon="-4.323000"><ele>18.0</ele></trkpt>
    <trkpt lat="48.092440" lon="-4.322250"><ele>19.0</ele></trkpt>
    <trkpt lat="48.092260" lon="-4.322040"><ele>16.0</ele></trkpt>
    <trkpt lat="48.092250" lon="-4.321870"><ele>12.0</ele></trkpt>
    <trkpt lat="48.092160" lon="-4.321800"><ele>14.0</ele></trkpt>
    <trkpt lat="48.092050" lon="-4.321620"><ele>12.0</ele></trkpt>
    <trkpt lat="48.092060" lon="-4.321400"><ele>12.0</ele></trkpt>
    <trkpt lat="48.092140" lon="-4.321280"><ele>14.0</ele></trkpt>
    <trkpt lat="48.092210" lon="-4.320820"><ele>15.0</ele></trkpt>
    <trkpt lat="48.092140" lon="-4.320300"><ele>18.0</ele></trkpt>
    <trkpt lat="48.092050" lon="-4.320180"><ele>14.0</ele></trkpt>
    <trkpt lat="48.091970" lon="-4.319900"><ele>14.0</ele></trkpt>
    <trkpt lat="48.091850" lon="-4.319650"><ele>13.0</ele></trkpt>
    <trkpt lat="48.091870" lon="-4.319510"><ele>11.0</ele></trkpt>
    <trkpt lat="48.091930" lon="-4.319420"><ele>14.0</ele></trkpt>
    <trkpt lat="48.091730" lon="-4.319250"><ele>15.0</ele></trkpt>
    <trkpt lat="48.091370" lon="-4.319070"><ele>17.0</ele></trkpt>
    <trkpt lat="48.091530" lon="-4.318950"><ele>20.0</ele></trkpt>
    <trkpt lat="48.091650" lon="-4.318760"><ele>22.0</ele></trkpt>
    <trkpt lat="48.091740" lon="-4.318500"><ele>23.0</ele></trkpt>
    <trkpt lat="48.091830" lon="-4.318090"><ele>24.0</ele></trkpt>
    <trkpt lat="48.091900" lon="-4.317000"><ele>24.0</ele></trkpt>
    <trkpt lat="48.091920" lon="-4.316060"><ele>27.0</ele></trkpt>
    <trkpt lat="48.091890" lon="-4.314860"><ele>29.0</ele></trkpt>
    <trkpt lat="48.091810" lon="-4.314500"><ele>28.0</ele></trkpt>
    <trkpt lat="48.091440" lon="-4.314030"><ele>26.0</ele></trkpt>
    <trkpt lat="48.090760" lon="-4.312650"><ele>18.0</ele></trkpt>
    <trkpt lat="48.090510" lon="-4.311790"><ele>23.0</ele></trkpt>
    <trkpt lat="48.090260" lon="-4.311270"><ele>27.0</ele></trkpt>
    <trkpt lat="48.089880" lon="-4.309560"><ele>34.0</ele></trkpt>
    <trkpt lat="48.089170" lon="-4.307840"><ele>36.0</ele></trkpt>
    <trkpt lat="48.089110" lon="-4.307760"><ele>32.0</ele></trkpt>
    <trkpt lat="48.088950" lon="-4.307720"><ele>40.0</ele></trkpt>
    <trkpt lat="48.088810" lon="-4.307550"><ele>42.0</ele></trkpt>
    <trkpt lat="48.088620" lon="-4.306930"><ele>43.0</ele></trkpt>
    <trkpt lat="48.088550" lon="-4.306500"><ele>46.0</ele></trkpt>
    <trkpt lat="48.088510" lon="-4.306420"><ele>46.0</ele></trkpt>
    <trkpt lat="48.088470" lon="-4.306410"><ele>46.0</ele></trkpt>
    <trkpt lat="48.088210" lon="-4.306420"><ele>52.0</ele></trkpt>
    <trkpt lat="48.088020" lon="-4.306330"><ele>60.0</ele></trkpt>
    <trkpt lat="48.087870" lon="-4.306370"><ele>62.0</ele></trkpt>
    <trkpt lat="48.087810" lon="-4.306100"><ele>61.0</ele></trkpt>
    <trkpt lat="48.087790" lon="-4.305830"><ele>60.0</ele></trkpt>
    <trkpt lat="48.087800" lon="-4.305670"><ele>60.0</ele></trkpt>
    <trkpt lat="48.087910" lon="-4.305260"><ele>57.0</ele></trkpt>
    <trkpt lat="48.088150" lon="-4.304690"><ele>54.0</ele></trkpt>
    <trkpt lat="48.089000" lon="-4.303730"><ele>45.0</ele></trkpt>
    <trkpt lat="48.089600" lon="-4.302560"><ele>40.0</ele></trkpt>
    <trkpt lat="48.089840" lon="-4.302000"><ele>34.0</ele></trkpt>
    <trkpt lat="48.090030" lon="-4.301450"><ele>35.0</ele></trkpt>
    <trkpt lat="48.090090" lon="-4.301190"><ele>33.0</ele></trkpt>
    <trkpt lat="48.090200" lon="-4.299670"><ele>22.0</ele></trkpt>
    <trkpt lat="48.090250" lon="-4.299240"><ele>19.0</ele></trkpt>
    <trkpt lat="48.090330" lon="-4.298910"><ele>16.0</ele></trkpt>
    <trkpt lat="48.090540" lon="-4.298430"><ele>13.0</ele></trkpt>
    <trkpt lat="48.090670" lon="-4.298250"><ele>12.0</ele></trkpt>
    <trkpt lat="48.091550" lon="-4.297270"><ele>8.0</ele></trkpt>
    <trkpt lat="48.091930" lon="-4.296780"><ele>5.0</ele></trkpt>
    <trkpt lat="48.092160" lon="-4.296250"><ele>6.0</ele></trkpt>
    <trkpt lat="48.092270" lon="-4.295830"><ele>8.0</ele></trkpt>
    <trkpt lat="48.092330" lon="-4.295200"><ele>11.0</ele></trkpt>
    <trkpt lat="48.092310" lon="-4.294760"><ele>12.0</ele></trkpt>
    <trkpt lat="48.092350" lon="-4.294640"><ele>12.0</ele></trkpt>
    <trkpt lat="48.092690" lon="-4.293800"><ele>22.0</ele></trkpt>
    <trkpt lat="48.093330" lon="-4.292840"><ele>40.0</ele></trkpt>
    <trkpt lat="48.093390" lon="-4.293040"><ele>38.0</ele></trkpt>
    <trkpt lat="48.093620" lon="-4.294710"><ele>41.0</ele></trkpt>
    <trkpt lat="48.093720" lon="-4.294800"><ele>43.0</ele></trkpt>
    <trkpt lat="48.093810" lon="-4.294820"><ele>43.0</ele></trkpt>
    <trkpt lat="48.094320" lon="-4.294460"><ele>46.0</ele></trkpt>
    <trkpt lat="48.094650" lon="-4.297440"><ele>32.0</ele></trkpt>
    <trkpt lat="48.094710" lon="-4.297510"><ele>31.0</ele></trkpt>
    <trkpt lat="48.095650" lon="-4.296830"><ele>29.0</ele></trkpt>
    <trkpt lat="48.095770" lon="-4.296560"><ele>32.0</ele></trkpt>
    <trkpt lat="48.095840" lon="-4.296480"><ele>31.0</ele></trkpt>
    <trkpt lat="48.096420" lon="-4.296160"><ele>23.0</ele></trkpt>
    <trkpt lat="48.096790" lon="-4.295810"><ele>23.0</ele></trkpt>
    <trkpt lat="48.096820" lon="-4.295740"><ele>24.0</ele></trkpt>
    <trkpt lat="48.096840" lon="-4.295420"><ele>26.0</ele></trkpt>
    <trkpt lat="48.096940" lon="-4.294770"><ele>34.0</ele></trkpt>
    <trkpt lat="48.097130" lon="-4.294530"><ele>33.0</ele></trkpt>
    <trkpt lat="48.097170" lon="-4.294260"><ele>35.0</ele></trkpt>
    <trkpt lat="48.098480" lon="-4.293620"><ele>40.0</ele></trkpt>
    <trkpt lat="48.098720" lon="-4.293790"><ele>34.0</ele></trkpt>
    <trkpt lat="48.098780" lon="-4.293750"><ele>37.0</ele></trkpt>
    <trkpt lat="48.098900" lon="-4.293760"><ele>34.0</ele></trkpt>
    <trkpt lat="48.099270" lon="-4.293560"><ele>36.0</ele></trkpt>
    <trkpt lat="48.099480" lon="-4.293390"><ele>36.0</ele></trkpt>
    <trkpt lat="48.099550" lon="-4.293270"><ele>36.0</ele></trkpt>
    <trkpt lat="48.099540" lon="-4.293150"><ele>37.0</ele></trkpt>
    <trkpt lat="48.099440" lon="-4.292850"><ele>40.0</ele></trkpt>
    <trkpt lat="48.099370" lon="-4.292270"><ele>46.0</ele></trkpt>
    <trkpt lat="48.099350" lon="-4.291750"><ele>46.0</ele></trkpt>
    <trkpt lat="48.099850" lon="-4.291170"><ele>41.0</ele></trkpt>
    <trkpt lat="48.099990" lon="-4.290890"><ele>38.0</ele></trkpt>
    <trkpt lat="48.100360" lon="-4.290610"><ele>31.0</ele></trkpt>
    <trkpt lat="48.100450" lon="-4.290450"><ele>28.0</ele></trkpt>
    <trkpt lat="48.100490" lon="-4.290280"><ele>31.0</ele></trkpt>
    <trkpt lat="48.100450" lon="-4.290120"><ele>28.0</ele></trkpt>
    <trkpt lat="48.100250" lon="-4.289740"><ele>30.0</ele></trkpt>
    <trkpt lat="48.100370" lon="-4.289340"><ele>28.0</ele></trkpt>
    <trkpt lat="48.100550" lon="-4.289130"><ele>28.0</ele></trkpt>
    <trkpt lat="48.100540" lon="-4.289060"><ele>30.0</ele></trkpt>
    <trkpt lat="48.100760" lon="-4.288930"><ele>29.0</ele></trkpt>
    <trkpt lat="48.101330" lon="-4.288860"><ele>27.0</ele></trkpt>
    <trkpt lat="48.101410" lon="-4.288820"><ele>27.0</ele></trkpt>
    <trkpt lat="48.101570" lon="-4.288620"><ele>27.0</ele></trkpt>
    <trkpt lat="48.101630" lon="-4.288610"><ele>25.0</ele></trkpt>
    <trkpt lat="48.102230" lon="-4.287800"><ele>28.0</ele></trkpt>
    <trkpt lat="48.102600" lon="-4.287000"><ele>28.0</ele></trkpt>
    <trkpt lat="48.102730" lon="-4.286860"><ele>24.0</ele></trkpt>
    <trkpt lat="48.102920" lon="-4.286740"><ele>18.0</ele></trkpt>
    <trkpt lat="48.102980" lon="-4.286660"><ele>20.0</ele></trkpt>
    <trkpt lat="48.103020" lon="-4.286500"><ele>18.0</ele></trkpt>
    <trkpt lat="48.103100" lon="-4.286350"><ele>18.0</ele></trkpt>
    <trkpt lat="48.103200" lon="-4.286250"><ele>18.0</ele></trkpt>
    <trkpt lat="48.103370" lon="-4.286370"><ele>13.0</ele></trkpt>
    <trkpt lat="48.103740" lon="-4.286110"><ele>8.0</ele></trkpt>
    <trkpt lat="48.103770" lon="-4.286030"><ele>8.0</ele></trkpt>
    <trkpt lat="48.103880" lon="-4.285940"><ele>8.0</ele></trkpt>
    <trkpt lat="48.103950" lon="-4.285960"><ele>8.0</ele></trkpt>
    <trkpt lat="48.104450" lon="-4.285780"><ele>6.0</ele></trkpt>
    <trkpt lat="48.104790" lon="-4.285710"><ele>4.0</ele></trkpt>
    <trkpt lat="48.105150" lon="-4.285570"><ele>4.0</ele></trkpt>
    <trkpt lat="48.105270" lon="-4.285430"><ele>5.0</ele></trkpt>
    <trkpt lat="48.105300" lon="-4.285480"><ele>4.0</ele></trkpt>
    <trkpt lat="48.105450" lon="-4.285460"><ele>5.0</ele></trkpt>
    <trkpt lat="48.106440" lon="-4.285080"><ele>4.0</ele></trkpt>
    <trkpt lat="48.106710" lon="-4.285090"><ele>3.0</ele></trkpt>
    <trkpt lat="48.107720" lon="-4.284720"><ele>3.0</ele></trkpt>
    <trkpt lat="48.107920" lon="-4.284570"><ele>4.0</ele></trkpt>
    <trkpt lat="48.107900" lon="-4.284240"><ele>5.0</ele></trkpt>
    <trkpt lat="48.107930" lon="-4.284200"><ele>5.0</ele></trkpt>
    <trkpt lat="48.108060" lon="-4.284250"><ele>5.0</ele></trkpt>
    <trkpt lat="48.108280" lon="-4.284150"><ele>5.0</ele></trkpt>
    <trkpt lat="48.108380" lon="-4.284230"><ele>6.0</ele></trkpt>
    <trkpt lat="48.108520" lon="-4.284100"><ele>14.0</ele></trkpt>
    <trkpt lat="48.108650" lon="-4.284120"><ele>14.0</ele></trkpt>
    <trkpt lat="48.108670" lon="-4.283970"><ele>15.0</ele></trkpt>
    <trkpt lat="48.108790" lon="-4.283810"><ele>21.0</ele></trkpt>
    <trkpt lat="48.108820" lon="-4.283390"><ele>22.0</ele></trkpt>
    <trkpt lat="48.109370" lon="-4.283050"><ele>21.0</ele></trkpt>
    <trkpt lat="48.109530" lon="-4.283050"><ele>16.0</ele></trkpt>
    <trkpt lat="48.109820" lon="-4.282890"><ele>15.0</ele></trkpt>
    <trkpt lat="48.109950" lon="-4.282940"><ele>12.0</ele></trkpt>
    <trkpt lat="48.110360" lon="-4.282900"><ele>10.0</ele></trkpt>
    <trkpt lat="48.110490" lon="-4.283000"><ele>10.0</ele></trkpt>
    <trkpt lat="48.110910" lon="-4.282940"><ele>9.0</ele></trkpt>
    <trkpt lat="48.111060" lon="-4.282600"><ele>10.0</ele></trkpt>
    <trkpt lat="48.111350" lon="-4.282640"><ele>9.0</ele></trkpt>
    <trkpt lat="48.111790" lon="-4.282450"><ele>10.0</ele></trkpt>
    <trkpt lat="48.111950" lon="-4.282460"><ele>10.0</ele></trkpt>
    <trkpt lat="48.112430" lon="-4.282220"><ele>8.0</ele></trkpt>
    <trkpt lat="48.113000" lon="-4.282020"><ele>9.0</ele></trkpt>
    <trkpt lat="48.113270" lon="-4.281830"><ele>9.0</ele></trkpt>
    <trkpt lat="48.113400" lon="-4.281800"><ele>9.0</ele></trkpt>
    <trkpt lat="48.113530" lon="-4.281870"><ele>10.0</ele></trkpt>
    <trkpt lat="48.113690" lon="-4.281870"><ele>9.0</ele></trkpt>
    <trkpt lat="48.113810" lon="-4.281790"><ele>7.0</ele></trkpt>
    <trkpt lat="48.113850" lon="-4.281710"><ele>8.0</ele></trkpt>
    <trkpt lat="48.114070" lon="-4.281610"><ele>8.0</ele></trkpt>
    <trkpt lat="48.114900" lon="-4.281520"><ele>5.0</ele></trkpt>
    <trkpt lat="48.115430" lon="-4.281390"><ele>6.0</ele></trkpt>
    <trkpt lat="48.115520" lon="-4.281300"><ele>7.0</ele></trkpt>
    <trkpt lat="48.115620" lon="-4.281320"><ele>7.0</ele></trkpt>
    <trkpt lat="48.115730" lon="-4.281190"><ele>9.0</ele></trkpt>
    <trkpt lat="48.115800" lon="-4.280900"><ele>10.0</ele></trkpt>
    <trkpt lat="48.115980" lon="-4.280830"><ele>10.0</ele></trkpt>
    <trkpt lat="48.116280" lon="-4.280420"><ele>13.0</ele></trkpt>
    <trkpt lat="48.116660" lon="-4.280760"><ele>13.0</ele></trkpt>
    <trkpt lat="48.117000" lon="-4.280650"><ele>11.0</ele></trkpt>
    <trkpt lat="48.117140" lon="-4.280660"><ele>15.0</ele></trkpt>
    <trkpt lat="48.117610" lon="-4.280760"><ele>13.0</ele></trkpt>
    <trkpt lat="48.117700" lon="-4.280980"><ele>11.0</ele></trkpt>
    <trkpt lat="48.117840" lon="-4.280980"><ele>14.0</ele></trkpt>
    <trkpt lat="48.118350" lon="-4.280430"><ele>13.0</ele></trkpt>
    <trkpt lat="48.118780" lon="-4.280280"><ele>15.0</ele></trkpt>
    <trkpt lat="48.119140" lon="-4.280380"><ele>17.0</ele></trkpt>
    <trkpt lat="48.119190" lon="-4.280350"><ele>17.0</ele></trkpt>
    <trkpt lat="48.119410" lon="-4.280370"><ele>20.0</ele></trkpt>
    <trkpt lat="48.119460" lon="-4.280470"><ele>20.0</ele></trkpt>
    <trkpt lat="48.119630" lon="-4.280630"><ele>23.0</ele></trkpt>
    <trkpt lat="48.119760" lon="-4.280960"><ele>23.0</ele></trkpt>
    <trkpt lat="48.119770" lon="-4.281330"><ele>20.0</ele></trkpt>
    <trkpt lat="48.119690" lon="-4.281410"><ele>2.0</ele></trkpt>
    <trkpt lat="48.119940" lon="-4.281900"><ele>12.0</ele></trkpt>
    <trkpt lat="48.119950" lon="-4.282020"><ele>19.0</ele></trkpt>
    <trkpt lat="48.120060" lon="-4.282270"><ele>17.0</ele></trkpt>
    <trkpt lat="48.120060" lon="-4.282460"><ele>15.0</ele></trkpt>
    <trkpt lat="48.120120" lon="-4.282520"><ele>21.0</ele></trkpt>
    <trkpt lat="48.120410" lon="-4.282570"><ele>26.0</ele></trkpt>
    <trkpt lat="48.120650" lon="-4.282720"><ele>26.0</ele></trkpt>
    <trkpt lat="48.120790" lon="-4.282860"><ele>28.0</ele></trkpt>
    <trkpt lat="48.121250" lon="-4.282850"><ele>26.0</ele></trkpt>
    <trkpt lat="48.121680" lon="-4.282920"><ele>23.0</ele></trkpt>
    <trkpt lat="48.122080" lon="-4.282870"><ele>28.0</ele></trkpt>
    <trkpt lat="48.122390" lon="-4.282670"><ele>30.0</ele></trkpt>
    <trkpt lat="48.122600" lon="-4.282590"><ele>34.0</ele></trkpt>
    <trkpt lat="48.122700" lon="-4.282600"><ele>33.0</ele></trkpt>
    <trkpt lat="48.122880" lon="-4.282710"><ele>33.0</ele></trkpt>
    <trkpt lat="48.123300" lon="-4.283190"><ele>24.0</ele></trkpt>
    <trkpt lat="48.123910" lon="-4.283420"><ele>24.0</ele></trkpt>
    <trkpt lat="48.124180" lon="-4.283690"><ele>23.0</ele></trkpt>
    <trkpt lat="48.124360" lon="-4.283700"><ele>22.0</ele></trkpt>
    <trkpt lat="48.124850" lon="-4.283980"><ele>21.0</ele></trkpt>
    <trkpt lat="48.125270" lon="-4.284140"><ele>24.0</ele></trkpt>
    <trkpt lat="48.125630" lon="-4.284190"><ele>24.0</ele></trkpt>
    <trkpt lat="48.125810" lon="-4.284350"><ele>24.0</ele></trkpt>
    <trkpt lat="48.125930" lon="-4.284580"><ele>23.0</ele></trkpt>
    <trkpt lat="48.126050" lon="-4.284720"><ele>20.0</ele></trkpt>
    <trkpt lat="48.126160" lon="-4.284500"><ele>21.0</ele></trkpt>
    <trkpt lat="48.126240" lon="-4.283730"><ele>23.0</ele></trkpt>
    <trkpt lat="48.126340" lon="-4.283550"><ele>21.0</ele></trkpt>
    <trkpt lat="48.126590" lon="-4.282620"><ele>25.0</ele></trkpt>
    <trkpt lat="48.126690" lon="-4.282500"><ele>26.0</ele></trkpt>
    <trkpt lat="48.126760" lon="-4.282460"><ele>22.0</ele></trkpt>
    <trkpt lat="48.126860" lon="-4.282470"><ele>22.0</ele></trkpt>
    <trkpt lat="48.127060" lon="-4.282320"><ele>22.0</ele></trkpt>
    <trkpt lat="48.127600" lon="-4.281420"><ele>19.0</ele></trkpt>
    <trkpt lat="48.127710" lon="-4.280970"><ele>18.0</ele></trkpt>
    <trkpt lat="48.127790" lon="-4.280770"><ele>19.0</ele></trkpt>
    <trkpt lat="48.128030" lon="-4.280720"><ele>16.0</ele></trkpt>
    <trkpt lat="48.128100" lon="-4.280660"><ele>19.0</ele></trkpt>
    <trkpt lat="48.128360" lon="-4.280260"><ele>18.0</ele></trkpt>
    <trkpt lat="48.128450" lon="-4.280000"><ele>12.0</ele></trkpt>
    <trkpt lat="48.128430" lon="-4.279360"><ele>17.0</ele></trkpt>
    <trkpt lat="48.128490" lon="-4.279150"><ele>18.0</ele></trkpt>
    <trkpt lat="48.128600" lon="-4.278970"><ele>22.0</ele></trkpt>
    <trkpt lat="48.128850" lon="-4.278760"><ele>19.0</ele></trkpt>
    <trkpt lat="48.129020" lon="-4.278690"><ele>19.0</ele></trkpt>
    <trkpt lat="48.129560" lon="-4.278660"><ele>22.0</ele></trkpt>
    <trkpt lat="48.129910" lon="-4.278360"><ele>20.0</ele></trkpt>
    <trkpt lat="48.130330" lon="-4.277560"><ele>24.0</ele></trkpt>
    <trkpt lat="48.130650" lon="-4.277270"><ele>14.0</ele></trkpt>
    <trkpt lat="48.130880" lon="-4.276970"><ele>24.0</ele></trkpt>
    <trkpt lat="48.131190" lon="-4.276220"><ele>32.0</ele></trkpt>
    <trkpt lat="48.131300" lon="-4.275730"><ele>38.0</ele></trkpt>
    <trkpt lat="48.131360" lon="-4.275690"><ele>38.0</ele></trkpt>
    <trkpt lat="48.131450" lon="-4.275700"><ele>32.0</ele></trkpt>
    <trkpt lat="48.131680" lon="-4.275810"><ele>31.0</ele></trkpt>
    <trkpt lat="48.132550" lon="-4.275580"><ele>22.0</ele></trkpt>
    <trkpt lat="48.132930" lon="-4.275550"><ele>18.0</ele></trkpt>
    <trkpt lat="48.133090" lon="-4.275580"><ele>16.0</ele></trkpt>
    <trkpt lat="48.133360" lon="-4.275320"><ele>16.0</ele></trkpt>
    <trkpt lat="48.133440" lon="-4.275130"><ele>13.0</ele></trkpt>
    <trkpt lat="48.133520" lon="-4.275030"><ele>13.0</ele></trkpt>
    <trkpt lat="48.133600" lon="-4.275020"><ele>13.0</ele></trkpt>
    <trkpt lat="48.133800" lon="-4.275150"><ele>13.0</ele></trkpt>
    <trkpt lat="48.133840" lon="-4.275150"><ele>13.0</ele></trkpt>
    <trkpt lat="48.133860" lon="-4.275100"><ele>13.0</ele></trkpt>
    <trkpt lat="48.133820" lon="-4.275000"><ele>13.0</ele></trkpt>
    <trkpt lat="48.133740" lon="-4.274400"><ele>14.0</ele></trkpt>
    <trkpt lat="48.133690" lon="-4.274300"><ele>14.0</ele></trkpt>
    <trkpt lat="48.133540" lon="-4.274220"><ele>14.0</ele></trkpt>
    <trkpt lat="48.133540" lon="-4.273990"><ele>12.0</ele></trkpt>
    <trkpt lat="48.133460" lon="-4.273900"><ele>12.0</ele></trkpt>
    <trkpt lat="48.133400" lon="-4.273890"><ele>14.0</ele></trkpt>
    <trkpt lat="48.133070" lon="-4.273240"><ele>14.0</ele></trkpt>
    <trkpt lat="48.133010" lon="-4.273210"><ele>14.0</ele></trkpt>
    <trkpt lat="48.132920" lon="-4.273070"><ele>23.0</ele></trkpt>
    <trkpt lat="48.132900" lon="-4.272180"><ele>26.0</ele></trkpt>
    <trkpt lat="48.132830" lon="-4.271780"><ele>22.0</ele></trkpt>
    <trkpt lat="48.132780" lon="-4.271670"><ele>18.0</ele></trkpt>
    <trkpt lat="48.132560" lon="-4.271550"><ele>15.0</ele></trkpt>
    <trkpt lat="48.132310" lon="-4.271180"><ele>11.0</ele></trkpt>
    <trkpt lat="48.132130" lon="-4.271130"><ele>17.0</ele></trkpt>
    <trkpt lat="48.131700" lon="-4.270820"><ele>15.0</ele></trkpt>
    <trkpt lat="48.131270" lon="-4.270390"><ele>12.0</ele></trkpt>
    <trkpt lat="48.130600" lon="-4.269180"><ele>7.0</ele></trkpt>
    <trkpt lat="48.130200" lon="-4.268690"><ele>5.0</ele></trkpt>
    <trkpt lat="48.130130" lon="-4.268270"><ele>4.0</ele></trkpt>
    <trkpt lat="48.130180" lon="-4.268230"><ele>4.0</ele></trkpt>
    <trkpt lat="48.130170" lon="-4.268000"><ele>4.0</ele></trkpt>
    <trkpt lat="48.130380" lon="-4.267930"><ele>4.0</ele></trkpt>
    <trkpt lat="48.130440" lon="-4.267870"><ele>4.0</ele></trkpt>
    <trkpt lat="48.130450" lon="-4.267760"><ele>4.0</ele></trkpt>
    <trkpt lat="48.130490" lon="-4.267740"><ele>4.0</ele></trkpt>
    <trkpt lat="48.130800" lon="-4.268150"><ele>3.0</ele></trkpt>
    <trkpt lat="48.131040" lon="-4.268590"><ele>4.0</ele></trkpt>
    <trkpt lat="48.131500" lon="-4.269250"><ele>2.0</ele></trkpt>
    <trkpt lat="48.131780" lon="-4.269540"><ele>3.0</ele></trkpt>
    <trkpt lat="48.132030" lon="-4.269690"><ele>3.0</ele></trkpt>
    <trkpt lat="48.132520" lon="-4.269740"><ele>3.0</ele></trkpt>
    <trkpt lat="48.132940" lon="-4.269730"><ele>3.0</ele></trkpt>
    <trkpt lat="48.133150" lon="-4.269670"><ele>3.0</ele></trkpt>
    <trkpt lat="48.133360" lon="-4.269500"><ele>3.0</ele></trkpt>
    <trkpt lat="48.133450" lon="-4.269310"><ele>3.0</ele></trkpt>
    <trkpt lat="48.133650" lon="-4.269340"><ele>3.0</ele></trkpt>
    <trkpt lat="48.133900" lon="-4.269270"><ele>4.0</ele></trkpt>
    <trkpt lat="48.134100" lon="-4.269350"><ele>4.0</ele></trkpt>
    <trkpt lat="48.134360" lon="-4.269590"><ele>5.0</ele></trkpt>
    <trkpt lat="48.134640" lon="-4.269680"><ele>5.0</ele></trkpt>
    <trkpt lat="48.135420" lon="-4.270040"><ele>6.0</ele></trkpt>
    <trkpt lat="48.136220" lon="-4.270200"><ele>6.0</ele></trkpt>
    <trkpt lat="48.136390" lon="-4.270290"><ele>6.0</ele></trkpt>
    <trkpt lat="48.136510" lon="-4.270430"><ele>7.0</ele></trkpt>
    <trkpt lat="48.136630" lon="-4.270450"><ele>6.0</ele></trkpt>
    <trkpt lat="48.136800" lon="-4.270580"><ele>6.0</ele></trkpt>
    <trkpt lat="48.137420" lon="-4.270720"><ele>6.0</ele></trkpt>
    <trkpt lat="48.137860" lon="-4.271100"><ele>7.0</ele></trkpt>
    <trkpt lat="48.138630" lon="-4.271320"><ele>7.0</ele></trkpt>
    <trkpt lat="48.139780" lon="-4.271550"><ele>6.0</ele></trkpt>
    <trkpt lat="48.140400" lon="-4.271720"><ele>6.0</ele></trkpt>
    <trkpt lat="48.140550" lon="-4.271730"><ele>6.0</ele></trkpt>
    <trkpt lat="48.140820" lon="-4.271660"><ele>6.0</ele></trkpt>
    <trkpt lat="48.141180" lon="-4.271720"><ele>6.0</ele></trkpt>
    <trkpt lat="48.141450" lon="-4.271860"><ele>6.0</ele></trkpt>
    <trkpt lat="48.141640" lon="-4.272130"><ele>5.0</ele></trkpt>
    <trkpt lat="48.141790" lon="-4.272100"><ele>6.0</ele></trkpt>
    <trkpt lat="48.142090" lon="-4.272210"><ele>6.0</ele></trkpt>
    <trkpt lat="48.142180" lon="-4.272150"><ele>6.0</ele></trkpt>
    <trkpt lat="48.142240" lon="-4.272200"><ele>6.0</ele></trkpt>
    <trkpt lat="48.142460" lon="-4.272160"><ele>6.0</ele></trkpt>
    <trkpt lat="48.142860" lon="-4.272370"><ele>6.0</ele></trkpt>
    <trkpt lat="48.142900" lon="-4.272470"><ele>4.0</ele></trkpt>
    <trkpt lat="48.143290" lon="-4.272600"><ele>4.0</ele></trkpt>
    <trkpt lat="48.143850" lon="-4.272620"><ele>4.0</ele></trkpt>
    <trkpt lat="48.143950" lon="-4.272570"><ele>5.0</ele></trkpt>
    <trkpt lat="48.144200" lon="-4.272560"><ele>6.0</ele></trkpt>
    <trkpt lat="48.144950" lon="-4.272600"><ele>4.0</ele></trkpt>
    <trkpt lat="48.145150" lon="-4.272560"><ele>6.0</ele></trkpt>
    <trkpt lat="48.145540" lon="-4.272610"><ele>6.0</ele></trkpt>
    <trkpt lat="48.146020" lon="-4.272530"><ele>6.0</ele></trkpt>
    <trkpt lat="48.147010" lon="-4.271970"><ele>5.0</ele></trkpt>
    <trkpt lat="48.147110" lon="-4.271930"><ele>4.0</ele></trkpt>
    <trkpt lat="48.147220" lon="-4.271960"><ele>5.0</ele></trkpt>
    <trkpt lat="48.147540" lon="-4.271820"><ele>5.0</ele></trkpt>
    <trkpt lat="48.147610" lon="-4.271880"><ele>5.0</ele></trkpt>
    <trkpt lat="48.147810" lon="-4.271940"><ele>5.0</ele></trkpt>
    <trkpt lat="48.148350" lon="-4.272050"><ele>15.0</ele></trkpt>
    <trkpt lat="48.148660" lon="-4.272320"><ele>16.0</ele></trkpt>
    <trkpt lat="48.148840" lon="-4.272700"><ele>19.0</ele></trkpt>
    <trkpt lat="48.149080" lon="-4.273030"><ele>21.0</ele></trkpt>
    <trkpt lat="48.149130" lon="-4.273070"><ele>21.0</ele></trkpt>
    <trkpt lat="48.149140" lon="-4.273020"><ele>21.0</ele></trkpt>
    <trkpt lat="48.149410" lon="-4.273130"><ele>23.0</ele></trkpt>
    <trkpt lat="48.149620" lon="-4.273280"><ele>25.0</ele></trkpt>
    <trkpt lat="48.149790" lon="-4.273330"><ele>25.0</ele></trkpt>
    <trkpt lat="48.150050" lon="-4.273170"><ele>26.0</ele></trkpt>
    <trkpt lat="48.150280" lon="-4.272920"><ele>25.0</ele></trkpt>
    <trkpt lat="48.150420" lon="-4.272680"><ele>25.0</ele></trkpt>
    <trkpt lat="48.150660" lon="-4.271970"><ele>23.0</ele></trkpt>
    <trkpt lat="48.150720" lon="-4.271900"><ele>21.0</ele></trkpt>
    <trkpt lat="48.150770" lon="-4.271910"><ele>21.0</ele></trkpt>
    <trkpt lat="48.150800" lon="-4.272000"><ele>21.0</ele></trkpt>
    <trkpt lat="48.150830" lon="-4.272210"><ele>19.0</ele></trkpt>
    <trkpt lat="48.150820" lon="-4.272480"><ele>15.0</ele></trkpt>
    <trkpt lat="48.150880" lon="-4.272510"><ele>15.0</ele></trkpt>
    <trkpt lat="48.151040" lon="-4.272400"><ele>6.0</ele></trkpt>
    <trkpt lat="48.151160" lon="-4.272420"><ele>4.0</ele></trkpt>
    <trkpt lat="48.151290" lon="-4.272360"><ele>5.0</ele></trkpt>
    <trkpt lat="48.151820" lon="-4.271870"><ele>4.0</ele></trkpt>
    <trkpt lat="48.152120" lon="-4.271780"><ele>4.0</ele></trkpt>
    <trkpt lat="48.152200" lon="-4.271920"><ele>4.0</ele></trkpt>
    <trkpt lat="48.152370" lon="-4.272100"><ele>4.0</ele></trkpt>
    <trkpt lat="48.152530" lon="-4.272230"><ele>4.0</ele></trkpt>
    <trkpt lat="48.152750" lon="-4.272310"><ele>4.0</ele></trkpt>
    <trkpt lat="48.153060" lon="-4.272500"><ele>4.0</ele></trkpt>
    <trkpt lat="48.153320" lon="-4.272820"><ele>5.0</ele></trkpt>
    <trkpt lat="48.153650" lon="-4.272950"><ele>5.0</ele></trkpt>
    <trkpt lat="48.153720" lon="-4.273020"><ele>5.0</ele></trkpt>
    <trkpt lat="48.154000" lon="-4.273090"><ele>5.0</ele></trkpt>
    <trkpt lat="48.155140" lon="-4.273670"><ele>5.0</ele></trkpt>
    <trkpt lat="48.155630" lon="-4.273690"><ele>7.0</ele></trkpt>
    <trkpt lat="48.156290" lon="-4.272640"><ele>16.0</ele></trkpt>
    <trkpt lat="48.156750" lon="-4.272120"><ele>23.0</ele></trkpt>
    <trkpt lat="48.157040" lon="-4.271900"><ele>24.0</ele></trkpt>
    <trkpt lat="48.158300" lon="-4.271780"><ele>44.0</ele></trkpt>
    <trkpt lat="48.158740" lon="-4.272090"><ele>48.0</ele></trkpt>
    <trkpt lat="48.158080" lon="-4.277950"><ele>58.0</ele></trkpt>
    <trkpt lat="48.157920" lon="-4.280810"><ele>47.0</ele></trkpt>
    <trkpt lat="48.157970" lon="-4.282250"><ele>42.0</ele></trkpt>
    <trkpt lat="48.158190" lon="-4.282840"><ele>41.0</ele></trkpt>
    <trkpt lat="48.158260" lon="-4.284270"><ele>37.0</ele></trkpt>
    <trkpt lat="48.157620" lon="-4.284940"><ele>34.0</ele></trkpt>
    <trkpt lat="48.158260" lon="-4.284270"><ele>35.0</ele></trkpt>
    <trkpt lat="48.157620" lon="-4.284940"><ele>32.0</ele></trkpt>
    <trkpt lat="48.158190" lon="-4.286460"><ele>30.0</ele></trkpt>
    <trkpt lat="48.158900" lon="-4.287330"><ele>20.0</ele></trkpt>
    <trkpt lat="48.159020" lon="-4.287340"><ele>18.0</ele></trkpt>
    <trkpt lat="48.159340" lon="-4.287230"><ele>14.0</ele></trkpt>
    <trkpt lat="48.159490" lon="-4.287320"><ele>14.0</ele></trkpt>
    <trkpt lat="48.160830" lon="-4.290180"><ele>28.0</ele></trkpt>
    <trkpt lat="48.160920" lon="-4.290220"><ele>30.0</ele></trkpt>
    <trkpt lat="48.160970" lon="-4.290360"><ele>31.0</ele></trkpt>
    <trkpt lat="48.160950" lon="-4.290340"><ele>31.0</ele></trkpt>
    <trkpt lat="48.160920" lon="-4.290510"><ele>32.0</ele></trkpt>
    <trkpt lat="48.160330" lon="-4.291640"><ele>31.0</ele></trkpt>
    <trkpt lat="48.160250" lon="-4.291710"><ele>31.0</ele></trkpt>
    <trkpt lat="48.160020" lon="-4.291660"><ele>27.0</ele></trkpt>
    <trkpt lat="48.159940" lon="-4.291680"><ele>27.0</ele></trkpt>
    <trkpt lat="48.159260" lon="-4.292230"><ele>25.0</ele></trkpt>
    <trkpt lat="48.158990" lon="-4.292630"><ele>28.0</ele></trkpt>
    <trkpt lat="48.158640" lon="-4.293470"><ele>31.0</ele></trkpt>
    <trkpt lat="48.158610" lon="-4.293730"><ele>32.0</ele></trkpt>
    <trkpt lat="48.158630" lon="-4.293660"><ele>31.0</ele></trkpt>
    <trkpt lat="48.158930" lon="-4.294290"><ele>35.0</ele></trkpt>
    <trkpt lat="48.158990" lon="-4.294360"><ele>35.0</ele></trkpt>
    <trkpt lat="48.159240" lon="-4.294450"><ele>41.0</ele></trkpt>
    <trkpt lat="48.159420" lon="-4.294770"><ele>39.0</ele></trkpt>
    <trkpt lat="48.159600" lon="-4.294970"><ele>39.0</ele></trkpt>
    <trkpt lat="48.159760" lon="-4.295070"><ele>41.0</ele></trkpt>
    <trkpt lat="48.159910" lon="-4.295100"><ele>40.0</ele></trkpt>
    <trkpt lat="48.160010" lon="-4.295180"><ele>42.0</ele></trkpt>
    <trkpt lat="48.160650" lon="-4.294640"><ele>36.0</ele></trkpt>
    <trkpt lat="48.160810" lon="-4.294700"><ele>5.0</ele></trkpt>
    <trkpt lat="48.160880" lon="-4.294790"><ele>26.0</ele></trkpt>
    <trkpt lat="48.160960" lon="-4.295170"><ele>11.0</ele></trkpt>
    <trkpt lat="48.161180" lon="-4.295220"><ele>22.0</ele></trkpt>
    <trkpt lat="48.161390" lon="-4.294670"><ele>23.0</ele></trkpt>
    <trkpt lat="48.161520" lon="-4.294460"><ele>24.0</ele></trkpt>
    <trkpt lat="48.161710" lon="-4.294030"><ele>30.0</ele></trkpt>
    <trkpt lat="48.161850" lon="-4.293800"><ele>28.0</ele></trkpt>
    <trkpt lat="48.162120" lon="-4.293530"><ele>28.0</ele></trkpt>
    <trkpt lat="48.162250" lon="-4.293460"><ele>26.0</ele></trkpt>
    <trkpt lat="48.162640" lon="-4.293390"><ele>26.0</ele></trkpt>
    <trkpt lat="48.163520" lon="-4.293540"><ele>23.0</ele></trkpt>
    <trkpt lat="48.163580" lon="-4.293490"><ele>25.0</ele></trkpt>
    <trkpt lat="48.163730" lon="-4.293580"><ele>23.0</ele></trkpt>
    <trkpt lat="48.164160" lon="-4.293540"><ele>21.0</ele></trkpt>
    <trkpt lat="48.164270" lon="-4.293450"><ele>23.0</ele></trkpt>
    <trkpt lat="48.164440" lon="-4.293500"><ele>2.0</ele></trkpt>
    <trkpt lat="48.164510" lon="-4.293610"><ele>18.0</ele></trkpt>
    <trkpt lat="48.164600" lon="-4.293640"><ele>14.0</ele></trkpt>
    <trkpt lat="48.164700" lon="-4.293850"><ele>18.0</ele></trkpt>
    <trkpt lat="48.164830" lon="-4.294410"><ele>11.0</ele></trkpt>
    <trkpt lat="48.164940" lon="-4.294670"><ele>5.0</ele></trkpt>
    <trkpt lat="48.165410" lon="-4.295190"><ele>9.0</ele></trkpt>
    <trkpt lat="48.165510" lon="-4.295230"><ele>19.0</ele></trkpt>
    <trkpt lat="48.165440" lon="-4.295540"><ele>8.0</ele></trkpt>
    <trkpt lat="48.165440" lon="-4.295610"><ele>3.0</ele></trkpt>
    <trkpt lat="48.165500" lon="-4.295700"><ele>3.0</ele></trkpt>
    <trkpt lat="48.165380" lon="-4.296320"><ele>14.0</ele></trkpt>
    <trkpt lat="48.165380" lon="-4.296530"><ele>14.0</ele></trkpt>
    <trkpt lat="48.165430" lon="-4.296620"><ele>14.0</ele></trkpt>
    <trkpt lat="48.165400" lon="-4.297270"><ele>14.0</ele></trkpt>
    <trkpt lat="48.165460" lon="-4.297330"><ele>13.0</ele></trkpt>
    <trkpt lat="48.165530" lon="-4.297330"><ele>10.0</ele></trkpt>
    <trkpt lat="48.165640" lon="-4.297260"><ele>13.0</ele></trkpt>
    <trkpt lat="48.165860" lon="-4.297260"><ele>12.0</ele></trkpt>
    <trkpt lat="48.166100" lon="-4.297200"><ele>12.0</ele></trkpt>
    <trkpt lat="48.166350" lon="-4.297340"><ele>15.0</ele></trkpt>
    <trkpt lat="48.166470" lon="-4.297330"><ele>15.0</ele></trkpt>
    <trkpt lat="48.166640" lon="-4.297210"><ele>11.0</ele></trkpt>
    <trkpt lat="48.166660" lon="-4.297150"><ele>16.0</ele></trkpt>
    <trkpt lat="48.166730" lon="-4.297160"><ele>8.0</ele></trkpt>
    <trkpt lat="48.166970" lon="-4.297400"><ele>15.0</ele></trkpt>
    <trkpt lat="48.167060" lon="-4.297400"><ele>14.0</ele></trkpt>
    <trkpt lat="48.167120" lon="-4.297450"><ele>19.0</ele></trkpt>
    <trkpt lat="48.167290" lon="-4.298130"><ele>19.0</ele></trkpt>
    <trkpt lat="48.167490" lon="-4.298460"><ele>13.0</ele></trkpt>
    <trkpt lat="48.167630" lon="-4.298540"><ele>16.0</ele></trkpt>
    <trkpt lat="48.167680" lon="-4.298610"><ele>16.0</ele></trkpt>
    <trkpt lat="48.167810" lon="-4.298520"><ele>18.0</ele></trkpt>
    <trkpt lat="48.167910" lon="-4.298270"><ele>21.0</ele></trkpt>
    <trkpt lat="48.168040" lon="-4.298120"><ele>29.0</ele></trkpt>
    <trkpt lat="48.168270" lon="-4.297930"><ele>22.0</ele></trkpt>
    <trkpt lat="48.168600" lon="-4.297340"><ele>21.0</ele></trkpt>
    <trkpt lat="48.168590" lon="-4.297050"><ele>21.0</ele></trkpt>
    <trkpt lat="48.168460" lon="-4.295980"><ele>14.0</ele></trkpt>
    <trkpt lat="48.168220" lon="-4.295100"><ele>10.0</ele></trkpt>
    <trkpt lat="48.168160" lon="-4.295000"><ele>12.0</ele></trkpt>
    <trkpt lat="48.168000" lon="-4.294920"><ele>14.0</ele></trkpt>
    <trkpt lat="48.167630" lon="-4.294540"><ele>17.0</ele></trkpt>
    <trkpt lat="48.167570" lon="-4.294170"><ele>13.0</ele></trkpt>
    <trkpt lat="48.167410" lon="-4.293890"><ele>16.0</ele></trkpt>
    <trkpt lat="48.167500" lon="-4.293890"><ele>16.0</ele></trkpt>
    <trkpt lat="48.167710" lon="-4.293390"><ele>13.0</ele></trkpt>
    <trkpt lat="48.168050" lon="-4.292870"><ele>10.0</ele></trkpt>
    <trkpt lat="48.168320" lon="-4.292560"><ele>4.0</ele></trkpt>
    <trkpt lat="48.169210" lon="-4.291820"><ele>3.0</ele></trkpt>
    <trkpt lat="48.169670" lon="-4.291650"><ele>3.0</ele></trkpt>
    <trkpt lat="48.170430" lon="-4.291520"><ele>2.0</ele></trkpt>
    <trkpt lat="48.170670" lon="-4.291530"><ele>2.0</ele></trkpt>
    <trkpt lat="48.171430" lon="-4.291650"><ele>3.0</ele></trkpt>
    <trkpt lat="48.172090" lon="-4.291820"><ele>4.0</ele></trkpt>
    <trkpt lat="48.172100" lon="-4.291900"><ele>4.0</ele></trkpt>
    <trkpt lat="48.172170" lon="-4.291880"><ele>4.0</ele></trkpt>
    <trkpt lat="48.172240" lon="-4.291620"><ele>12.0</ele></trkpt>
    <trkpt lat="48.172420" lon="-4.291390"><ele>16.0</ele></trkpt>
    <trkpt lat="48.172730" lon="-4.291130"><ele>21.0</ele></trkpt>
    <trkpt lat="48.172930" lon="-4.291100"><ele>23.0</ele></trkpt>
    <trkpt lat="48.173100" lon="-4.290940"><ele>24.0</ele></trkpt>
    <trkpt lat="48.173380" lon="-4.290390"><ele>24.0</ele></trkpt>
    <trkpt lat="48.173800" lon="-4.289820"><ele>25.0</ele></trkpt>
    <trkpt lat="48.174250" lon="-4.288820"><ele>23.0</ele></trkpt>
    <trkpt lat="48.174300" lon="-4.288980"><ele>22.0</ele></trkpt>
    <trkpt lat="48.174480" lon="-4.289220"><ele>20.0</ele></trkpt>
    <trkpt lat="48.174880" lon="-4.289460"><ele>18.0</ele></trkpt>
    <trkpt lat="48.175020" lon="-4.289580"><ele>13.0</ele></trkpt>
    <trkpt lat="48.175260" lon="-4.289890"><ele>10.0</ele></trkpt>
    <trkpt lat="48.175360" lon="-4.289960"><ele>6.0</ele></trkpt>
    <trkpt lat="48.175480" lon="-4.290610"><ele>5.0</ele></trkpt>
    <trkpt lat="48.175510" lon="-4.290970"><ele>6.0</ele></trkpt>
    <trkpt lat="48.175570" lon="-4.291010"><ele>5.0</ele></trkpt>
    <trkpt lat="48.176420" lon="-4.291090"><ele>4.0</ele></trkpt>
    <trkpt lat="48.176850" lon="-4.291520"><ele>5.0</ele></trkpt>
    <trkpt lat="48.177150" lon="-4.291910"><ele>4.0</ele></trkpt>
    <trkpt lat="48.177740" lon="-4.292280"><ele>6.0</ele></trkpt>
    <trkpt lat="48.177970" lon="-4.292510"><ele>5.0</ele></trkpt>
    <trkpt lat="48.178190" lon="-4.292560"><ele>6.0</ele></trkpt>
    <trkpt lat="48.178310" lon="-4.292690"><ele>6.0</ele></trkpt>
    <trkpt lat="48.178450" lon="-4.292720"><ele>6.0</ele></trkpt>
    <trkpt lat="48.178860" lon="-4.293100"><ele>5.0</ele></trkpt>
    <trkpt lat="48.178960" lon="-4.293130"><ele>6.0</ele></trkpt>
    <trkpt lat="48.179210" lon="-4.293310"><ele>6.0</ele></trkpt>
    <trkpt lat="48.179660" lon="-4.293390"><ele>6.0</ele></trkpt>
    <trkpt lat="48.179840" lon="-4.293520"><ele>6.0</ele></trkpt>
    <trkpt lat="48.180420" lon="-4.293770"><ele>6.0</ele></trkpt>
    <trkpt lat="48.180700" lon="-4.293990"><ele>6.0</ele></trkpt>
    <trkpt lat="48.180840" lon="-4.294000"><ele>6.0</ele></trkpt>
    <trkpt lat="48.181020" lon="-4.294110"><ele>6.0</ele></trkpt>
    <trkpt lat="48.181280" lon="-4.294170"><ele>6.0</ele></trkpt>
    <trkpt lat="48.182380" lon="-4.294710"><ele>4.0</ele></trkpt>
    <trkpt lat="48.182700" lon="-4.294820"><ele>5.0</ele></trkpt>
    <trkpt lat="48.182930" lon="-4.294830"><ele>5.0</ele></trkpt>
    <trkpt lat="48.183110" lon="-4.294890"><ele>5.0</ele></trkpt>
    <trkpt lat="48.183240" lon="-4.294990"><ele>4.0</ele></trkpt>
    <trkpt lat="48.183490" lon="-4.294930"><ele>4.0</ele></trkpt>
    <trkpt lat="48.183540" lon="-4.294870"><ele>5.0</ele></trkpt>
    <trkpt lat="48.183720" lon="-4.294790"><ele>4.0</ele></trkpt>
    <trkpt lat="48.183960" lon="-4.294810"><ele>4.0</ele></trkpt>
    <trkpt lat="48.184110" lon="-4.294740"><ele>4.0</ele></trkpt>
    <trkpt lat="48.184170" lon="-4.294790"><ele>4.0</ele></trkpt>
    <trkpt lat="48.184240" lon="-4.295000"><ele>5.0</ele></trkpt>
    <trkpt lat="48.184320" lon="-4.295100"><ele>4.0</ele></trkpt>
    <trkpt lat="48.184590" lon="-4.295110"><ele>4.0</ele></trkpt>
    <trkpt lat="48.184650" lon="-4.295230"><ele>5.0</ele></trkpt>
    <trkpt lat="48.184670" lon="-4.295420"><ele>4.0</ele></trkpt>
    <trkpt lat="48.184820" lon="-4.295850"><ele>5.0</ele></trkpt>
    <trkpt lat="48.185270" lon="-4.296400"><ele>5.0</ele></trkpt>
    <trkpt lat="48.187620" lon="-4.298310"><ele>7.0</ele></trkpt>
    <trkpt lat="48.190150" lon="-4.299970"><ele>6.0</ele></trkpt>
    <trkpt lat="48.190980" lon="-4.300540"><ele>6.0</ele></trkpt>
    <trkpt lat="48.191080" lon="-4.300660"><ele>4.0</ele></trkpt>
    <trkpt lat="48.191540" lon="-4.300890"><ele>6.0</ele></trkpt>
    <trkpt lat="48.192820" lon="-4.301740"><ele>5.0</ele></trkpt>
    <trkpt lat="48.193750" lon="-4.302290"><ele>5.0</ele></trkpt>
    <trkpt lat="48.195630" lon="-4.303060"><ele>5.0</ele></trkpt>
    <trkpt lat="48.195720" lon="-4.303070"><ele>5.0</ele></trkpt>
    <trkpt lat="48.195920" lon="-4.302930"><ele>5.0</ele></trkpt>
    <trkpt lat="48.196000" lon="-4.302940"><ele>5.0</ele></trkpt>
    <trkpt lat="48.196050" lon="-4.303030"><ele>5.0</ele></trkpt>
    <trkpt lat="48.196130" lon="-4.303370"><ele>4.0</ele></trkpt>
    <trkpt lat="48.196260" lon="-4.303470"><ele>6.0</ele></trkpt>
    <trkpt lat="48.196460" lon="-4.303550"><ele>7.0</ele></trkpt>
    <trkpt lat="48.196540" lon="-4.304130"><ele>7.0</ele></trkpt>
    <trkpt lat="48.196600" lon="-4.305510"><ele>21.0</ele></trkpt>
    <trkpt lat="48.196620" lon="-4.305700"><ele>27.0</ele></trkpt>
    <trkpt lat="48.196720" lon="-4.306080"><ele>30.0</ele></trkpt>
    <trkpt lat="48.196920" lon="-4.306230"><ele>33.0</ele></trkpt>
    <trkpt lat="48.196940" lon="-4.306320"><ele>33.0</ele></trkpt>
    <trkpt lat="48.196920" lon="-4.306560"><ele>33.0</ele></trkpt>
    <trkpt lat="48.196950" lon="-4.306720"><ele>34.0</ele></trkpt>
    <trkpt lat="48.197810" lon="-4.308520"><ele>35.0</ele></trkpt>
    <trkpt lat="48.198540" lon="-4.309620"><ele>30.0</ele></trkpt>
    <trkpt lat="48.199320" lon="-4.310920"><ele>30.0</ele></trkpt>
    <trkpt lat="48.200040" lon="-4.311820"><ele>25.0</ele></trkpt>
    <trkpt lat="48.201750" lon="-4.314320"><ele>30.0</ele></trkpt>
    <trkpt lat="48.202420" lon="-4.314920"><ele>33.0</ele></trkpt>
    <trkpt lat="48.203020" lon="-4.315380"><ele>33.0</ele></trkpt>
    <trkpt lat="48.203490" lon="-4.315600"><ele>35.0</ele></trkpt>
    <trkpt lat="48.203660" lon="-4.315590"><ele>36.0</ele></trkpt>
    <trkpt lat="48.203860" lon="-4.315780"><ele>31.0</ele></trkpt>
    <trkpt lat="48.204060" lon="-4.316070"><ele>29.0</ele></trkpt>
    <trkpt lat="48.204280" lon="-4.316890"><ele>25.0</ele></trkpt>
    <trkpt lat="48.204440" lon="-4.318130"><ele>11.0</ele></trkpt>
    <trkpt lat="48.204260" lon="-4.318650"><ele>13.0</ele></trkpt>
    <trkpt lat="48.204120" lon="-4.319260"><ele>15.0</ele></trkpt>
    <trkpt lat="48.204070" lon="-4.319610"><ele>14.0</ele></trkpt>
    <trkpt lat="48.204070" lon="-4.319750"><ele>14.0</ele></trkpt>
    <trkpt lat="48.204150" lon="-4.320010"><ele>14.0</ele></trkpt>
    <trkpt lat="48.204150" lon="-4.320270"><ele>13.0</ele></trkpt>
    <trkpt lat="48.204190" lon="-4.320490"><ele>11.0</ele></trkpt>
    <trkpt lat="48.204160" lon="-4.320680"><ele>9.0</ele></trkpt>
    <trkpt lat="48.204210" lon="-4.320950"><ele>5.0</ele></trkpt>
    <trkpt lat="48.204140" lon="-4.321010"><ele>5.0</ele></trkpt>
    <trkpt lat="48.204080" lon="-4.321240"><ele>5.0</ele></trkpt>
    <trkpt lat="48.204010" lon="-4.321790"><ele>7.0</ele></trkpt>
    <trkpt lat="48.203840" lon="-4.321850"><ele>6.0</ele></trkpt>
    <trkpt lat="48.203600" lon="-4.322050"><ele>8.0</ele></trkpt>
    <trkpt lat="48.203070" lon="-4.322770"><ele>15.0</ele></trkpt>
    <trkpt lat="48.202870" lon="-4.323150"><ele>18.0</ele></trkpt>
    <trkpt lat="48.202780" lon="-4.323530"><ele>21.0</ele></trkpt>
    <trkpt lat="48.202790" lon="-4.323990"><ele>26.0</ele></trkpt>
    <trkpt lat="48.202820" lon="-4.324130"><ele>24.0</ele></trkpt>
    <trkpt lat="48.202260" lon="-4.325730"><ele>19.0</ele></trkpt>
    <trkpt lat="48.202240" lon="-4.325950"><ele>18.0</ele></trkpt>
    <trkpt lat="48.202260" lon="-4.327460"><ele>17.0</ele></trkpt>
    <trkpt lat="48.202300" lon="-4.327600"><ele>16.0</ele></trkpt>
    <trkpt lat="48.202360" lon="-4.327670"><ele>16.0</ele></trkpt>
    <trkpt lat="48.202490" lon="-4.327680"><ele>19.0</ele></trkpt>
    <trkpt lat="48.202590" lon="-4.327610"><ele>19.0</ele></trkpt>
    <trkpt lat="48.202760" lon="-4.327460"><ele>21.0</ele></trkpt>
    <trkpt lat="48.203050" lon="-4.327060"><ele>25.0</ele></trkpt>
    <trkpt lat="48.203250" lon="-4.327070"><ele>25.0</ele></trkpt>
    <trkpt lat="48.203380" lon="-4.327000"><ele>24.0</ele></trkpt>
    <trkpt lat="48.203630" lon="-4.326550"><ele>26.0</ele></trkpt>
    <trkpt lat="48.203930" lon="-4.326210"><ele>26.0</ele></trkpt>
    <trkpt lat="48.204020" lon="-4.326170"><ele>26.0</ele></trkpt>
    <trkpt lat="48.204230" lon="-4.326430"><ele>24.0</ele></trkpt>
    <trkpt lat="48.204450" lon="-4.326740"><ele>21.0</ele></trkpt>
    <trkpt lat="48.204560" lon="-4.326990"><ele>18.0</ele></trkpt>
    <trkpt lat="48.204890" lon="-4.328470"><ele>13.0</ele></trkpt>
    <trkpt lat="48.205110" lon="-4.329280"><ele>14.0</ele></trkpt>
    <trkpt lat="48.205380" lon="-4.329880"><ele>15.0</ele></trkpt>
    <trkpt lat="48.205750" lon="-4.330490"><ele>15.0</ele></trkpt>
    <trkpt lat="48.205850" lon="-4.330970"><ele>13.0</ele></trkpt>
    <trkpt lat="48.205910" lon="-4.331070"><ele>11.0</ele></trkpt>
    <trkpt lat="48.206090" lon="-4.331200"><ele>11.0</ele></trkpt>
    <trkpt lat="48.206380" lon="-4.331300"><ele>10.0</ele></trkpt>
    <trkpt lat="48.206640" lon="-4.331460"><ele>9.0</ele></trkpt>
    <trkpt lat="48.206780" lon="-4.331630"><ele>8.0</ele></trkpt>
    <trkpt lat="48.206810" lon="-4.331700"><ele>7.0</ele></trkpt>
    <trkpt lat="48.206800" lon="-4.332180"><ele>8.0</ele></trkpt>
    <trkpt lat="48.207070" lon="-4.333310"><ele>14.0</ele></trkpt>
    <trkpt lat="48.207060" lon="-4.333280"><ele>14.0</ele></trkpt>
    <trkpt lat="48.207280" lon="-4.333800"><ele>16.0</ele></trkpt>
    <trkpt lat="48.208410" lon="-4.335550"><ele>30.0</ele></trkpt>
    <trkpt lat="48.207980" lon="-4.335800"><ele>30.0</ele></trkpt>
    <trkpt lat="48.207840" lon="-4.336270"><ele>29.0</ele></trkpt>
    <trkpt lat="48.206700" lon="-4.337130"><ele>23.0</ele></trkpt>
    <trkpt lat="48.206640" lon="-4.337220"><ele>18.0</ele></trkpt>
    <trkpt lat="48.206390" lon="-4.337380"><ele>19.0</ele></trkpt>
    <trkpt lat="48.205900" lon="-4.337390"><ele>14.0</ele></trkpt>
    <trkpt lat="48.205590" lon="-4.337630"><ele>5.0</ele></trkpt>
    <trkpt lat="48.205570" lon="-4.337730"><ele>9.0</ele></trkpt>
    <trkpt lat="48.205560" lon="-4.338720"><ele>10.0</ele></trkpt>
    <trkpt lat="48.205670" lon="-4.338720"><ele>10.0</ele></trkpt>
    <trkpt lat="48.205760" lon="-4.338790"><ele>15.0</ele></trkpt>
    <trkpt lat="48.205770" lon="-4.339060"><ele>10.0</ele></trkpt>
    <trkpt lat="48.205670" lon="-4.339410"><ele>5.0</ele></trkpt>
    <trkpt lat="48.205660" lon="-4.339540"><ele>4.0</ele></trkpt>
    <trkpt lat="48.205730" lon="-4.340380"><ele>21.0</ele></trkpt>
    <trkpt lat="48.205820" lon="-4.340620"><ele>25.0</ele></trkpt>
    <trkpt lat="48.205930" lon="-4.340710"><ele>25.0</ele></trkpt>
    <trkpt lat="48.206050" lon="-4.340730"><ele>28.0</ele></trkpt>
    <trkpt lat="48.206200" lon="-4.340950"><ele>10.0</ele></trkpt>
    <trkpt lat="48.206230" lon="-4.340970"><ele>24.0</ele></trkpt>
    <trkpt lat="48.206320" lon="-4.340840"><ele>26.0</ele></trkpt>
    <trkpt lat="48.206380" lon="-4.340860"><ele>35.0</ele></trkpt>
    <trkpt lat="48.206530" lon="-4.341200"><ele>38.0</ele></trkpt>
    <trkpt lat="48.206390" lon="-4.342350"><ele>30.0</ele></trkpt>
    <trkpt lat="48.206400" lon="-4.343240"><ele>28.0</ele></trkpt>
    <trkpt lat="48.206500" lon="-4.343770"><ele>26.0</ele></trkpt>
    <trkpt lat="48.206600" lon="-4.344030"><ele>25.0</ele></trkpt>
    <trkpt lat="48.206580" lon="-4.344310"><ele>25.0</ele></trkpt>
    <trkpt lat="48.206630" lon="-4.344590"><ele>19.0</ele></trkpt>
    <trkpt lat="48.206500" lon="-4.345120"><ele>14.0</ele></trkpt>
    <trkpt lat="48.206400" lon="-4.345820"><ele>19.0</ele></trkpt>
    <trkpt lat="48.206340" lon="-4.346040"><ele>21.0</ele></trkpt>
    <trkpt lat="48.206340" lon="-4.346470"><ele>14.0</ele></trkpt>
    <trkpt lat="48.206260" lon="-4.346740"><ele>13.0</ele></trkpt>
    <trkpt lat="48.206270" lon="-4.346840"><ele>9.0</ele></trkpt>
    <trkpt lat="48.206200" lon="-4.347280"><ele>3.0</ele></trkpt>
    <trkpt lat="48.206230" lon="-4.347560"><ele>13.0</ele></trkpt>
    <trkpt lat="48.206360" lon="-4.347640"><ele>14.0</ele></trkpt>
    <trkpt lat="48.206390" lon="-4.347780"><ele>14.0</ele></trkpt>
    <trkpt lat="48.206380" lon="-4.347890"><ele>14.0</ele></trkpt>
    <trkpt lat="48.206430" lon="-4.347970"><ele>14.0</ele></trkpt>
    <trkpt lat="48.206640" lon="-4.347900"><ele>15.0</ele></trkpt>
    <trkpt lat="48.206880" lon="-4.348120"><ele>10.0</ele></trkpt>
    <trkpt lat="48.207010" lon="-4.348040"><ele>11.0</ele></trkpt>
    <trkpt lat="48.207110" lon="-4.348080"><ele>10.0</ele></trkpt>
    <trkpt lat="48.207330" lon="-4.348060"><ele>10.0</ele></trkpt>
    <trkpt lat="48.207290" lon="-4.348250"><ele>6.0</ele></trkpt>
    <trkpt lat="48.207540" lon="-4.349170"><ele>10.0</ele></trkpt>
    <trkpt lat="48.207070" lon="-4.349620"><ele>13.0</ele></trkpt>
    <trkpt lat="48.206940" lon="-4.349840"><ele>13.0</ele></trkpt>
    <trkpt lat="48.206880" lon="-4.350020"><ele>9.0</ele></trkpt>
    <trkpt lat="48.206820" lon="-4.350370"><ele>14.0</ele></trkpt>
    <trkpt lat="48.206510" lon="-4.351180"><ele>24.0</ele></trkpt>
    <trkpt lat="48.206490" lon="-4.351330"><ele>22.0</ele></trkpt>
    <trkpt lat="48.206510" lon="-4.351420"><ele>28.0</ele></trkpt>
    <trkpt lat="48.206570" lon="-4.351480"><ele>28.0</ele></trkpt>
    <trkpt lat="48.206590" lon="-4.352160"><ele>32.0</ele></trkpt>
    <trkpt lat="48.206710" lon="-4.352490"><ele>36.0</ele></trkpt>
    <trkpt lat="48.206470" lon="-4.353570"><ele>29.0</ele></trkpt>
    <trkpt lat="48.206490" lon="-4.353910"><ele>28.0</ele></trkpt>
    <trkpt lat="48.206450" lon="-4.354300"><ele>28.0</ele></trkpt>
    <trkpt lat="48.205940" lon="-4.356430"><ele>27.0</ele></trkpt>
    <trkpt lat="48.205720" lon="-4.357520"><ele>22.0</ele></trkpt>
    <trkpt lat="48.205730" lon="-4.357560"><ele>22.0</ele></trkpt>
    <trkpt lat="48.206600" lon="-4.358050"><ele>32.0</ele></trkpt>
    <trkpt lat="48.206550" lon="-4.358490"><ele>32.0</ele></trkpt>
    <trkpt lat="48.206550" lon="-4.359400"><ele>30.0</ele></trkpt>
    <trkpt lat="48.206320" lon="-4.360360"><ele>24.0</ele></trkpt>
    <trkpt lat="48.206370" lon="-4.360580"><ele>22.0</ele></trkpt>
    <trkpt lat="48.206520" lon="-4.360800"><ele>20.0</ele></trkpt>
    <trkpt lat="48.206530" lon="-4.360970"><ele>20.0</ele></trkpt>
    <trkpt lat="48.206670" lon="-4.361150"><ele>16.0</ele></trkpt>
    <trkpt lat="48.206840" lon="-4.361620"><ele>10.0</ele></trkpt>
    <trkpt lat="48.206860" lon="-4.361710"><ele>8.0</ele></trkpt>
    <trkpt lat="48.206830" lon="-4.361910"><ele>10.0</ele></trkpt>
    <trkpt lat="48.206860" lon="-4.362100"><ele>8.0</ele></trkpt>
    <trkpt lat="48.206820" lon="-4.362540"><ele>13.0</ele></trkpt>
    <trkpt lat="48.206650" lon="-4.363250"><ele>12.0</ele></trkpt>
    <trkpt lat="48.206560" lon="-4.363850"><ele>16.0</ele></trkpt>
    <trkpt lat="48.206620" lon="-4.363920"><ele>14.0</ele></trkpt>
    <trkpt lat="48.206750" lon="-4.363930"><ele>17.0</ele></trkpt>
    <trkpt lat="48.206790" lon="-4.364020"><ele>17.0</ele></trkpt>
    <trkpt lat="48.206750" lon="-4.364210"><ele>18.0</ele></trkpt>
    <trkpt lat="48.206610" lon="-4.364540"><ele>16.0</ele></trkpt>
    <trkpt lat="48.206610" lon="-4.364630"><ele>15.0</ele></trkpt>
    <trkpt lat="48.206730" lon="-4.364760"><ele>19.0</ele></trkpt>
    <trkpt lat="48.206760" lon="-4.364980"><ele>19.0</ele></trkpt>
    <trkpt lat="48.206720" lon="-4.365100"><ele>20.0</ele></trkpt>
    <trkpt lat="48.206440" lon="-4.365070"><ele>15.0</ele></trkpt>
    <trkpt lat="48.206370" lon="-4.365130"><ele>17.0</ele></trkpt>
    <trkpt lat="48.206320" lon="-4.365330"><ele>18.0</ele></trkpt>
    <trkpt lat="48.206260" lon="-4.365850"><ele>10.0</ele></trkpt>
    <trkpt lat="48.206200" lon="-4.366000"><ele>3.0</ele></trkpt>
    <trkpt lat="48.206210" lon="-4.366290"><ele>19.0</ele></trkpt>
    <trkpt lat="48.206180" lon="-4.366460"><ele>12.0</ele></trkpt>
    <trkpt lat="48.206120" lon="-4.366610"><ele>19.0</ele></trkpt>
    <trkpt lat="48.205780" lon="-4.367120"><ele>17.0</ele></trkpt>
    <trkpt lat="48.205720" lon="-4.367340"><ele>19.0</ele></trkpt>
    <trkpt lat="48.205600" lon="-4.367530"><ele>16.0</ele></trkpt>
    <trkpt lat="48.205520" lon="-4.367820"><ele>18.0</ele></trkpt>
    <trkpt lat="48.205470" lon="-4.367900"><ele>7.0</ele></trkpt>
    <trkpt lat="48.205450" lon="-4.368020"><ele>9.0</ele></trkpt>
    <trkpt lat="48.205470" lon="-4.368560"><ele>11.0</ele></trkpt>
    <trkpt lat="48.205510" lon="-4.368900"><ele>11.0</ele></trkpt>
    <trkpt lat="48.205620" lon="-4.369290"><ele>11.0</ele></trkpt>
    <trkpt lat="48.205830" lon="-4.369830"><ele>17.0</ele></trkpt>
    <trkpt lat="48.205890" lon="-4.369900"><ele>13.0</ele></trkpt>
    <trkpt lat="48.206080" lon="-4.369960"><ele>17.0</ele></trkpt>
    <trkpt lat="48.206160" lon="-4.370060"><ele>15.0</ele></trkpt>
    <trkpt lat="48.206300" lon="-4.370290"><ele>18.0</ele></trkpt>
    <trkpt lat="48.206350" lon="-4.370580"><ele>18.0</ele></trkpt>
    <trkpt lat="48.206500" lon="-4.370800"><ele>19.0</ele></trkpt>
    <trkpt lat="48.206520" lon="-4.371610"><ele>32.0</ele></trkpt>
    <trkpt lat="48.206560" lon="-4.371720"><ele>29.0</ele></trkpt>
    <trkpt lat="48.206670" lon="-4.371850"><ele>28.0</ele></trkpt>
    <trkpt lat="48.206710" lon="-4.372010"><ele>31.0</ele></trkpt>
    <trkpt lat="48.206720" lon="-4.372320"><ele>25.0</ele></trkpt>
    <trkpt lat="48.206820" lon="-4.372620"><ele>22.0</ele></trkpt>
    <trkpt lat="48.206890" lon="-4.373070"><ele>22.0</ele></trkpt>
    <trkpt lat="48.206950" lon="-4.373160"><ele>27.0</ele></trkpt>
    <trkpt lat="48.207310" lon="-4.372960"><ele>29.0</ele></trkpt>
    <trkpt lat="48.207550" lon="-4.372670"><ele>29.0</ele></trkpt>
    <trkpt lat="48.207710" lon="-4.372350"><ele>26.0</ele></trkpt>
    <trkpt lat="48.207830" lon="-4.371460"><ele>28.0</ele></trkpt>
    <trkpt lat="48.208030" lon="-4.371120"><ele>28.0</ele></trkpt>
    <trkpt lat="48.208320" lon="-4.370260"><ele>29.0</ele></trkpt>
    <trkpt lat="48.208620" lon="-4.369590"><ele>29.0</ele></trkpt>
    <trkpt lat="48.208960" lon="-4.369480"><ele>25.0</ele></trkpt>
    <trkpt lat="48.209240" lon="-4.369220"><ele>21.0</ele></trkpt>
    <trkpt lat="48.209340" lon="-4.368830"><ele>21.0</ele></trkpt>
    <trkpt lat="48.209460" lon="-4.368670"><ele>18.0</ele></trkpt>
    <trkpt lat="48.209690" lon="-4.368750"><ele>11.0</ele></trkpt>
    <trkpt lat="48.210030" lon="-4.368100"><ele>15.0</ele></trkpt>
    <trkpt lat="48.209720" lon="-4.368740"><ele>15.0</ele></trkpt>
    <trkpt lat="48.209480" lon="-4.368610"><ele>18.0</ele></trkpt>
    <trkpt lat="48.209700" lon="-4.367950"><ele>27.0</ele></trkpt>
    <trkpt lat="48.209870" lon="-4.367110"><ele>28.0</ele></trkpt>
    <trkpt lat="48.210140" lon="-4.366010"><ele>30.0</ele></trkpt>
    <trkpt lat="48.210220" lon="-4.365160"><ele>36.0</ele></trkpt>
    <trkpt lat="48.210110" lon="-4.364800"><ele>37.0</ele></trkpt>
    <trkpt lat="48.209300" lon="-4.363720"><ele>39.0</ele></trkpt>
    <trkpt lat="48.209090" lon="-4.363390"><ele>40.0</ele></trkpt>
    <trkpt lat="48.209010" lon="-4.363060"><ele>41.0</ele></trkpt>
    <trkpt lat="48.209260" lon="-4.362150"><ele>43.0</ele></trkpt>
    <trkpt lat="48.209700" lon="-4.360880"><ele>46.0</ele></trkpt>
    <trkpt lat="48.209820" lon="-4.360380"><ele>46.0</ele></trkpt>
    <trkpt lat="48.209820" lon="-4.359970"><ele>48.0</ele></trkpt>
    <trkpt lat="48.210020" lon="-4.359350"><ele>49.0</ele></trkpt>
    <trkpt lat="48.210140" lon="-4.359170"><ele>49.0</ele></trkpt>
    <trkpt lat="48.210840" lon="-4.360000"><ele>45.0</ele></trkpt>
    <trkpt lat="48.211160" lon="-4.360170"><ele>43.0</ele></trkpt>
    <trkpt lat="48.211430" lon="-4.360380"><ele>43.0</ele></trkpt>
    <trkpt lat="48.211330" lon="-4.361560"><ele>31.0</ele></trkpt>
    <trkpt lat="48.211350" lon="-4.361740"><ele>30.0</ele></trkpt>
    <trkpt lat="48.211560" lon="-4.362090"><ele>29.0</ele></trkpt>
    <trkpt lat="48.211370" lon="-4.362480"><ele>29.0</ele></trkpt>
    <trkpt lat="48.211340" lon="-4.363350"><ele>27.0</ele></trkpt>
    <trkpt lat="48.211420" lon="-4.364490"><ele>22.0</ele></trkpt>
    <trkpt lat="48.211370" lon="-4.366880"><ele>14.0</ele></trkpt>
    <trkpt lat="48.211400" lon="-4.368370"><ele>10.0</ele></trkpt>
    <trkpt lat="48.211490" lon="-4.368920"><ele>8.0</ele></trkpt>
    <trkpt lat="48.211740" lon="-4.369460"><ele>7.0</ele></trkpt>
    <trkpt lat="48.211510" lon="-4.369840"><ele>6.0</ele></trkpt>
    <trkpt lat="48.210840" lon="-4.369340"><ele>6.0</ele></trkpt>
    <trkpt lat="48.210580" lon="-4.369190"><ele>7.0</ele></trkpt>
    <trkpt lat="48.209550" lon="-4.368760"><ele>14.0</ele></trkpt>
    <trkpt lat="48.209420" lon="-4.368760"><ele>14.0</ele></trkpt>
    <trkpt lat="48.209300" lon="-4.368980"><ele>17.0</ele></trkpt>
    <trkpt lat="48.209250" lon="-4.369180"><ele>25.0</ele></trkpt>
    <trkpt lat="48.208960" lon="-4.369480"><ele>25.0</ele></trkpt>
    <trkpt lat="48.208630" lon="-4.369570"><ele>26.0</ele></trkpt>
    <trkpt lat="48.208410" lon="-4.370020"><ele>28.0</ele></trkpt>
    <trkpt lat="48.208140" lon="-4.370730"><ele>29.0</ele></trkpt>
    <trkpt lat="48.208040" lon="-4.371100"><ele>29.0</ele></trkpt>
    <trkpt lat="48.207870" lon="-4.371380"><ele>28.0</ele></trkpt>
    <trkpt lat="48.207830" lon="-4.371500"><ele>28.0</ele></trkpt>
    <trkpt lat="48.207760" lon="-4.371900"><ele>28.0</ele></trkpt>
    <trkpt lat="48.207740" lon="-4.372280"><ele>28.0</ele></trkpt>
    <trkpt lat="48.207670" lon="-4.372530"><ele>28.0</ele></trkpt>
    <trkpt lat="48.207400" lon="-4.372980"><ele>25.0</ele></trkpt>
    <trkpt lat="48.207160" lon="-4.373170"><ele>25.0</ele></trkpt>
    <trkpt lat="48.206940" lon="-4.373260"><ele>25.0</ele></trkpt>
    <trkpt lat="48.206900" lon="-4.373190"><ele>19.0</ele></trkpt>
    <trkpt lat="48.206820" lon="-4.372700"><ele>25.0</ele></trkpt>
    <trkpt lat="48.206720" lon="-4.372420"><ele>25.0</ele></trkpt>
    <trkpt lat="48.206680" lon="-4.371970"><ele>27.0</ele></trkpt>
    <trkpt lat="48.206530" lon="-4.371740"><ele>29.0</ele></trkpt>
    <trkpt lat="48.206480" lon="-4.370870"><ele>26.0</ele></trkpt>
    <trkpt lat="48.206360" lon="-4.370700"><ele>26.0</ele></trkpt>
    <trkpt lat="48.206280" lon="-4.370280"><ele>18.0</ele></trkpt>
    <trkpt lat="48.206030" lon="-4.369980"><ele>19.0</ele></trkpt>
    <trkpt lat="48.205900" lon="-4.369950"><ele>13.0</ele></trkpt>
    <trkpt lat="48.205830" lon="-4.369880"><ele>18.0</ele></trkpt>
    <trkpt lat="48.205750" lon="-4.369620"><ele>17.0</ele></trkpt>
    <trkpt lat="48.205590" lon="-4.369300"><ele>11.0</ele></trkpt>
    <trkpt lat="48.205490" lon="-4.368850"><ele>11.0</ele></trkpt>
    <trkpt lat="48.205460" lon="-4.367960"><ele>7.0</ele></trkpt>
    <trkpt lat="48.205600" lon="-4.367560"><ele>16.0</ele></trkpt>
    <trkpt lat="48.205700" lon="-4.367440"><ele>13.0</ele></trkpt>
    <trkpt lat="48.205790" lon="-4.367110"><ele>17.0</ele></trkpt>
    <trkpt lat="48.206110" lon="-4.366670"><ele>19.0</ele></trkpt>
    <trkpt lat="48.206170" lon="-4.366530"><ele>19.0</ele></trkpt>
    <trkpt lat="48.206220" lon="-4.366320"><ele>18.0</ele></trkpt>
    <trkpt lat="48.206190" lon="-4.366080"><ele>3.0</ele></trkpt>
    <trkpt lat="48.206280" lon="-4.365800"><ele>18.0</ele></trkpt>
    <trkpt lat="48.206310" lon="-4.365380"><ele>18.0</ele></trkpt>
    <trkpt lat="48.206350" lon="-4.365210"><ele>17.0</ele></trkpt>
    <trkpt lat="48.206430" lon="-4.365100"><ele>17.0</ele></trkpt>
    <trkpt lat="48.206740" lon="-4.365100"><ele>20.0</ele></trkpt>
    <trkpt lat="48.206750" lon="-4.364910"><ele>19.0</ele></trkpt>
    <trkpt lat="48.206690" lon="-4.364770"><ele>16.0</ele></trkpt>
    <trkpt lat="48.206590" lon="-4.364650"><ele>15.0</ele></trkpt>
    <trkpt lat="48.206610" lon="-4.364530"><ele>16.0</ele></trkpt>
    <trkpt lat="48.206740" lon="-4.364300"><ele>16.0</ele></trkpt>
    <trkpt lat="48.206780" lon="-4.364020"><ele>15.0</ele></trkpt>
    <trkpt lat="48.206760" lon="-4.363970"><ele>17.0</ele></trkpt>
    <trkpt lat="48.206560" lon="-4.363990"><ele>14.0</ele></trkpt>
    <trkpt lat="48.206550" lon="-4.363880"><ele>16.0</ele></trkpt>
    <trkpt lat="48.206610" lon="-4.363360"><ele>12.0</ele></trkpt>
    <trkpt lat="48.206810" lon="-4.362560"><ele>10.0</ele></trkpt>
    <trkpt lat="48.206860" lon="-4.362120"><ele>8.0</ele></trkpt>
    <trkpt lat="48.206830" lon="-4.361910"><ele>6.0</ele></trkpt>
    <trkpt lat="48.206860" lon="-4.361770"><ele>8.0</ele></trkpt>
    <trkpt lat="48.206760" lon="-4.361390"><ele>12.0</ele></trkpt>
    <trkpt lat="48.206660" lon="-4.361160"><ele>16.0</ele></trkpt>
    <trkpt lat="48.206530" lon="-4.361010"><ele>16.0</ele></trkpt>
    <trkpt lat="48.206520" lon="-4.360800"><ele>20.0</ele></trkpt>
    <trkpt lat="48.206340" lon="-4.360550"><ele>22.0</ele></trkpt>
    <trkpt lat="48.206320" lon="-4.360430"><ele>24.0</ele></trkpt>
    <trkpt lat="48.206530" lon="-4.359470"><ele>30.0</ele></trkpt>
    <trkpt lat="48.206560" lon="-4.359160"><ele>31.0</ele></trkpt>
    <trkpt lat="48.206540" lon="-4.358890"><ele>32.0</ele></trkpt>
    <trkpt lat="48.206580" lon="-4.358030"><ele>32.0</ele></trkpt>
    <trkpt lat="48.205710" lon="-4.357540"><ele>22.0</ele></trkpt>
    <trkpt lat="48.206060" lon="-4.355890"><ele>25.0</ele></trkpt>
    <trkpt lat="48.206330" lon="-4.354870"><ele>26.0</ele></trkpt>
    <trkpt lat="48.206440" lon="-4.354330"><ele>20.0</ele></trkpt>
    <trkpt lat="48.206490" lon="-4.353840"><ele>27.0</ele></trkpt>
    <trkpt lat="48.206460" lon="-4.353620"><ele>26.0</ele></trkpt>
    <trkpt lat="48.206720" lon="-4.352450"><ele>33.0</ele></trkpt>
    <trkpt lat="48.206580" lon="-4.352220"><ele>32.0</ele></trkpt>
    <trkpt lat="48.206560" lon="-4.351490"><ele>28.0</ele></trkpt>
    <trkpt lat="48.206510" lon="-4.351440"><ele>28.0</ele></trkpt>
    <trkpt lat="48.206490" lon="-4.351280"><ele>22.0</ele></trkpt>
    <trkpt lat="48.206820" lon="-4.350360"><ele>14.0</ele></trkpt>
    <trkpt lat="48.206890" lon="-4.349990"><ele>13.0</ele></trkpt>
    <trkpt lat="48.206960" lon="-4.349780"><ele>13.0</ele></trkpt>
    <trkpt lat="48.207100" lon="-4.349610"><ele>13.0</ele></trkpt>
    <trkpt lat="48.207550" lon="-4.349200"><ele>13.0</ele></trkpt>
    <trkpt lat="48.207300" lon="-4.348350"><ele>4.0</ele></trkpt>
    <trkpt lat="48.207290" lon="-4.348280"><ele>6.0</ele></trkpt>
    <trkpt lat="48.207340" lon="-4.348060"><ele>10.0</ele></trkpt>
    <trkpt lat="48.207300" lon="-4.348090"><ele>10.0</ele></trkpt>
    <trkpt lat="48.207000" lon="-4.348030"><ele>16.0</ele></trkpt>
    <trkpt lat="48.206850" lon="-4.348110"><ele>11.0</ele></trkpt>
    <trkpt lat="48.206650" lon="-4.347900"><ele>12.0</ele></trkpt>
    <trkpt lat="48.206560" lon="-4.347900"><ele>15.0</ele></trkpt>
    <trkpt lat="48.206460" lon="-4.347970"><ele>14.0</ele></trkpt>
    <trkpt lat="48.206410" lon="-4.347950"><ele>14.0</ele></trkpt>
    <trkpt lat="48.206370" lon="-4.347880"><ele>14.0</ele></trkpt>
    <trkpt lat="48.206370" lon="-4.347670"><ele>14.0</ele></trkpt>
    <trkpt lat="48.206220" lon="-4.347550"><ele>10.0</ele></trkpt>
    <trkpt lat="48.206190" lon="-4.347220"><ele>11.0</ele></trkpt>
    <trkpt lat="48.206260" lon="-4.346870"><ele>15.0</ele></trkpt>
    <trkpt lat="48.206260" lon="-4.346730"><ele>9.0</ele></trkpt>
    <trkpt lat="48.206350" lon="-4.346370"><ele>17.0</ele></trkpt>
    <trkpt lat="48.206330" lon="-4.346120"><ele>21.0</ele></trkpt>
    <trkpt lat="48.206470" lon="-4.345110"><ele>14.0</ele></trkpt>
    <trkpt lat="48.206560" lon="-4.344900"><ele>28.0</ele></trkpt>
    <trkpt lat="48.206620" lon="-4.344580"><ele>19.0</ele></trkpt>
    <trkpt lat="48.206570" lon="-4.344360"><ele>25.0</ele></trkpt>
    <trkpt lat="48.206580" lon="-4.344010"><ele>25.0</ele></trkpt>
    <trkpt lat="48.206430" lon="-4.343470"><ele>28.0</ele></trkpt>
    <trkpt lat="48.206410" lon="-4.343300"><ele>28.0</ele></trkpt>
    <trkpt lat="48.206390" lon="-4.342360"><ele>30.0</ele></trkpt>
    <trkpt lat="48.206450" lon="-4.341680"><ele>32.0</ele></trkpt>
    <trkpt lat="48.206520" lon="-4.341240"><ele>33.0</ele></trkpt>
    <trkpt lat="48.206500" lon="-4.341070"><ele>27.0</ele></trkpt>
    <trkpt lat="48.206380" lon="-4.340860"><ele>21.0</ele></trkpt>
    <trkpt lat="48.206320" lon="-4.340840"><ele>35.0</ele></trkpt>
    <trkpt lat="48.206240" lon="-4.340930"><ele>24.0</ele></trkpt>
    <trkpt lat="48.206200" lon="-4.340910"><ele>24.0</ele></trkpt>
    <trkpt lat="48.206010" lon="-4.340670"><ele>28.0</ele></trkpt>
    <trkpt lat="48.205880" lon="-4.340670"><ele>20.0</ele></trkpt>
    <trkpt lat="48.205750" lon="-4.340460"><ele>16.0</ele></trkpt>
    <trkpt lat="48.205650" lon="-4.339690"><ele>12.0</ele></trkpt>
    <trkpt lat="48.205770" lon="-4.339150"><ele>13.0</ele></trkpt>
    <trkpt lat="48.205780" lon="-4.338750"><ele>11.0</ele></trkpt>
    <trkpt lat="48.205560" lon="-4.338730"><ele>11.0</ele></trkpt>
    <trkpt lat="48.205530" lon="-4.338660"><ele>13.0</ele></trkpt>
    <trkpt lat="48.205630" lon="-4.337690"><ele>11.0</ele></trkpt>
    <trkpt lat="48.205890" lon="-4.337370"><ele>14.0</ele></trkpt>
    <trkpt lat="48.206170" lon="-4.337440"><ele>16.0</ele></trkpt>
    <trkpt lat="48.206500" lon="-4.337390"><ele>19.0</ele></trkpt>
    <trkpt lat="48.206740" lon="-4.337070"><ele>23.0</ele></trkpt>
    <trkpt lat="48.207820" lon="-4.336310"><ele>27.0</ele></trkpt>
    <trkpt lat="48.207950" lon="-4.335820"><ele>30.0</ele></trkpt>
    <trkpt lat="48.208430" lon="-4.335580"><ele>31.0</ele></trkpt>
    <trkpt lat="48.207300" lon="-4.333800"><ele>16.0</ele></trkpt>
    <trkpt lat="48.207040" lon="-4.333280"><ele>14.0</ele></trkpt>
    <trkpt lat="48.206800" lon="-4.332300"><ele>10.0</ele></trkpt>
    <trkpt lat="48.206800" lon="-4.331850"><ele>9.0</ele></trkpt>
    <trkpt lat="48.206690" lon="-4.331520"><ele>9.0</ele></trkpt>
    <trkpt lat="48.206260" lon="-4.331270"><ele>10.0</ele></trkpt>
    <trkpt lat="48.206050" lon="-4.331200"><ele>11.0</ele></trkpt>
    <trkpt lat="48.205940" lon="-4.331100"><ele>9.0</ele></trkpt>
    <trkpt lat="48.205840" lon="-4.330940"><ele>13.0</ele></trkpt>
    <trkpt lat="48.205780" lon="-4.330570"><ele>14.0</ele></trkpt>
    <trkpt lat="48.205330" lon="-4.329830"><ele>15.0</ele></trkpt>
    <trkpt lat="48.205000" lon="-4.328970"><ele>13.0</ele></trkpt>
    <trkpt lat="48.204610" lon="-4.327190"><ele>17.0</ele></trkpt>
    <trkpt lat="48.204520" lon="-4.326930"><ele>18.0</ele></trkpt>
    <trkpt lat="48.204360" lon="-4.326620"><ele>22.0</ele></trkpt>
    <trkpt lat="48.204010" lon="-4.326160"><ele>26.0</ele></trkpt>
    <trkpt lat="48.203730" lon="-4.326410"><ele>27.0</ele></trkpt>
    <trkpt lat="48.203350" lon="-4.327040"><ele>25.0</ele></trkpt>
    <trkpt lat="48.203050" lon="-4.327090"><ele>25.0</ele></trkpt>
    <trkpt lat="48.202620" lon="-4.327610"><ele>20.0</ele></trkpt>
    <trkpt lat="48.202330" lon="-4.327680"><ele>16.0</ele></trkpt>
    <trkpt lat="48.202270" lon="-4.327560"><ele>19.0</ele></trkpt>
    <trkpt lat="48.202250" lon="-4.325820"><ele>18.0</ele></trkpt>
    <trkpt lat="48.202810" lon="-4.324130"><ele>23.0</ele></trkpt>
    <trkpt lat="48.202770" lon="-4.323880"><ele>24.0</ele></trkpt>
    <trkpt lat="48.202810" lon="-4.323360"><ele>19.0</ele></trkpt>
    <trkpt lat="48.202890" lon="-4.323090"><ele>15.0</ele></trkpt>
    <trkpt lat="48.203050" lon="-4.322800"><ele>15.0</ele></trkpt>
    <trkpt lat="48.203570" lon="-4.322070"><ele>8.0</ele></trkpt>
    <trkpt lat="48.203840" lon="-4.321830"><ele>7.0</ele></trkpt>
    <trkpt lat="48.204020" lon="-4.321770"><ele>7.0</ele></trkpt>
    <trkpt lat="48.204110" lon="-4.321030"><ele>5.0</ele></trkpt>
    <trkpt lat="48.204210" lon="-4.320940"><ele>5.0</ele></trkpt>
    <trkpt lat="48.204140" lon="-4.320690"><ele>9.0</ele></trkpt>
    <trkpt lat="48.204180" lon="-4.320590"><ele>9.0</ele></trkpt>
    <trkpt lat="48.204130" lon="-4.319930"><ele>14.0</ele></trkpt>
    <trkpt lat="48.204070" lon="-4.319810"><ele>11.0</ele></trkpt>
    <trkpt lat="48.204090" lon="-4.319470"><ele>14.0</ele></trkpt>
    <trkpt lat="48.204130" lon="-4.319180"><ele>14.0</ele></trkpt>
    <trkpt lat="48.204220" lon="-4.318830"><ele>14.0</ele></trkpt>
    <trkpt lat="48.204350" lon="-4.318360"><ele>16.0</ele></trkpt>
    <trkpt lat="48.204430" lon="-4.318200"><ele>11.0</ele></trkpt>
    <trkpt lat="48.204310" lon="-4.317060"><ele>24.0</ele></trkpt>
    <trkpt lat="48.204100" lon="-4.316160"><ele>29.0</ele></trkpt>
    <trkpt lat="48.204030" lon="-4.315990"><ele>33.0</ele></trkpt>
    <trkpt lat="48.203860" lon="-4.315740"><ele>31.0</ele></trkpt>
    <trkpt lat="48.203640" lon="-4.315570"><ele>32.0</ele></trkpt>
    <trkpt lat="48.203480" lon="-4.315590"><ele>35.0</ele></trkpt>
    <trkpt lat="48.202840" lon="-4.315270"><ele>33.0</ele></trkpt>
    <trkpt lat="48.201860" lon="-4.314440"><ele>30.0</ele></trkpt>
    <trkpt lat="48.200000" lon="-4.311760"><ele>26.0</ele></trkpt>
    <trkpt lat="48.199200" lon="-4.310740"><ele>30.0</ele></trkpt>
    <trkpt lat="48.199030" lon="-4.310420"><ele>30.0</ele></trkpt>
    <trkpt lat="48.197770" lon="-4.308440"><ele>35.0</ele></trkpt>
    <trkpt lat="48.196910" lon="-4.306630"><ele>34.0</ele></trkpt>
    <trkpt lat="48.196930" lon="-4.306280"><ele>33.0</ele></trkpt>
    <trkpt lat="48.196710" lon="-4.306050"><ele>30.0</ele></trkpt>
    <trkpt lat="48.196600" lon="-4.305580"><ele>21.0</ele></trkpt>
    <trkpt lat="48.196530" lon="-4.304150"><ele>7.0</ele></trkpt>
    <trkpt lat="48.196450" lon="-4.303550"><ele>7.0</ele></trkpt>
    <trkpt lat="48.196210" lon="-4.303460"><ele>6.0</ele></trkpt>
    <trkpt lat="48.196100" lon="-4.303350"><ele>4.0</ele></trkpt>
    <trkpt lat="48.196020" lon="-4.302970"><ele>5.0</ele></trkpt>
    <trkpt lat="48.195980" lon="-4.302940"><ele>5.0</ele></trkpt>
    <trkpt lat="48.195660" lon="-4.303100"><ele>5.0</ele></trkpt>
    <trkpt lat="48.195270" lon="-4.303420"><ele>3.0</ele></trkpt>
    <trkpt lat="48.193030" lon="-4.302160"><ele>3.0</ele></trkpt>
    <trkpt lat="48.190420" lon="-4.300590"><ele>3.0</ele></trkpt>
    <trkpt lat="48.187300" lon="-4.298400"><ele>3.0</ele></trkpt>
    <trkpt lat="48.184970" lon="-4.296690"><ele>3.0</ele></trkpt>
    <trkpt lat="48.177690" lon="-4.292920"><ele>3.0</ele></trkpt>
    <trkpt lat="48.175580" lon="-4.291030"><ele>5.0</ele></trkpt>
    <trkpt lat="48.175310" lon="-4.290230"><ele>6.0</ele></trkpt>
    <trkpt lat="48.174170" lon="-4.289100"><ele>24.0</ele></trkpt>
    <trkpt lat="48.173650" lon="-4.289740"><ele>24.0</ele></trkpt>
    <trkpt lat="48.173000" lon="-4.290890"><ele>23.0</ele></trkpt>
    <trkpt lat="48.172280" lon="-4.291360"><ele>12.0</ele></trkpt>
    <trkpt lat="48.172160" lon="-4.291730"><ele>5.0</ele></trkpt>
    <trkpt lat="48.171620" lon="-4.291710"><ele>3.0</ele></trkpt>
    <trkpt lat="48.171190" lon="-4.291640"><ele>3.0</ele></trkpt>
    <trkpt lat="48.170860" lon="-4.291640"><ele>2.0</ele></trkpt>
    <trkpt lat="48.170280" lon="-4.291720"><ele>2.0</ele></trkpt>
    <trkpt lat="48.168980" lon="-4.292250"><ele>2.0</ele></trkpt>
    <trkpt lat="48.167740" lon="-4.293660"><ele>2.0</ele></trkpt>
    <trkpt lat="48.167560" lon="-4.293690"><ele>5.0</ele></trkpt>
    <trkpt lat="48.167500" lon="-4.293920"><ele>18.0</ele></trkpt>
    <trkpt lat="48.167410" lon="-4.293900"><ele>9.0</ele></trkpt>
    <trkpt lat="48.167550" lon="-4.294130"><ele>13.0</ele></trkpt>
    <trkpt lat="48.167620" lon="-4.294480"><ele>14.0</ele></trkpt>
    <trkpt lat="48.167770" lon="-4.294740"><ele>13.0</ele></trkpt>
    <trkpt lat="48.167930" lon="-4.294880"><ele>13.0</ele></trkpt>
    <trkpt lat="48.168080" lon="-4.294930"><ele>14.0</ele></trkpt>
    <trkpt lat="48.168190" lon="-4.295110"><ele>13.0</ele></trkpt>
    <trkpt lat="48.168240" lon="-4.295370"><ele>12.0</ele></trkpt>
    <trkpt lat="48.168440" lon="-4.295960"><ele>12.0</ele></trkpt>
    <trkpt lat="48.168610" lon="-4.297150"><ele>14.0</ele></trkpt>
    <trkpt lat="48.168610" lon="-4.297320"><ele>12.0</ele></trkpt>
    <trkpt lat="48.168400" lon="-4.297720"><ele>24.0</ele></trkpt>
    <trkpt lat="48.168170" lon="-4.298020"><ele>24.0</ele></trkpt>
    <trkpt lat="48.167950" lon="-4.298210"><ele>25.0</ele></trkpt>
    <trkpt lat="48.167760" lon="-4.298560"><ele>18.0</ele></trkpt>
    <trkpt lat="48.167700" lon="-4.298580"><ele>21.0</ele></trkpt>
    <trkpt lat="48.167540" lon="-4.298490"><ele>21.0</ele></trkpt>
    <trkpt lat="48.167270" lon="-4.298120"><ele>19.0</ele></trkpt>
    <trkpt lat="48.167140" lon="-4.297370"><ele>19.0</ele></trkpt>
    <trkpt lat="48.167040" lon="-4.297340"><ele>19.0</ele></trkpt>
    <trkpt lat="48.166930" lon="-4.297390"><ele>15.0</ele></trkpt>
    <trkpt lat="48.166730" lon="-4.297180"><ele>16.0</ele></trkpt>
    <trkpt lat="48.166640" lon="-4.297150"><ele>16.0</ele></trkpt>
    <trkpt lat="48.165510" lon="-4.297300"><ele>13.0</ele></trkpt>
    <trkpt lat="48.165370" lon="-4.297080"><ele>13.0</ele></trkpt>
    <trkpt lat="48.165420" lon="-4.296610"><ele>14.0</ele></trkpt>
    <trkpt lat="48.165500" lon="-4.296350"><ele>14.0</ele></trkpt>
    <trkpt lat="48.165630" lon="-4.295540"><ele>16.0</ele></trkpt>
    <trkpt lat="48.165470" lon="-4.295240"><ele>10.0</ele></trkpt>
    <trkpt lat="48.165210" lon="-4.295020"><ele>8.0</ele></trkpt>
    <trkpt lat="48.165100" lon="-4.294850"><ele>8.0</ele></trkpt>
    <trkpt lat="48.164910" lon="-4.294670"><ele>5.0</ele></trkpt>
    <trkpt lat="48.164760" lon="-4.294200"><ele>12.0</ele></trkpt>
    <trkpt lat="48.164730" lon="-4.293990"><ele>16.0</ele></trkpt>
    <trkpt lat="48.164610" lon="-4.293660"><ele>20.0</ele></trkpt>
    <trkpt lat="48.164300" lon="-4.293470"><ele>23.0</ele></trkpt>
    <trkpt lat="48.164210" lon="-4.293490"><ele>23.0</ele></trkpt>
    <trkpt lat="48.164140" lon="-4.293560"><ele>11.0</ele></trkpt>
    <trkpt lat="48.163760" lon="-4.293590"><ele>23.0</ele></trkpt>
    <trkpt lat="48.163550" lon="-4.293530"><ele>23.0</ele></trkpt>
    <trkpt lat="48.163500" lon="-4.293560"><ele>23.0</ele></trkpt>
    <trkpt lat="48.163190" lon="-4.293450"><ele>24.0</ele></trkpt>
    <trkpt lat="48.162930" lon="-4.293450"><ele>24.0</ele></trkpt>
    <trkpt lat="48.162530" lon="-4.293380"><ele>25.0</ele></trkpt>
    <trkpt lat="48.162230" lon="-4.293470"><ele>26.0</ele></trkpt>
    <trkpt lat="48.162110" lon="-4.293530"><ele>28.0</ele></trkpt>
    <trkpt lat="48.161690" lon="-4.294150"><ele>26.0</ele></trkpt>
    <trkpt lat="48.161200" lon="-4.295250"><ele>22.0</ele></trkpt>
    <trkpt lat="48.160830" lon="-4.295110"><ele>25.0</ele></trkpt>
    <trkpt lat="48.160700" lon="-4.294760"><ele>29.0</ele></trkpt>
    <trkpt lat="48.160460" lon="-4.294940"><ele>32.0</ele></trkpt>
    <trkpt lat="48.160280" lon="-4.295360"><ele>35.0</ele></trkpt>
    <trkpt lat="48.160070" lon="-4.295490"><ele>37.0</ele></trkpt>
    <trkpt lat="48.159700" lon="-4.295220"><ele>36.0</ele></trkpt>
    <trkpt lat="48.158640" lon="-4.293940"><ele>32.0</ele></trkpt>
    <trkpt lat="48.158590" lon="-4.293240"><ele>28.0</ele></trkpt>
    <trkpt lat="48.158900" lon="-4.292520"><ele>26.0</ele></trkpt>
    <trkpt lat="48.159440" lon="-4.291890"><ele>26.0</ele></trkpt>
    <trkpt lat="48.160310" lon="-4.291650"><ele>28.0</ele></trkpt>
    <trkpt lat="48.160690" lon="-4.291040"><ele>30.0</ele></trkpt>
    <trkpt lat="48.160860" lon="-4.290180"><ele>28.0</ele></trkpt>
    <trkpt lat="48.160640" lon="-4.289860"><ele>24.0</ele></trkpt>
    <trkpt lat="48.160280" lon="-4.289110"><ele>17.0</ele></trkpt>
    <trkpt lat="48.159490" lon="-4.287300"><ele>14.0</ele></trkpt>
    <trkpt lat="48.159400" lon="-4.287210"><ele>14.0</ele></trkpt>
    <trkpt lat="48.159280" lon="-4.287210"><ele>16.0</ele></trkpt>
    <trkpt lat="48.159150" lon="-4.287280"><ele>16.0</ele></trkpt>
    <trkpt lat="48.158910" lon="-4.287330"><ele>20.0</ele></trkpt>
    <trkpt lat="48.158190" lon="-4.286460"><ele>30.0</ele></trkpt>
    <trkpt lat="48.157620" lon="-4.284940"><ele>32.0</ele></trkpt>
    <trkpt lat="48.158260" lon="-4.284270"><ele>37.0</ele></trkpt>
    <trkpt lat="48.158190" lon="-4.282840"><ele>41.0</ele></trkpt>
    <trkpt lat="48.157970" lon="-4.282250"><ele>42.0</ele></trkpt>
    <trkpt lat="48.157920" lon="-4.280810"><ele>47.0</ele></trkpt>
    <trkpt lat="48.158080" lon="-4.277950"><ele>58.0</ele></trkpt>
    <trkpt lat="48.158740" lon="-4.272090"><ele>48.0</ele></trkpt>
    <trkpt lat="48.158300" lon="-4.271780"><ele>44.0</ele></trkpt>
    <trkpt lat="48.157040" lon="-4.271900"><ele>24.0</ele></trkpt>
    <trkpt lat="48.156750" lon="-4.272120"><ele>23.0</ele></trkpt>
    <trkpt lat="48.156290" lon="-4.272640"><ele>16.0</ele></trkpt>
    <trkpt lat="48.155630" lon="-4.273690"><ele>7.0</ele></trkpt>
    <trkpt lat="48.155140" lon="-4.273670"><ele>5.0</ele></trkpt>
    <trkpt lat="48.152620" lon="-4.272280"><ele>4.0</ele></trkpt>
    <trkpt lat="48.152120" lon="-4.271780"><ele>4.0</ele></trkpt>
    <trkpt lat="48.152000" lon="-4.271810"><ele>4.0</ele></trkpt>
    <trkpt lat="48.152230" lon="-4.270820"><ele>4.0</ele></trkpt>
    <trkpt lat="48.153010" lon="-4.268810"><ele>4.0</ele></trkpt>
    <trkpt lat="48.153910" lon="-4.267120"><ele>4.0</ele></trkpt>
    <trkpt lat="48.154030" lon="-4.266500"><ele>4.0</ele></trkpt>
    <trkpt lat="48.153900" lon="-4.265410"><ele>5.0</ele></trkpt>
    <trkpt lat="48.153960" lon="-4.264550"><ele>5.0</ele></trkpt>
    <trkpt lat="48.153950" lon="-4.264180"><ele>5.0</ele></trkpt>
    <trkpt lat="48.153930" lon="-4.263690"><ele>5.0</ele></trkpt>
    <trkpt lat="48.152210" lon="-4.263050"><ele>14.0</ele></trkpt>
    <trkpt lat="48.152680" lon="-4.261410"><ele>15.0</ele></trkpt>
    <trkpt lat="48.152020" lon="-4.260060"><ele>21.0</ele></trkpt>
    <trkpt lat="48.151730" lon="-4.259930"><ele>21.0</ele></trkpt>
    <trkpt lat="48.151560" lon="-4.259230"><ele>24.0</ele></trkpt>
    <trkpt lat="48.151860" lon="-4.258390"><ele>27.0</ele></trkpt>
    <trkpt lat="48.151810" lon="-4.257490"><ele>32.0</ele></trkpt>
    <trkpt lat="48.152570" lon="-4.256450"><ele>37.0</ele></trkpt>
    <trkpt lat="48.153380" lon="-4.254530"><ele>43.0</ele></trkpt>
    <trkpt lat="48.153660" lon="-4.252630"><ele>44.0</ele></trkpt>
    <trkpt lat="48.155600" lon="-4.254100"><ele>30.0</ele></trkpt>
    <trkpt lat="48.156640" lon="-4.255000"><ele>16.0</ele></trkpt>
    <trkpt lat="48.156880" lon="-4.254330"><ele>15.0</ele></trkpt>
    <trkpt lat="48.157100" lon="-4.254000"><ele>14.0</ele></trkpt>
    <trkpt lat="48.157480" lon="-4.253910"><ele>13.0</ele></trkpt>
    <trkpt lat="48.158000" lon="-4.252770"><ele>13.0</ele></trkpt>
    <trkpt lat="48.158530" lon="-4.252130"><ele>11.0</ele></trkpt>
    <trkpt lat="48.158900" lon="-4.251940"><ele>9.0</ele></trkpt>
    <trkpt lat="48.159690" lon="-4.250860"><ele>8.0</ele></trkpt>
    <trkpt lat="48.159960" lon="-4.250790"><ele>8.0</ele></trkpt>
    <trkpt lat="48.159990" lon="-4.251750"><ele>7.0</ele></trkpt>
    <trkpt lat="48.160150" lon="-4.254050"><ele>9.0</ele></trkpt>
    <trkpt lat="48.160480" lon="-4.253720"><ele>12.0</ele></trkpt>
    <trkpt lat="48.160690" lon="-4.253630"><ele>13.0</ele></trkpt>
    <trkpt lat="48.161060" lon="-4.253120"><ele>16.0</ele></trkpt>
    <trkpt lat="48.162020" lon="-4.254890"><ele>32.0</ele></trkpt>
    <trkpt lat="48.163900" lon="-4.253100"><ele>42.0</ele></trkpt>
    <trkpt lat="48.166190" lon="-4.254780"><ele>54.0</ele></trkpt>
    <trkpt lat="48.167710" lon="-4.253660"><ele>44.0</ele></trkpt>
    <trkpt lat="48.168380" lon="-4.253020"><ele>44.0</ele></trkpt>
    <trkpt lat="48.169520" lon="-4.250510"><ele>45.0</ele></trkpt>
    <trkpt lat="48.170020" lon="-4.250970"><ele>49.0</ele></trkpt>
    <trkpt lat="48.170760" lon="-4.250090"><ele>47.0</ele></trkpt>
    <trkpt lat="48.170740" lon="-4.249460"><ele>45.0</ele></trkpt>
    <trkpt lat="48.170860" lon="-4.248660"><ele>43.0</ele></trkpt>
    <trkpt lat="48.171270" lon="-4.247650"><ele>48.0</ele></trkpt>
    <trkpt lat="48.171350" lon="-4.247630"><ele>49.0</ele></trkpt>
    <trkpt lat="48.173040" lon="-4.248660"><ele>57.0</ele></trkpt>
    <trkpt lat="48.174410" lon="-4.249670"><ele>60.0</ele></trkpt>
    <trkpt lat="48.174560" lon="-4.249690"><ele>60.0</ele></trkpt>
    <trkpt lat="48.175440" lon="-4.250230"><ele>61.0</ele></trkpt>
    <trkpt lat="48.175920" lon="-4.250400"><ele>63.0</ele></trkpt>
    <trkpt lat="48.176730" lon="-4.250570"><ele>63.0</ele></trkpt>
    <trkpt lat="48.176910" lon="-4.250650"><ele>63.0</ele></trkpt>
    <trkpt lat="48.177300" lon="-4.250980"><ele>62.0</ele></trkpt>
    <trkpt lat="48.178090" lon="-4.251800"><ele>58.0</ele></trkpt>
    <trkpt lat="48.178500" lon="-4.252060"><ele>57.0</ele></trkpt>
    <trkpt lat="48.178810" lon="-4.252160"><ele>57.0</ele></trkpt>
    <trkpt lat="48.180910" lon="-4.252400"><ele>55.0</ele></trkpt>
    <trkpt lat="48.180990" lon="-4.251690"><ele>55.0</ele></trkpt>
    <trkpt lat="48.180930" lon="-4.249740"><ele>57.0</ele></trkpt>
    <trkpt lat="48.180960" lon="-4.249370"><ele>58.0</ele></trkpt>
    <trkpt lat="48.181130" lon="-4.249150"><ele>58.0</ele></trkpt>
    <trkpt lat="48.181300" lon="-4.248720"><ele>59.0</ele></trkpt>
    <trkpt lat="48.182120" lon="-4.248610"><ele>60.0</ele></trkpt>
    <trkpt lat="48.182210" lon="-4.248540"><ele>60.0</ele></trkpt>
    <trkpt lat="48.182860" lon="-4.248570"><ele>57.0</ele></trkpt>
    <trkpt lat="48.183680" lon="-4.248850"><ele>52.0</ele></trkpt>
    <trkpt lat="48.184030" lon="-4.249040"><ele>51.0</ele></trkpt>
    <trkpt lat="48.184470" lon="-4.249390"><ele>50.0</ele></trkpt>
    <trkpt lat="48.185110" lon="-4.250000"><ele>50.0</ele></trkpt>
    <trkpt lat="48.185510" lon="-4.250540"><ele>50.0</ele></trkpt>
    <trkpt lat="48.185660" lon="-4.250820"><ele>49.0</ele></trkpt>
    <trkpt lat="48.185830" lon="-4.251290"><ele>49.0</ele></trkpt>
    <trkpt lat="48.185930" lon="-4.251400"><ele>50.0</ele></trkpt>
    <trkpt lat="48.185960" lon="-4.251800"><ele>51.0</ele></trkpt>
    <trkpt lat="48.186100" lon="-4.252300"><ele>52.0</ele></trkpt>
    <trkpt lat="48.186190" lon="-4.252390"><ele>52.0</ele></trkpt>
    <trkpt lat="48.186190" lon="-4.252460"><ele>52.0</ele></trkpt>
    <trkpt lat="48.186260" lon="-4.252410"><ele>52.0</ele></trkpt>
    <trkpt lat="48.186610" lon="-4.252350"><ele>55.0</ele></trkpt>
    <trkpt lat="48.186890" lon="-4.252390"><ele>56.0</ele></trkpt>
    <trkpt lat="48.187610" lon="-4.252320"><ele>62.0</ele></trkpt>
    <trkpt lat="48.188540" lon="-4.248800"><ele>65.0</ele></trkpt>
    <trkpt lat="48.188590" lon="-4.248710"><ele>65.0</ele></trkpt>
    <trkpt lat="48.188780" lon="-4.248650"><ele>66.0</ele></trkpt>
    <trkpt lat="48.188830" lon="-4.248570"><ele>67.0</ele></trkpt>
    <trkpt lat="48.189050" lon="-4.246920"><ele>69.0</ele></trkpt>
    <trkpt lat="48.189080" lon="-4.246060"><ele>69.0</ele></trkpt>
    <trkpt lat="48.189110" lon="-4.245870"><ele>69.0</ele></trkpt>
    <trkpt lat="48.189540" lon="-4.245140"><ele>73.0</ele></trkpt>
    <trkpt lat="48.189730" lon="-4.244400"><ele>75.0</ele></trkpt>
    <trkpt lat="48.189790" lon="-4.244340"><ele>76.0</ele></trkpt>
    <trkpt lat="48.190930" lon="-4.244370"><ele>82.0</ele></trkpt>
    <trkpt lat="48.190960" lon="-4.244320"><ele>82.0</ele></trkpt>
    <trkpt lat="48.190830" lon="-4.242610"><ele>89.0</ele></trkpt>
    <trkpt lat="48.191130" lon="-4.240780"><ele>100.0</ele></trkpt>
    <trkpt lat="48.191830" lon="-4.240960"><ele>109.0</ele></trkpt>
    <trkpt lat="48.194290" lon="-4.241370"><ele>146.0</ele></trkpt>
    <trkpt lat="48.196400" lon="-4.241320"><ele>164.0</ele></trkpt>
    <trkpt lat="48.196480" lon="-4.241250"><ele>165.0</ele></trkpt>
    <trkpt lat="48.196520" lon="-4.240960"><ele>165.0</ele></trkpt>
    <trkpt lat="48.196610" lon="-4.239090"><ele>174.0</ele></trkpt>
    <trkpt lat="48.196690" lon="-4.239020"><ele>174.0</ele></trkpt>
    <trkpt lat="48.196890" lon="-4.238960"><ele>175.0</ele></trkpt>
    <trkpt lat="48.199210" lon="-4.238340"><ele>184.0</ele></trkpt>
    <trkpt lat="48.200220" lon="-4.237660"><ele>190.0</ele></trkpt>
    <trkpt lat="48.200340" lon="-4.237430"><ele>191.0</ele></trkpt>
    <trkpt lat="48.200680" lon="-4.236510"><ele>194.0</ele></trkpt>
    <trkpt lat="48.200820" lon="-4.235030"><ele>194.0</ele></trkpt>
    <trkpt lat="48.200850" lon="-4.234980"><ele>194.0</ele></trkpt>
    <trkpt lat="48.201590" lon="-4.234910"><ele>195.0</ele></trkpt>
    <trkpt lat="48.201830" lon="-4.234790"><ele>195.0</ele></trkpt>
    <trkpt lat="48.202020" lon="-4.234280"><ele>194.0</ele></trkpt>
    <trkpt lat="48.202150" lon="-4.234170"><ele>194.0</ele></trkpt>
    <trkpt lat="48.202190" lon="-4.234240"><ele>194.0</ele></trkpt>
    <trkpt lat="48.202310" lon="-4.234040"><ele>193.0</ele></trkpt>
    <trkpt lat="48.202660" lon="-4.234210"><ele>192.0</ele></trkpt>
    <trkpt lat="48.203120" lon="-4.234260"><ele>189.0</ele></trkpt>
    <trkpt lat="48.203320" lon="-4.234210"><ele>188.0</ele></trkpt>
    <trkpt lat="48.204040" lon="-4.233790"><ele>183.0</ele></trkpt>
    <trkpt lat="48.204210" lon="-4.233740"><ele>183.0</ele></trkpt>
    <trkpt lat="48.204540" lon="-4.233810"><ele>182.0</ele></trkpt>
    <trkpt lat="48.205420" lon="-4.234260"><ele>177.0</ele></trkpt>
    <trkpt lat="48.205580" lon="-4.234300"><ele>178.0</ele></trkpt>
    <trkpt lat="48.205890" lon="-4.234230"><ele>173.0</ele></trkpt>
    <trkpt lat="48.206010" lon="-4.234090"><ele>173.0</ele></trkpt>
    <trkpt lat="48.206190" lon="-4.233550"><ele>170.0</ele></trkpt>
    <trkpt lat="48.206170" lon="-4.233220"><ele>170.0</ele></trkpt>
    <trkpt lat="48.205590" lon="-4.230870"><ele>161.0</ele></trkpt>
    <trkpt lat="48.205470" lon="-4.230030"><ele>161.0</ele></trkpt>
    <trkpt lat="48.205470" lon="-4.229090"><ele>158.0</ele></trkpt>
    <trkpt lat="48.205610" lon="-4.228320"><ele>155.0</ele></trkpt>
    <trkpt lat="48.205950" lon="-4.228180"><ele>153.0</ele></trkpt>
    <trkpt lat="48.206050" lon="-4.228080"><ele>153.0</ele></trkpt>
    <trkpt lat="48.206390" lon="-4.227550"><ele>152.0</ele></trkpt>
    <trkpt lat="48.206830" lon="-4.226720"><ele>153.0</ele></trkpt>
    <trkpt lat="48.207270" lon="-4.227100"><ele>155.0</ele></trkpt>
    <trkpt lat="48.207390" lon="-4.227050"><ele>156.0</ele></trkpt>
    <trkpt lat="48.209750" lon="-4.225030"><ele>156.0</ele></trkpt>
    <trkpt lat="48.210020" lon="-4.224730"><ele>160.0</ele></trkpt>
    <trkpt lat="48.210520" lon="-4.224500"><ele>165.0</ele></trkpt>
    <trkpt lat="48.210810" lon="-4.224540"><ele>169.0</ele></trkpt>
    <trkpt lat="48.211450" lon="-4.223970"><ele>169.0</ele></trkpt>
    <trkpt lat="48.211650" lon="-4.224000"><ele>173.0</ele></trkpt>
    <trkpt lat="48.211760" lon="-4.224140"><ele>174.0</ele></trkpt>
    <trkpt lat="48.211840" lon="-4.224350"><ele>178.0</ele></trkpt>
    <trkpt lat="48.211860" lon="-4.225480"><ele>187.0</ele></trkpt>
    <trkpt lat="48.211960" lon="-4.226020"><ele>190.0</ele></trkpt>
    <trkpt lat="48.212080" lon="-4.226140"><ele>192.0</ele></trkpt>
    <trkpt lat="48.212540" lon="-4.226180"><ele>195.0</ele></trkpt>
    <trkpt lat="48.212750" lon="-4.226400"><ele>198.0</ele></trkpt>
    <trkpt lat="48.212850" lon="-4.226440"><ele>198.0</ele></trkpt>
    <trkpt lat="48.213060" lon="-4.226210"><ele>198.0</ele></trkpt>
    <trkpt lat="48.213750" lon="-4.225180"><ele>198.0</ele></trkpt>
    <trkpt lat="48.213930" lon="-4.225180"><ele>198.0</ele></trkpt>
    <trkpt lat="48.214180" lon="-4.225360"><ele>201.0</ele></trkpt>
    <trkpt lat="48.214430" lon="-4.225390"><ele>204.0</ele></trkpt>
    <trkpt lat="48.214770" lon="-4.225290"><ele>206.0</ele></trkpt>
    <trkpt lat="48.214960" lon="-4.225180"><ele>208.0</ele></trkpt>
    <trkpt lat="48.215010" lon="-4.225130"><ele>208.0</ele></trkpt>
    <trkpt lat="48.215140" lon="-4.224840"><ele>208.0</ele></trkpt>
    <trkpt lat="48.215520" lon="-4.223910"><ele>207.0</ele></trkpt>
    <trkpt lat="48.215640" lon="-4.223740"><ele>207.0</ele></trkpt>
    <trkpt lat="48.215710" lon="-4.223700"><ele>207.0</ele></trkpt>
    <trkpt lat="48.216240" lon="-4.223770"><ele>212.0</ele></trkpt>
    <trkpt lat="48.216890" lon="-4.224140"><ele>219.0</ele></trkpt>
    <trkpt lat="48.217180" lon="-4.224140"><ele>220.0</ele></trkpt>
    <trkpt lat="48.217590" lon="-4.224240"><ele>225.0</ele></trkpt>
    <trkpt lat="48.217850" lon="-4.224100"><ele>225.0</ele></trkpt>
    <trkpt lat="48.217960" lon="-4.224240"><ele>227.0</ele></trkpt>
    <trkpt lat="48.218050" lon="-4.224210"><ele>229.0</ele></trkpt>
    <trkpt lat="48.218140" lon="-4.224350"><ele>229.0</ele></trkpt>
    <trkpt lat="48.218180" lon="-4.224350"><ele>229.0</ele></trkpt>
    <trkpt lat="48.218300" lon="-4.224500"><ele>234.0</ele></trkpt>
    <trkpt lat="48.218420" lon="-4.224890"><ele>237.0</ele></trkpt>
    <trkpt lat="48.218480" lon="-4.224920"><ele>239.0</ele></trkpt>
    <trkpt lat="48.218570" lon="-4.224920"><ele>242.0</ele></trkpt>
    <trkpt lat="48.218820" lon="-4.224750"><ele>245.0</ele></trkpt>
    <trkpt lat="48.219000" lon="-4.224520"><ele>249.0</ele></trkpt>
    <trkpt lat="48.219210" lon="-4.224330"><ele>254.0</ele></trkpt>
    <trkpt lat="48.219290" lon="-4.224310"><ele>254.0</ele></trkpt>
    <trkpt lat="48.219940" lon="-4.223840"><ele>260.0</ele></trkpt>
    <trkpt lat="48.220030" lon="-4.223840"><ele>260.0</ele></trkpt>
    <trkpt lat="48.220370" lon="-4.223700"><ele>260.0</ele></trkpt>
    <trkpt lat="48.220590" lon="-4.224570"><ele>271.0</ele></trkpt>
    <trkpt lat="48.220870" lon="-4.224820"><ele>271.0</ele></trkpt>
    <trkpt lat="48.221300" lon="-4.224960"><ele>271.0</ele></trkpt>
    <trkpt lat="48.221320" lon="-4.225110"><ele>270.0</ele></trkpt>
    <trkpt lat="48.221090" lon="-4.225670"><ele>276.0</ele></trkpt>
    <trkpt lat="48.220920" lon="-4.226250"><ele>281.0</ele></trkpt>
    <trkpt lat="48.220810" lon="-4.226440"><ele>284.0</ele></trkpt>
    <trkpt lat="48.220780" lon="-4.226940"><ele>289.0</ele></trkpt>
    <trkpt lat="48.220840" lon="-4.227520"><ele>290.0</ele></trkpt>
    <trkpt lat="48.220810" lon="-4.227550"><ele>290.0</ele></trkpt>
    <trkpt lat="48.220560" lon="-4.227480"><ele>294.0</ele></trkpt>
    <trkpt lat="48.220490" lon="-4.227570"><ele>297.0</ele></trkpt>
    <trkpt lat="48.220620" lon="-4.228300"><ele>303.0</ele></trkpt>
    <trkpt lat="48.220620" lon="-4.228440"><ele>303.0</ele></trkpt>
    <trkpt lat="48.220370" lon="-4.229400"><ele>312.0</ele></trkpt>
    <trkpt lat="48.220330" lon="-4.229870"><ele>312.0</ele></trkpt>
    <trkpt lat="48.220350" lon="-4.230500"><ele>315.0</ele></trkpt>
    <trkpt lat="48.220190" lon="-4.231490"><ele>318.0</ele></trkpt>
    <trkpt lat="48.220070" lon="-4.232050"><ele>320.0</ele></trkpt>
    <trkpt lat="48.219900" lon="-4.232590"><ele>323.0</ele></trkpt>
    <trkpt lat="48.220020" lon="-4.233760"><ele>328.0</ele></trkpt>
    <trkpt lat="48.220010" lon="-4.233970"><ele>328.0</ele></trkpt>
    <trkpt lat="48.219790" lon="-4.235120"><ele>327.0</ele></trkpt>
    <trkpt lat="48.219650" lon="-4.235310"><ele>326.0</ele></trkpt>
    <trkpt lat="48.219770" lon="-4.235690"><ele>324.0</ele></trkpt>
    <trkpt lat="48.219720" lon="-4.235980"><ele>321.0</ele></trkpt>
    <trkpt lat="48.219690" lon="-4.236590"><ele>315.0</ele></trkpt>
    <trkpt lat="48.219680" lon="-4.238500"><ele>300.0</ele></trkpt>
    <trkpt lat="48.219760" lon="-4.239340"><ele>279.0</ele></trkpt>
    <trkpt lat="48.219750" lon="-4.240310"><ele>259.0</ele></trkpt>
    <trkpt lat="48.219800" lon="-4.241190"><ele>253.0</ele></trkpt>
    <trkpt lat="48.220130" lon="-4.241040"><ele>251.0</ele></trkpt>
    <trkpt lat="48.220370" lon="-4.240870"><ele>251.0</ele></trkpt>
    <trkpt lat="48.220960" lon="-4.240350"><ele>244.0</ele></trkpt>
    <trkpt lat="48.221400" lon="-4.240190"><ele>241.0</ele></trkpt>
    <trkpt lat="48.221710" lon="-4.240170"><ele>238.0</ele></trkpt>
    <trkpt lat="48.221870" lon="-4.240170"><ele>236.0</ele></trkpt>
    <trkpt lat="48.222480" lon="-4.240430"><ele>232.0</ele></trkpt>
    <trkpt lat="48.223920" lon="-4.240590"><ele>221.0</ele></trkpt>
    <trkpt lat="48.224100" lon="-4.240640"><ele>220.0</ele></trkpt>
    <trkpt lat="48.224270" lon="-4.240750"><ele>219.0</ele></trkpt>
    <trkpt lat="48.224480" lon="-4.240960"><ele>218.0</ele></trkpt>
    <trkpt lat="48.224620" lon="-4.241010"><ele>217.0</ele></trkpt>
    <trkpt lat="48.224770" lon="-4.240930"><ele>216.0</ele></trkpt>
    <trkpt lat="48.224820" lon="-4.240050"><ele>213.0</ele></trkpt>
    <trkpt lat="48.224910" lon="-4.239750"><ele>210.0</ele></trkpt>
    <trkpt lat="48.225140" lon="-4.239490"><ele>207.0</ele></trkpt>
    <trkpt lat="48.225240" lon="-4.239020"><ele>204.0</ele></trkpt>
    <trkpt lat="48.225370" lon="-4.237920"><ele>203.0</ele></trkpt>
    <trkpt lat="48.225630" lon="-4.237020"><ele>197.0</ele></trkpt>
    <trkpt lat="48.226230" lon="-4.235170"><ele>191.0</ele></trkpt>
    <trkpt lat="48.226280" lon="-4.234790"><ele>191.0</ele></trkpt>
    <trkpt lat="48.226260" lon="-4.234370"><ele>191.0</ele></trkpt>
    <trkpt lat="48.226280" lon="-4.233950"><ele>190.0</ele></trkpt>
    <trkpt lat="48.226420" lon="-4.233270"><ele>189.0</ele></trkpt>
    <trkpt lat="48.226460" lon="-4.232710"><ele>189.0</ele></trkpt>
    <trkpt lat="48.226630" lon="-4.231910"><ele>189.0</ele></trkpt>
    <trkpt lat="48.226660" lon="-4.231630"><ele>189.0</ele></trkpt>
    <trkpt lat="48.226630" lon="-4.230810"><ele>190.0</ele></trkpt>
    <trkpt lat="48.226580" lon="-4.230290"><ele>191.0</ele></trkpt>
    <trkpt lat="48.226170" lon="-4.228720"><ele>190.0</ele></trkpt>
    <trkpt lat="48.225610" lon="-4.227400"><ele>190.0</ele></trkpt>
    <trkpt lat="48.225600" lon="-4.227080"><ele>189.0</ele></trkpt>
    <trkpt lat="48.225670" lon="-4.226710"><ele>189.0</ele></trkpt>
    <trkpt lat="48.225740" lon="-4.226630"><ele>188.0</ele></trkpt>
    <trkpt lat="48.225960" lon="-4.226510"><ele>187.0</ele></trkpt>
    <trkpt lat="48.226210" lon="-4.225830"><ele>187.0</ele></trkpt>
    <trkpt lat="48.226680" lon="-4.225150"><ele>182.0</ele></trkpt>
    <trkpt lat="48.226750" lon="-4.224960"><ele>183.0</ele></trkpt>
    <trkpt lat="48.227080" lon="-4.223460"><ele>181.0</ele></trkpt>
    <trkpt lat="48.227200" lon="-4.222690"><ele>180.0</ele></trkpt>
    <trkpt lat="48.227400" lon="-4.221700"><ele>178.0</ele></trkpt>
    <trkpt lat="48.227700" lon="-4.220690"><ele>172.0</ele></trkpt>
    <trkpt lat="48.227730" lon="-4.220460"><ele>172.0</ele></trkpt>
    <trkpt lat="48.227720" lon="-4.219760"><ele>170.0</ele></trkpt>
    <trkpt lat="48.227750" lon="-4.219050"><ele>170.0</ele></trkpt>
    <trkpt lat="48.227700" lon="-4.218230"><ele>168.0</ele></trkpt>
    <trkpt lat="48.227560" lon="-4.217410"><ele>169.0</ele></trkpt>
    <trkpt lat="48.227200" lon="-4.215910"><ele>169.0</ele></trkpt>
    <trkpt lat="48.226740" lon="-4.214200"><ele>165.0</ele></trkpt>
    <trkpt lat="48.226580" lon="-4.213380"><ele>160.0</ele></trkpt>
    <trkpt lat="48.226500" lon="-4.212820"><ele>157.0</ele></trkpt>
    <trkpt lat="48.226530" lon="-4.212250"><ele>153.0</ele></trkpt>
    <trkpt lat="48.226340" lon="-4.211370"><ele>146.0</ele></trkpt>
    <trkpt lat="48.225920" lon="-4.210400"><ele>140.0</ele></trkpt>
    <trkpt lat="48.225700" lon="-4.210090"><ele>140.0</ele></trkpt>
    <trkpt lat="48.225420" lon="-4.209480"><ele>137.0</ele></trkpt>
    <trkpt lat="48.225310" lon="-4.208890"><ele>132.0</ele></trkpt>
    <trkpt lat="48.225010" lon="-4.206550"><ele>116.0</ele></trkpt>
    <trkpt lat="48.224640" lon="-4.205160"><ele>105.0</ele></trkpt>
    <trkpt lat="48.224420" lon="-4.204830"><ele>100.0</ele></trkpt>
    <trkpt lat="48.224390" lon="-4.204720"><ele>97.0</ele></trkpt>
    <trkpt lat="48.224550" lon="-4.203500"><ele>83.0</ele></trkpt>
    <trkpt lat="48.224590" lon="-4.202840"><ele>78.0</ele></trkpt>
    <trkpt lat="48.224520" lon="-4.202140"><ele>72.0</ele></trkpt>
    <trkpt lat="48.224540" lon="-4.201810"><ele>70.0</ele></trkpt>
    <trkpt lat="48.224920" lon="-4.200750"><ele>61.0</ele></trkpt>
    <trkpt lat="48.225080" lon="-4.200450"><ele>58.0</ele></trkpt>
    <trkpt lat="48.225100" lon="-4.200350"><ele>58.0</ele></trkpt>
    <trkpt lat="48.225060" lon="-4.200170"><ele>55.0</ele></trkpt>
    <trkpt lat="48.224840" lon="-4.199840"><ele>54.0</ele></trkpt>
    <trkpt lat="48.224680" lon="-4.199430"><ele>46.0</ele></trkpt>
    <trkpt lat="48.225120" lon="-4.198990"><ele>42.0</ele></trkpt>
    <trkpt lat="48.225140" lon="-4.198410"><ele>37.0</ele></trkpt>
    <trkpt lat="48.224970" lon="-4.197450"><ele>33.0</ele></trkpt>
    <trkpt lat="48.225170" lon="-4.196370"><ele>28.0</ele></trkpt>
    <trkpt lat="48.225760" lon="-4.196200"><ele>25.0</ele></trkpt>
    <trkpt lat="48.226100" lon="-4.196270"><ele>25.0</ele></trkpt>
    <trkpt lat="48.226430" lon="-4.196480"><ele>25.0</ele></trkpt>
    <trkpt lat="48.227030" lon="-4.197370"><ele>25.0</ele></trkpt>
    <trkpt lat="48.229390" lon="-4.201330"><ele>18.0</ele></trkpt>
    <trkpt lat="48.229890" lon="-4.201950"><ele>16.0</ele></trkpt>
    <trkpt lat="48.230690" lon="-4.202680"><ele>15.0</ele></trkpt>
    <trkpt lat="48.231490" lon="-4.203080"><ele>15.0</ele></trkpt>
    <trkpt lat="48.232120" lon="-4.203450"><ele>14.0</ele></trkpt>
    <trkpt lat="48.232330" lon="-4.203620"><ele>14.0</ele></trkpt>
    <trkpt lat="48.232690" lon="-4.204130"><ele>12.0</ele></trkpt>
    <trkpt lat="48.232930" lon="-4.204300"><ele>12.0</ele></trkpt>
    <trkpt lat="48.233220" lon="-4.204440"><ele>12.0</ele></trkpt>
    <trkpt lat="48.233700" lon="-4.204550"><ele>11.0</ele></trkpt>
    <trkpt lat="48.235580" lon="-4.204460"><ele>8.0</ele></trkpt>
    <trkpt lat="48.235840" lon="-4.204480"><ele>8.0</ele></trkpt>
    <trkpt lat="48.236880" lon="-4.204920"><ele>7.0</ele></trkpt>
    <trkpt lat="48.236900" lon="-4.205060"><ele>6.0</ele></trkpt>
    <trkpt lat="48.236850" lon="-4.205520"><ele>8.0</ele></trkpt>
    <trkpt lat="48.236860" lon="-4.205660"><ele>8.0</ele></trkpt>
    <trkpt lat="48.237200" lon="-4.206240"><ele>10.0</ele></trkpt>
    <trkpt lat="48.237450" lon="-4.206570"><ele>10.0</ele></trkpt>
    <trkpt lat="48.238330" lon="-4.207230"><ele>10.0</ele></trkpt>
    <trkpt lat="48.239380" lon="-4.208100"><ele>13.0</ele></trkpt>
    <trkpt lat="48.239790" lon="-4.208570"><ele>14.0</ele></trkpt>
    <trkpt lat="48.240180" lon="-4.208750"><ele>16.0</ele></trkpt>
    <trkpt lat="48.240680" lon="-4.209250"><ele>19.0</ele></trkpt>
    <trkpt lat="48.241240" lon="-4.209670"><ele>23.0</ele></trkpt>
    <trkpt lat="48.241470" lon="-4.209950"><ele>25.0</ele></trkpt>
    <trkpt lat="48.242380" lon="-4.212040"><ele>25.0</ele></trkpt>
    <trkpt lat="48.242460" lon="-4.212530"><ele>24.0</ele></trkpt>
    <trkpt lat="48.242240" lon="-4.214200"><ele>17.0</ele></trkpt>
    <trkpt lat="48.242150" lon="-4.214590"><ele>17.0</ele></trkpt>
    <trkpt lat="48.241610" lon="-4.215490"><ele>13.0</ele></trkpt>
    <trkpt lat="48.241590" lon="-4.215800"><ele>13.0</ele></trkpt>
    <trkpt lat="48.241630" lon="-4.215980"><ele>13.0</ele></trkpt>
    <trkpt lat="48.241930" lon="-4.216590"><ele>18.0</ele></trkpt>
    <trkpt lat="48.242020" lon="-4.216990"><ele>18.0</ele></trkpt>
    <trkpt lat="48.242030" lon="-4.217220"><ele>20.0</ele></trkpt>
    <trkpt lat="48.241900" lon="-4.217980"><ele>24.0</ele></trkpt>
    <trkpt lat="48.242110" lon="-4.218070"><ele>26.0</ele></trkpt>
    <trkpt lat="48.242280" lon="-4.218020"><ele>25.0</ele></trkpt>
    <trkpt lat="48.242410" lon="-4.217830"><ele>26.0</ele></trkpt>
    <trkpt lat="48.242890" lon="-4.216890"><ele>30.0</ele></trkpt>
    <trkpt lat="48.243050" lon="-4.216760"><ele>34.0</ele></trkpt>
    <trkpt lat="48.243700" lon="-4.217010"><ele>43.0</ele></trkpt>
    <trkpt lat="48.244110" lon="-4.217270"><ele>50.0</ele></trkpt>
    <trkpt lat="48.244560" lon="-4.217810"><ele>55.0</ele></trkpt>
    <trkpt lat="48.246030" lon="-4.218860"><ele>60.0</ele></trkpt>
    <trkpt lat="48.246410" lon="-4.219080"><ele>60.0</ele></trkpt>
    <trkpt lat="48.247460" lon="-4.219470"><ele>60.0</ele></trkpt>
    <trkpt lat="48.247640" lon="-4.219620"><ele>60.0</ele></trkpt>
    <trkpt lat="48.248520" lon="-4.220880"><ele>60.0</ele></trkpt>
    <trkpt lat="48.248570" lon="-4.221060"><ele>61.0</ele></trkpt>
    <trkpt lat="48.248920" lon="-4.220530"><ele>53.0</ele></trkpt>
    <trkpt lat="48.249340" lon="-4.220180"><ele>49.0</ele></trkpt>
    <trkpt lat="48.249690" lon="-4.220040"><ele>45.0</ele></trkpt>
    <trkpt lat="48.250010" lon="-4.219980"><ele>43.0</ele></trkpt>
    <trkpt lat="48.251290" lon="-4.220250"><ele>34.0</ele></trkpt>
    <trkpt lat="48.251560" lon="-4.220460"><ele>33.0</ele></trkpt>
    <trkpt lat="48.251640" lon="-4.220570"><ele>33.0</ele></trkpt>
    <trkpt lat="48.251780" lon="-4.221140"><ele>32.0</ele></trkpt>
    <trkpt lat="48.251760" lon="-4.221430"><ele>31.0</ele></trkpt>
    <trkpt lat="48.251360" lon="-4.222740"><ele>27.0</ele></trkpt>
    <trkpt lat="48.251300" lon="-4.223060"><ele>28.0</ele></trkpt>
    <trkpt lat="48.251290" lon="-4.224890"><ele>23.0</ele></trkpt>
    <trkpt lat="48.250960" lon="-4.225740"><ele>21.0</ele></trkpt>
    <trkpt lat="48.250520" lon="-4.227480"><ele>20.0</ele></trkpt>
    <trkpt lat="48.250400" lon="-4.228190"><ele>20.0</ele></trkpt>
    <trkpt lat="48.250670" lon="-4.228320"><ele>12.0</ele></trkpt>
    <trkpt lat="48.250640" lon="-4.228600"><ele>10.0</ele></trkpt>
    <trkpt lat="48.250710" lon="-4.228740"><ele>10.0</ele></trkpt>
    <trkpt lat="48.251140" lon="-4.229010"><ele>6.0</ele></trkpt>
    <trkpt lat="48.251000" lon="-4.229450"><ele>5.0</ele></trkpt>
    <trkpt lat="48.250450" lon="-4.231590"><ele>4.0</ele></trkpt>
    <trkpt lat="48.250120" lon="-4.232680"><ele>6.0</ele></trkpt>
    <trkpt lat="48.249990" lon="-4.233460"><ele>13.0</ele></trkpt>
    <trkpt lat="48.249970" lon="-4.233860"><ele>14.0</ele></trkpt>
    <trkpt lat="48.250020" lon="-4.235100"><ele>18.0</ele></trkpt>
    <trkpt lat="48.250100" lon="-4.235780"><ele>18.0</ele></trkpt>
    <trkpt lat="48.250380" lon="-4.237200"><ele>20.0</ele></trkpt>
    <trkpt lat="48.250770" lon="-4.237630"><ele>19.0</ele></trkpt>
    <trkpt lat="48.250850" lon="-4.237990"><ele>14.0</ele></trkpt>
    <trkpt lat="48.250850" lon="-4.238290"><ele>14.0</ele></trkpt>
    <trkpt lat="48.250780" lon="-4.238970"><ele>18.0</ele></trkpt>
    <trkpt lat="48.250790" lon="-4.240030"><ele>15.0</ele></trkpt>
    <trkpt lat="48.250740" lon="-4.240730"><ele>15.0</ele></trkpt>
    <trkpt lat="48.250660" lon="-4.241270"><ele>15.0</ele></trkpt>
    <trkpt lat="48.250500" lon="-4.241970"><ele>16.0</ele></trkpt>
    <trkpt lat="48.250280" lon="-4.242680"><ele>9.0</ele></trkpt>
    <trkpt lat="48.250100" lon="-4.242940"><ele>6.0</ele></trkpt>
    <trkpt lat="48.249840" lon="-4.243150"><ele>4.0</ele></trkpt>
    <trkpt lat="48.249510" lon="-4.243220"><ele>2.0</ele></trkpt>
    <trkpt lat="48.249220" lon="-4.243120"><ele>2.0</ele></trkpt>
    <trkpt lat="48.248790" lon="-4.242840"><ele>4.0</ele></trkpt>
    <trkpt lat="48.248760" lon="-4.242950"><ele>4.0</ele></trkpt>
    <trkpt lat="48.248760" lon="-4.243040"><ele>4.0</ele></trkpt>
    <trkpt lat="48.248850" lon="-4.243150"><ele>5.0</ele></trkpt>
    <trkpt lat="48.248950" lon="-4.243480"><ele>6.0</ele></trkpt>
    <trkpt lat="48.249110" lon="-4.243850"><ele>11.0</ele></trkpt>
    <trkpt lat="48.249400" lon="-4.244040"><ele>11.0</ele></trkpt>
    <trkpt lat="48.249860" lon="-4.244160"><ele>12.0</ele></trkpt>
    <trkpt lat="48.250130" lon="-4.244300"><ele>13.0</ele></trkpt>
    <trkpt lat="48.250350" lon="-4.244530"><ele>11.0</ele></trkpt>
    <trkpt lat="48.250690" lon="-4.244770"><ele>9.0</ele></trkpt>
    <trkpt lat="48.250780" lon="-4.244910"><ele>10.0</ele></trkpt>
    <trkpt lat="48.250790" lon="-4.245050"><ele>10.0</ele></trkpt>
    <trkpt lat="48.250750" lon="-4.245520"><ele>7.0</ele></trkpt>
    <trkpt lat="48.250840" lon="-4.245990"><ele>6.0</ele></trkpt>
    <trkpt lat="48.250730" lon="-4.246480"><ele>6.0</ele></trkpt>
    <trkpt lat="48.250760" lon="-4.246830"><ele>6.0</ele></trkpt>
    <trkpt lat="48.250610" lon="-4.247670"><ele>6.0</ele></trkpt>
    <trkpt lat="48.250630" lon="-4.247840"><ele>5.0</ele></trkpt>
    <trkpt lat="48.250580" lon="-4.248140"><ele>6.0</ele></trkpt>
    <trkpt lat="48.250470" lon="-4.248460"><ele>6.0</ele></trkpt>
    <trkpt lat="48.250450" lon="-4.248610"><ele>6.0</ele></trkpt>
    <trkpt lat="48.250480" lon="-4.248710"><ele>7.0</ele></trkpt>
    <trkpt lat="48.250600" lon="-4.248820"><ele>8.0</ele></trkpt>
    <trkpt lat="48.250620" lon="-4.248940"><ele>13.0</ele></trkpt>
    <trkpt lat="48.250110" lon="-4.249860"><ele>17.0</ele></trkpt>
    <trkpt lat="48.249760" lon="-4.250330"><ele>17.0</ele></trkpt>
    <trkpt lat="48.249120" lon="-4.251310"><ele>23.0</ele></trkpt>
    <trkpt lat="48.248750" lon="-4.252010"><ele>30.0</ele></trkpt>
    <trkpt lat="48.248700" lon="-4.252230"><ele>28.0</ele></trkpt>
    <trkpt lat="48.248750" lon="-4.252480"><ele>33.0</ele></trkpt>
    <trkpt lat="48.248920" lon="-4.252250"><ele>34.0</ele></trkpt>
    <trkpt lat="48.249530" lon="-4.251690"><ele>33.0</ele></trkpt>
    <trkpt lat="48.250100" lon="-4.251240"><ele>38.0</ele></trkpt>
    <trkpt lat="48.250430" lon="-4.251080"><ele>41.0</ele></trkpt>
    <trkpt lat="48.250640" lon="-4.251080"><ele>45.0</ele></trkpt>
    <trkpt lat="48.250840" lon="-4.251200"><ele>47.0</ele></trkpt>
    <trkpt lat="48.250760" lon="-4.251360"><ele>50.0</ele></trkpt>
    <trkpt lat="48.250720" lon="-4.251640"><ele>52.0</ele></trkpt>
    <trkpt lat="48.250490" lon="-4.252110"><ele>56.0</ele></trkpt>
    <trkpt lat="48.250470" lon="-4.252410"><ele>60.0</ele></trkpt>
    <trkpt lat="48.250320" lon="-4.252850"><ele>60.0</ele></trkpt>
    <trkpt lat="48.250250" lon="-4.252930"><ele>60.0</ele></trkpt>
    <trkpt lat="48.250140" lon="-4.253230"><ele>60.0</ele></trkpt>
    <trkpt lat="48.250100" lon="-4.253660"><ele>60.0</ele></trkpt>
    <trkpt lat="48.250170" lon="-4.253850"><ele>62.0</ele></trkpt>
    <trkpt lat="48.250010" lon="-4.254680"><ele>65.0</ele></trkpt>
    <trkpt lat="48.249840" lon="-4.255370"><ele>68.0</ele></trkpt>
    <trkpt lat="48.249810" lon="-4.256030"><ele>68.0</ele></trkpt>
    <trkpt lat="48.249890" lon="-4.257080"><ele>68.0</ele></trkpt>
    <trkpt lat="48.249890" lon="-4.257390"><ele>67.0</ele></trkpt>
    <trkpt lat="48.249860" lon="-4.257760"><ele>66.0</ele></trkpt>
    <trkpt lat="48.249550" lon="-4.259100"><ele>64.0</ele></trkpt>
    <trkpt lat="48.249610" lon="-4.259100"><ele>65.0</ele></trkpt>
    <trkpt lat="48.249760" lon="-4.259230"><ele>64.0</ele></trkpt>
    <trkpt lat="48.249900" lon="-4.259450"><ele>64.0</ele></trkpt>
    <trkpt lat="48.250040" lon="-4.259870"><ele>64.0</ele></trkpt>
    <trkpt lat="48.250060" lon="-4.260200"><ele>65.0</ele></trkpt>
    <trkpt lat="48.250010" lon="-4.260830"><ele>68.0</ele></trkpt>
    <trkpt lat="48.250070" lon="-4.260910"><ele>70.0</ele></trkpt>
    <trkpt lat="48.250860" lon="-4.261190"><ele>72.0</ele></trkpt>
    <trkpt lat="48.251040" lon="-4.261380"><ele>74.0</ele></trkpt>
    <trkpt lat="48.252180" lon="-4.263020"><ele>67.0</ele></trkpt>
    <trkpt lat="48.252810" lon="-4.264190"><ele>53.0</ele></trkpt>
    <trkpt lat="48.252930" lon="-4.264540"><ele>50.0</ele></trkpt>
    <trkpt lat="48.253060" lon="-4.265430"><ele>46.0</ele></trkpt>
    <trkpt lat="48.253120" lon="-4.265580"><ele>46.0</ele></trkpt>
    <trkpt lat="48.253310" lon="-4.265780"><ele>43.0</ele></trkpt>
    <trkpt lat="48.253320" lon="-4.266260"><ele>43.0</ele></trkpt>
    <trkpt lat="48.253420" lon="-4.266560"><ele>41.0</ele></trkpt>
    <trkpt lat="48.253520" lon="-4.266800"><ele>39.0</ele></trkpt>
    <trkpt lat="48.253910" lon="-4.267170"><ele>37.0</ele></trkpt>
    <trkpt lat="48.254000" lon="-4.267330"><ele>36.0</ele></trkpt>
    <trkpt lat="48.254340" lon="-4.268840"><ele>32.0</ele></trkpt>
    <trkpt lat="48.254710" lon="-4.269730"><ele>24.0</ele></trkpt>
    <trkpt lat="48.255070" lon="-4.270810"><ele>21.0</ele></trkpt>
    <trkpt lat="48.255230" lon="-4.271020"><ele>18.0</ele></trkpt>
    <trkpt lat="48.255350" lon="-4.271090"><ele>17.0</ele></trkpt>
    <trkpt lat="48.256610" lon="-4.271600"><ele>9.0</ele></trkpt>
    <trkpt lat="48.257160" lon="-4.271930"><ele>8.0</ele></trkpt>
    <trkpt lat="48.257770" lon="-4.272360"><ele>9.0</ele></trkpt>
    <trkpt lat="48.258340" lon="-4.273130"><ele>15.0</ele></trkpt>
    <trkpt lat="48.258970" lon="-4.273840"><ele>16.0</ele></trkpt>
    <trkpt lat="48.259110" lon="-4.273600"><ele>16.0</ele></trkpt>
    <trkpt lat="48.259510" lon="-4.272640"><ele>14.0</ele></trkpt>
    <trkpt lat="48.259990" lon="-4.271160"><ele>17.0</ele></trkpt>
    <trkpt lat="48.260920" lon="-4.267320"><ele>23.0</ele></trkpt>
    <trkpt lat="48.261230" lon="-4.265810"><ele>23.0</ele></trkpt>
    <trkpt lat="48.261390" lon="-4.265650"><ele>26.0</ele></trkpt>
    <trkpt lat="48.261480" lon="-4.265690"><ele>28.0</ele></trkpt>
    <trkpt lat="48.261540" lon="-4.265780"><ele>29.0</ele></trkpt>
    <trkpt lat="48.261710" lon="-4.264920"><ele>28.0</ele></trkpt>
    <trkpt lat="48.261840" lon="-4.264030"><ele>30.0</ele></trkpt>
    <trkpt lat="48.262010" lon="-4.262410"><ele>29.0</ele></trkpt>
    <trkpt lat="48.262240" lon="-4.261560"><ele>26.0</ele></trkpt>
    <trkpt lat="48.262440" lon="-4.261070"><ele>25.0</ele></trkpt>
    <trkpt lat="48.263480" lon="-4.259260"><ele>18.0</ele></trkpt>
    <trkpt lat="48.263520" lon="-4.258940"><ele>17.0</ele></trkpt>
    <trkpt lat="48.263460" lon="-4.258420"><ele>17.0</ele></trkpt>
    <trkpt lat="48.263470" lon="-4.258140"><ele>18.0</ele></trkpt>
    <trkpt lat="48.263510" lon="-4.257680"><ele>20.0</ele></trkpt>
    <trkpt lat="48.263580" lon="-4.257480"><ele>23.0</ele></trkpt>
    <trkpt lat="48.263660" lon="-4.257390"><ele>19.0</ele></trkpt>
    <trkpt lat="48.264460" lon="-4.257460"><ele>9.0</ele></trkpt>
    <trkpt lat="48.264760" lon="-4.257580"><ele>7.0</ele></trkpt>
    <trkpt lat="48.264970" lon="-4.257840"><ele>6.0</ele></trkpt>
    <trkpt lat="48.265050" lon="-4.258000"><ele>4.0</ele></trkpt>
    <trkpt lat="48.265120" lon="-4.258350"><ele>6.0</ele></trkpt>
    <trkpt lat="48.265240" lon="-4.258700"><ele>8.0</ele></trkpt>
    <trkpt lat="48.265510" lon="-4.259220"><ele>8.0</ele></trkpt>
    <trkpt lat="48.265820" lon="-4.259500"><ele>8.0</ele></trkpt>
    <trkpt lat="48.266050" lon="-4.259620"><ele>9.0</ele></trkpt>
    <trkpt lat="48.266460" lon="-4.260060"><ele>6.0</ele></trkpt>
    <trkpt lat="48.266620" lon="-4.260340"><ele>6.0</ele></trkpt>
    <trkpt lat="48.266800" lon="-4.261140"><ele>11.0</ele></trkpt>
    <trkpt lat="48.267010" lon="-4.261610"><ele>10.0</ele></trkpt>
    <trkpt lat="48.267280" lon="-4.262850"><ele>11.0</ele></trkpt>
    <trkpt lat="48.267560" lon="-4.263850"><ele>12.0</ele></trkpt>
    <trkpt lat="48.267780" lon="-4.264920"><ele>14.0</ele></trkpt>
    <trkpt lat="48.267800" lon="-4.265250"><ele>13.0</ele></trkpt>
    <trkpt lat="48.268140" lon="-4.266770"><ele>12.0</ele></trkpt>
    <trkpt lat="48.268370" lon="-4.267050"><ele>13.0</ele></trkpt>
    <trkpt lat="48.268470" lon="-4.267660"><ele>20.0</ele></trkpt>
    <trkpt lat="48.268490" lon="-4.268170"><ele>21.0</ele></trkpt>
    <trkpt lat="48.268460" lon="-4.268770"><ele>21.0</ele></trkpt>
    <trkpt lat="48.268500" lon="-4.268880"><ele>23.0</ele></trkpt>
    <trkpt lat="48.268600" lon="-4.269000"><ele>21.0</ele></trkpt>
    <trkpt lat="48.269070" lon="-4.269280"><ele>21.0</ele></trkpt>
    <trkpt lat="48.269210" lon="-4.269560"><ele>22.0</ele></trkpt>
    <trkpt lat="48.269230" lon="-4.269820"><ele>23.0</ele></trkpt>
    <trkpt lat="48.269190" lon="-4.270060"><ele>22.0</ele></trkpt>
    <trkpt lat="48.269250" lon="-4.270150"><ele>20.0</ele></trkpt>
    <trkpt lat="48.269480" lon="-4.270200"><ele>21.0</ele></trkpt>
    <trkpt lat="48.269710" lon="-4.270430"><ele>25.0</ele></trkpt>
    <trkpt lat="48.270090" lon="-4.271230"><ele>25.0</ele></trkpt>
    <trkpt lat="48.270230" lon="-4.271420"><ele>22.0</ele></trkpt>
    <trkpt lat="48.270410" lon="-4.271560"><ele>22.0</ele></trkpt>
    <trkpt lat="48.270620" lon="-4.271890"><ele>22.0</ele></trkpt>
    <trkpt lat="48.270750" lon="-4.272290"><ele>22.0</ele></trkpt>
    <trkpt lat="48.270730" lon="-4.272450"><ele>19.0</ele></trkpt>
    <trkpt lat="48.271090" lon="-4.273410"><ele>22.0</ele></trkpt>
    <trkpt lat="48.271410" lon="-4.274770"><ele>22.0</ele></trkpt>
    <trkpt lat="48.271490" lon="-4.274870"><ele>20.0</ele></trkpt>
    <trkpt lat="48.271660" lon="-4.275920"><ele>20.0</ele></trkpt>
    <trkpt lat="48.271690" lon="-4.276440"><ele>20.0</ele></trkpt>
    <trkpt lat="48.271650" lon="-4.277990"><ele>15.0</ele></trkpt>
    <trkpt lat="48.271610" lon="-4.278390"><ele>16.0</ele></trkpt>
    <trkpt lat="48.271410" lon="-4.279140"><ele>13.0</ele></trkpt>
    <trkpt lat="48.271410" lon="-4.279460"><ele>13.0</ele></trkpt>
    <trkpt lat="48.271730" lon="-4.280820"><ele>29.0</ele></trkpt>
    <trkpt lat="48.272930" lon="-4.278860"><ele>26.0</ele></trkpt>
    <trkpt lat="48.273140" lon="-4.278830"><ele>23.0</ele></trkpt>
    <trkpt lat="48.273280" lon="-4.278850"><ele>23.0</ele></trkpt>
    <trkpt lat="48.273410" lon="-4.278970"><ele>23.0</ele></trkpt>
    <trkpt lat="48.273600" lon="-4.279060"><ele>25.0</ele></trkpt>
    <trkpt lat="48.273800" lon="-4.279250"><ele>28.0</ele></trkpt>
    <trkpt lat="48.273970" lon="-4.279510"><ele>29.0</ele></trkpt>
    <trkpt lat="48.274240" lon="-4.280190"><ele>28.0</ele></trkpt>
    <trkpt lat="48.274630" lon="-4.280680"><ele>25.0</ele></trkpt>
    <trkpt lat="48.274750" lon="-4.280940"><ele>23.0</ele></trkpt>
    <trkpt lat="48.274940" lon="-4.281930"><ele>22.0</ele></trkpt>
    <trkpt lat="48.274890" lon="-4.282490"><ele>21.0</ele></trkpt>
    <trkpt lat="48.274720" lon="-4.282980"><ele>15.0</ele></trkpt>
    <trkpt lat="48.274550" lon="-4.283240"><ele>15.0</ele></trkpt>
    <trkpt lat="48.274320" lon="-4.283780"><ele>17.0</ele></trkpt>
    <trkpt lat="48.274040" lon="-4.284910"><ele>16.0</ele></trkpt>
    <trkpt lat="48.273990" lon="-4.285240"><ele>15.0</ele></trkpt>
    <trkpt lat="48.273460" lon="-4.286310"><ele>12.0</ele></trkpt>
    <trkpt lat="48.273340" lon="-4.286690"><ele>11.0</ele></trkpt>
    <trkpt lat="48.273070" lon="-4.287320"><ele>10.0</ele></trkpt>
    <trkpt lat="48.273020" lon="-4.287560"><ele>10.0</ele></trkpt>
    <trkpt lat="48.273020" lon="-4.287680"><ele>10.0</ele></trkpt>
    <trkpt lat="48.273260" lon="-4.289040"><ele>8.0</ele></trkpt>
    <trkpt lat="48.273320" lon="-4.289140"><ele>4.0</ele></trkpt>
    <trkpt lat="48.273350" lon="-4.289290"><ele>6.0</ele></trkpt>
    <trkpt lat="48.273430" lon="-4.290230"><ele>6.0</ele></trkpt>
    <trkpt lat="48.273500" lon="-4.291570"><ele>8.0</ele></trkpt>
    <trkpt lat="48.273490" lon="-4.292130"><ele>8.0</ele></trkpt>
    <trkpt lat="48.273440" lon="-4.292720"><ele>7.0</ele></trkpt>
    <trkpt lat="48.273650" lon="-4.293280"><ele>5.0</ele></trkpt>
    <trkpt lat="48.273770" lon="-4.293740"><ele>6.0</ele></trkpt>
    <trkpt lat="48.274180" lon="-4.293500"><ele>19.0</ele></trkpt>
    <trkpt lat="48.274350" lon="-4.293780"><ele>27.0</ele></trkpt>
    <trkpt lat="48.274840" lon="-4.293710"><ele>37.0</ele></trkpt>
    <trkpt lat="48.275000" lon="-4.293640"><ele>37.0</ele></trkpt>
    <trkpt lat="48.275170" lon="-4.292630"><ele>36.0</ele></trkpt>
    <trkpt lat="48.275560" lon="-4.290980"><ele>39.0</ele></trkpt>
    <trkpt lat="48.275720" lon="-4.289510"><ele>34.0</ele></trkpt>
    <trkpt lat="48.276090" lon="-4.288260"><ele>31.0</ele></trkpt>
    <trkpt lat="48.276620" lon="-4.286150"><ele>33.0</ele></trkpt>
    <trkpt lat="48.276820" lon="-4.285810"><ele>33.0</ele></trkpt>
    <trkpt lat="48.277640" lon="-4.285540"><ele>45.0</ele></trkpt>
    <trkpt lat="48.278040" lon="-4.285210"><ele>45.0</ele></trkpt>
    <trkpt lat="48.278160" lon="-4.285190"><ele>50.0</ele></trkpt>
    <trkpt lat="48.278460" lon="-4.285450"><ele>49.0</ele></trkpt>
    <trkpt lat="48.278980" lon="-4.285660"><ele>52.0</ele></trkpt>
    <trkpt lat="48.279310" lon="-4.286010"><ele>41.0</ele></trkpt>
    <trkpt lat="48.279530" lon="-4.286460"><ele>41.0</ele></trkpt>
    <trkpt lat="48.279530" lon="-4.286830"><ele>43.0</ele></trkpt>
    <trkpt lat="48.279360" lon="-4.287860"><ele>40.0</ele></trkpt>
    <trkpt lat="48.279390" lon="-4.288160"><ele>37.0</ele></trkpt>
    <trkpt lat="48.280190" lon="-4.290390"><ele>25.0</ele></trkpt>
    <trkpt lat="48.280480" lon="-4.291010"><ele>19.0</ele></trkpt>
    <trkpt lat="48.280590" lon="-4.291170"><ele>20.0</ele></trkpt>
    <trkpt lat="48.280900" lon="-4.291320"><ele>23.0</ele></trkpt>
    <trkpt lat="48.281310" lon="-4.290770"><ele>23.0</ele></trkpt>
    <trkpt lat="48.281690" lon="-4.290420"><ele>23.0</ele></trkpt>
    <trkpt lat="48.281990" lon="-4.289970"><ele>27.0</ele></trkpt>
    <trkpt lat="48.283860" lon="-4.287820"><ele>54.0</ele></trkpt>
    <trkpt lat="48.284390" lon="-4.287070"><ele>53.0</ele></trkpt>
    <trkpt lat="48.285150" lon="-4.286900"><ele>55.0</ele></trkpt>
    <trkpt lat="48.285730" lon="-4.286830"><ele>57.0</ele></trkpt>
    <trkpt lat="48.285970" lon="-4.286930"><ele>55.0</ele></trkpt>
    <trkpt lat="48.286130" lon="-4.286830"><ele>56.0</ele></trkpt>
    <trkpt lat="48.286340" lon="-4.286410"><ele>54.0</ele></trkpt>
    <trkpt lat="48.286770" lon="-4.286100"><ele>44.0</ele></trkpt>
    <trkpt lat="48.287250" lon="-4.285850"><ele>51.0</ele></trkpt>
    <trkpt lat="48.287420" lon="-4.285820"><ele>53.0</ele></trkpt>
    <trkpt lat="48.287610" lon="-4.285890"><ele>51.0</ele></trkpt>
    <trkpt lat="48.287780" lon="-4.286170"><ele>51.0</ele></trkpt>
    <trkpt lat="48.288110" lon="-4.287020"><ele>59.0</ele></trkpt>
    <trkpt lat="48.288460" lon="-4.287420"><ele>61.0</ele></trkpt>
    <trkpt lat="48.288610" lon="-4.288000"><ele>72.0</ele></trkpt>
    <trkpt lat="48.288590" lon="-4.288570"><ele>91.0</ele></trkpt>
    <trkpt lat="48.288620" lon="-4.288750"><ele>91.0</ele></trkpt>
    <trkpt lat="48.288750" lon="-4.288750"><ele>92.0</ele></trkpt>
    <trkpt lat="48.288780" lon="-4.288970"><ele>95.0</ele></trkpt>
    <trkpt lat="48.288820" lon="-4.288990"><ele>95.0</ele></trkpt>
    <trkpt lat="48.289030" lon="-4.288730"><ele>99.0</ele></trkpt>
    <trkpt lat="48.289200" lon="-4.288800"><ele>104.0</ele></trkpt>
    <trkpt lat="48.289430" lon="-4.289010"><ele>107.0</ele></trkpt>
    <trkpt lat="48.290330" lon="-4.287220"><ele>107.0</ele></trkpt>
    <trkpt lat="48.290290" lon="-4.287090"><ele>105.0</ele></trkpt>
    <trkpt lat="48.290530" lon="-4.286130"><ele>102.0</ele></trkpt>
    <trkpt lat="48.290520" lon="-4.285850"><ele>101.0</ele></trkpt>
    <trkpt lat="48.290350" lon="-4.284950"><ele>99.0</ele></trkpt>
    <trkpt lat="48.290330" lon="-4.284670"><ele>99.0</ele></trkpt>
    <trkpt lat="48.290370" lon="-4.284410"><ele>99.0</ele></trkpt>
    <trkpt lat="48.290570" lon="-4.283620"><ele>97.0</ele></trkpt>
    <trkpt lat="48.290720" lon="-4.281040"><ele>91.0</ele></trkpt>
    <trkpt lat="48.290780" lon="-4.280780"><ele>90.0</ele></trkpt>
    <trkpt lat="48.291130" lon="-4.280000"><ele>88.0</ele></trkpt>
    <trkpt lat="48.291310" lon="-4.279750"><ele>84.0</ele></trkpt>
    <trkpt lat="48.291560" lon="-4.279530"><ele>82.0</ele></trkpt>
    <trkpt lat="48.291660" lon="-4.279350"><ele>80.0</ele></trkpt>
    <trkpt lat="48.291790" lon="-4.278810"><ele>78.0</ele></trkpt>
    <trkpt lat="48.291860" lon="-4.278060"><ele>77.0</ele></trkpt>
    <trkpt lat="48.291750" lon="-4.277280"><ele>76.0</ele></trkpt>
    <trkpt lat="48.291690" lon="-4.276310"><ele>74.0</ele></trkpt>
    <trkpt lat="48.291390" lon="-4.274140"><ele>70.0</ele></trkpt>
    <trkpt lat="48.291140" lon="-4.273010"><ele>67.0</ele></trkpt>
    <trkpt lat="48.291060" lon="-4.272170"><ele>61.0</ele></trkpt>
    <trkpt lat="48.291040" lon="-4.271610"><ele>58.0</ele></trkpt>
    <trkpt lat="48.291070" lon="-4.271160"><ele>54.0</ele></trkpt>
    <trkpt lat="48.291240" lon="-4.270380"><ele>46.0</ele></trkpt>
    <trkpt lat="48.291270" lon="-4.269780"><ele>40.0</ele></trkpt>
    <trkpt lat="48.291340" lon="-4.269210"><ele>35.0</ele></trkpt>
    <trkpt lat="48.291510" lon="-4.268510"><ele>28.0</ele></trkpt>
    <trkpt lat="48.291590" lon="-4.267490"><ele>22.0</ele></trkpt>
    <trkpt lat="48.292050" lon="-4.267640"><ele>21.0</ele></trkpt>
    <trkpt lat="48.292580" lon="-4.267620"><ele>17.0</ele></trkpt>
    <trkpt lat="48.292990" lon="-4.267660"><ele>15.0</ele></trkpt>
    <trkpt lat="48.293470" lon="-4.267730"><ele>12.0</ele></trkpt>
    <trkpt lat="48.293600" lon="-4.267820"><ele>12.0</ele></trkpt>
    <trkpt lat="48.294070" lon="-4.268440"><ele>11.0</ele></trkpt>
    <trkpt lat="48.294300" lon="-4.268830"><ele>11.0</ele></trkpt>
    <trkpt lat="48.294280" lon="-4.268950"><ele>9.0</ele></trkpt>
    <trkpt lat="48.294380" lon="-4.269520"><ele>14.0</ele></trkpt>
    <trkpt lat="48.294450" lon="-4.269730"><ele>14.0</ele></trkpt>
    <trkpt lat="48.294550" lon="-4.269890"><ele>14.0</ele></trkpt>
    <trkpt lat="48.295310" lon="-4.271560"><ele>24.0</ele></trkpt>
    <trkpt lat="48.295430" lon="-4.272060"><ele>28.0</ele></trkpt>
    <trkpt lat="48.295460" lon="-4.272380"><ele>31.0</ele></trkpt>
    <trkpt lat="48.295380" lon="-4.272850"><ele>37.0</ele></trkpt>
    <trkpt lat="48.295100" lon="-4.273410"><ele>42.0</ele></trkpt>
    <trkpt lat="48.294930" lon="-4.273970"><ele>43.0</ele></trkpt>
    <trkpt lat="48.294540" lon="-4.275690"><ele>53.0</ele></trkpt>
    <trkpt lat="48.294520" lon="-4.275880"><ele>54.0</ele></trkpt>
    <trkpt lat="48.294560" lon="-4.276840"><ele>64.0</ele></trkpt>
    <trkpt lat="48.294550" lon="-4.277660"><ele>69.0</ele></trkpt>
    <trkpt lat="48.294410" lon="-4.278780"><ele>74.0</ele></trkpt>
    <trkpt lat="48.294280" lon="-4.279390"><ele>79.0</ele></trkpt>
    <trkpt lat="48.293990" lon="-4.280070"><ele>82.0</ele></trkpt>
    <trkpt lat="48.293930" lon="-4.280750"><ele>81.0</ele></trkpt>
    <trkpt lat="48.293940" lon="-4.281690"><ele>77.0</ele></trkpt>
    <trkpt lat="48.294010" lon="-4.281810"><ele>77.0</ele></trkpt>
    <trkpt lat="48.294200" lon="-4.281910"><ele>75.0</ele></trkpt>
    <trkpt lat="48.294570" lon="-4.282470"><ele>70.0</ele></trkpt>
    <trkpt lat="48.294920" lon="-4.283150"><ele>61.0</ele></trkpt>
    <trkpt lat="48.295030" lon="-4.283460"><ele>60.0</ele></trkpt>
    <trkpt lat="48.295100" lon="-4.283430"><ele>60.0</ele></trkpt>
    <trkpt lat="48.295120" lon="-4.283220"><ele>53.0</ele></trkpt>
    <trkpt lat="48.295080" lon="-4.282980"><ele>57.0</ele></trkpt>
    <trkpt lat="48.295300" lon="-4.282750"><ele>50.0</ele></trkpt>
    <trkpt lat="48.295380" lon="-4.282440"><ele>46.0</ele></trkpt>
    <trkpt lat="48.295410" lon="-4.281930"><ele>40.0</ele></trkpt>
    <trkpt lat="48.295630" lon="-4.281550"><ele>39.0</ele></trkpt>
    <trkpt lat="48.295970" lon="-4.280700"><ele>31.0</ele></trkpt>
    <trkpt lat="48.296030" lon="-4.280800"><ele>30.0</ele></trkpt>
    <trkpt lat="48.296050" lon="-4.281130"><ele>30.0</ele></trkpt>
    <trkpt lat="48.296270" lon="-4.281690"><ele>27.0</ele></trkpt>
    <trkpt lat="48.296230" lon="-4.282000"><ele>24.0</ele></trkpt>
    <trkpt lat="48.296510" lon="-4.282230"><ele>21.0</ele></trkpt>
    <trkpt lat="48.296640" lon="-4.282650"><ele>20.0</ele></trkpt>
    <trkpt lat="48.296770" lon="-4.283410"><ele>20.0</ele></trkpt>
    <trkpt lat="48.296720" lon="-4.283970"><ele>20.0</ele></trkpt>
    <trkpt lat="48.296820" lon="-4.284630"><ele>14.0</ele></trkpt>
    <trkpt lat="48.296860" lon="-4.285400"><ele>17.0</ele></trkpt>
    <trkpt lat="48.296990" lon="-4.286430"><ele>21.0</ele></trkpt>
    <trkpt lat="48.297080" lon="-4.286880"><ele>21.0</ele></trkpt>
    <trkpt lat="48.297180" lon="-4.287070"><ele>21.0</ele></trkpt>
    <trkpt lat="48.297220" lon="-4.287440"><ele>20.0</ele></trkpt>
    <trkpt lat="48.297130" lon="-4.287820"><ele>20.0</ele></trkpt>
    <trkpt lat="48.296990" lon="-4.288170"><ele>20.0</ele></trkpt>
    <trkpt lat="48.296930" lon="-4.288940"><ele>20.0</ele></trkpt>
    <trkpt lat="48.296980" lon="-4.289320"><ele>19.0</ele></trkpt>
    <trkpt lat="48.296910" lon="-4.289740"><ele>18.0</ele></trkpt>
    <trkpt lat="48.296950" lon="-4.290260"><ele>18.0</ele></trkpt>
    <trkpt lat="48.296890" lon="-4.290870"><ele>18.0</ele></trkpt>
    <trkpt lat="48.296900" lon="-4.292340"><ele>15.0</ele></trkpt>
    <trkpt lat="48.296940" lon="-4.292910"><ele>12.0</ele></trkpt>
    <trkpt lat="48.297070" lon="-4.293660"><ele>13.0</ele></trkpt>
    <trkpt lat="48.297250" lon="-4.293990"><ele>13.0</ele></trkpt>
    <trkpt lat="48.297390" lon="-4.294370"><ele>11.0</ele></trkpt>
    <trkpt lat="48.297510" lon="-4.294950"><ele>11.0</ele></trkpt>
    <trkpt lat="48.297560" lon="-4.295420"><ele>11.0</ele></trkpt>
    <trkpt lat="48.297580" lon="-4.296120"><ele>9.0</ele></trkpt>
    <trkpt lat="48.297630" lon="-4.296440"><ele>9.0</ele></trkpt>
    <trkpt lat="48.297570" lon="-4.298580"><ele>12.0</ele></trkpt>
    <trkpt lat="48.297580" lon="-4.299590"><ele>11.0</ele></trkpt>
    <trkpt lat="48.297490" lon="-4.300270"><ele>11.0</ele></trkpt>
    <trkpt lat="48.297510" lon="-4.300910"><ele>12.0</ele></trkpt>
    <trkpt lat="48.297230" lon="-4.304400"><ele>16.0</ele></trkpt>
    <trkpt lat="48.297260" lon="-4.304940"><ele>16.0</ele></trkpt>
    <trkpt lat="48.297220" lon="-4.306000"><ele>21.0</ele></trkpt>
    <trkpt lat="48.296850" lon="-4.306840"><ele>29.0</ele></trkpt>
    <trkpt lat="48.296700" lon="-4.307620"><ele>28.0</ele></trkpt>
    <trkpt lat="48.296450" lon="-4.308460"><ele>31.0</ele></trkpt>
    <trkpt lat="48.296340" lon="-4.309030"><ele>25.0</ele></trkpt>
    <trkpt lat="48.295970" lon="-4.309780"><ele>26.0</ele></trkpt>
    <trkpt lat="48.295600" lon="-4.311090"><ele>25.0</ele></trkpt>
    <trkpt lat="48.295220" lon="-4.311880"><ele>26.0</ele></trkpt>
    <trkpt lat="48.294730" lon="-4.313080"><ele>23.0</ele></trkpt>
    <trkpt lat="48.293720" lon="-4.316340"><ele>33.0</ele></trkpt>
    <trkpt lat="48.293550" lon="-4.316810"><ele>33.0</ele></trkpt>
    <trkpt lat="48.293010" lon="-4.317750"><ele>33.0</ele></trkpt>
    <trkpt lat="48.292190" lon="-4.318740"><ele>33.0</ele></trkpt>
    <trkpt lat="48.291880" lon="-4.319180"><ele>34.0</ele></trkpt>
    <trkpt lat="48.291420" lon="-4.320030"><ele>38.0</ele></trkpt>
    <trkpt lat="48.291110" lon="-4.320830"><ele>38.0</ele></trkpt>
    <trkpt lat="48.290950" lon="-4.321690"><ele>41.0</ele></trkpt>
    <trkpt lat="48.290830" lon="-4.322610"><ele>41.0</ele></trkpt>
    <trkpt lat="48.290630" lon="-4.323660"><ele>34.0</ele></trkpt>
    <trkpt lat="48.290560" lon="-4.324600"><ele>36.0</ele></trkpt>
    <trkpt lat="48.290570" lon="-4.325100"><ele>36.0</ele></trkpt>
    <trkpt lat="48.290420" lon="-4.325750"><ele>36.0</ele></trkpt>
    <trkpt lat="48.290170" lon="-4.327160"><ele>36.0</ele></trkpt>
    <trkpt lat="48.289980" lon="-4.327790"><ele>34.0</ele></trkpt>
    <trkpt lat="48.289920" lon="-4.328260"><ele>30.0</ele></trkpt>
    <trkpt lat="48.290010" lon="-4.328990"><ele>27.0</ele></trkpt>
    <trkpt lat="48.289900" lon="-4.330230"><ele>29.0</ele></trkpt>
    <trkpt lat="48.289830" lon="-4.330730"><ele>29.0</ele></trkpt>
    <trkpt lat="48.289650" lon="-4.331080"><ele>30.0</ele></trkpt>
    <trkpt lat="48.289350" lon="-4.331500"><ele>36.0</ele></trkpt>
    <trkpt lat="48.289020" lon="-4.331780"><ele>39.0</ele></trkpt>
    <trkpt lat="48.288550" lon="-4.332270"><ele>44.0</ele></trkpt>
    <trkpt lat="48.287790" lon="-4.332760"><ele>55.0</ele></trkpt>
    <trkpt lat="48.287570" lon="-4.332960"><ele>58.0</ele></trkpt>
    <trkpt lat="48.287350" lon="-4.333070"><ele>58.0</ele></trkpt>
    <trkpt lat="48.287160" lon="-4.333330"><ele>53.0</ele></trkpt>
    <trkpt lat="48.287210" lon="-4.333920"><ele>46.0</ele></trkpt>
    <trkpt lat="48.287010" lon="-4.334130"><ele>43.0</ele></trkpt>
    <trkpt lat="48.286910" lon="-4.334500"><ele>36.0</ele></trkpt>
    <trkpt lat="48.286800" lon="-4.334690"><ele>25.0</ele></trkpt>
    <trkpt lat="48.286700" lon="-4.334780"><ele>15.0</ele></trkpt>
    <trkpt lat="48.286620" lon="-4.334930"><ele>14.0</ele></trkpt>
    <trkpt lat="48.286390" lon="-4.335030"><ele>8.0</ele></trkpt>
    <trkpt lat="48.286460" lon="-4.335490"><ele>6.0</ele></trkpt>
    <trkpt lat="48.286550" lon="-4.335790"><ele>5.0</ele></trkpt>
    <trkpt lat="48.286550" lon="-4.335930"><ele>4.0</ele></trkpt>
    <trkpt lat="48.286500" lon="-4.336050"><ele>4.0</ele></trkpt>
    <trkpt lat="48.286140" lon="-4.336450"><ele>4.0</ele></trkpt>
    <trkpt lat="48.285970" lon="-4.336570"><ele>4.0</ele></trkpt>
    <trkpt lat="48.285570" lon="-4.336530"><ele>4.0</ele></trkpt>
    <trkpt lat="48.284960" lon="-4.337200"><ele>5.0</ele></trkpt>
    <trkpt lat="48.284800" lon="-4.337320"><ele>5.0</ele></trkpt>
    <trkpt lat="48.284600" lon="-4.337340"><ele>6.0</ele></trkpt>
    <trkpt lat="48.283920" lon="-4.337250"><ele>11.0</ele></trkpt>
    <trkpt lat="48.283770" lon="-4.337250"><ele>13.0</ele></trkpt>
    <trkpt lat="48.283570" lon="-4.337320"><ele>14.0</ele></trkpt>
    <trkpt lat="48.282880" lon="-4.337910"><ele>15.0</ele></trkpt>
    <trkpt lat="48.282850" lon="-4.338070"><ele>17.0</ele></trkpt>
    <trkpt lat="48.282150" lon="-4.339640"><ele>9.0</ele></trkpt>
    <trkpt lat="48.282050" lon="-4.340280"><ele>10.0</ele></trkpt>
    <trkpt lat="48.282410" lon="-4.340130"><ele>10.0</ele></trkpt>
    <trkpt lat="48.282680" lon="-4.339900"><ele>10.0</ele></trkpt>
    <trkpt lat="48.283370" lon="-4.339200"><ele>7.0</ele></trkpt>
    <trkpt lat="48.283600" lon="-4.338910"><ele>4.0</ele></trkpt>
    <trkpt lat="48.283780" lon="-4.338770"><ele>4.0</ele></trkpt>
    <trkpt lat="48.284010" lon="-4.338680"><ele>4.0</ele></trkpt>
    <trkpt lat="48.284470" lon="-4.338750"><ele>9.0</ele></trkpt>
    <trkpt lat="48.284790" lon="-4.339030"><ele>7.0</ele></trkpt>
    <trkpt lat="48.285100" lon="-4.339220"><ele>10.0</ele></trkpt>
    <trkpt lat="48.285400" lon="-4.339670"><ele>7.0</ele></trkpt>
    <trkpt lat="48.285810" lon="-4.339950"><ele>4.0</ele></trkpt>
    <trkpt lat="48.285840" lon="-4.340060"><ele>4.0</ele></trkpt>
    <trkpt lat="48.285800" lon="-4.340740"><ele>17.0</ele></trkpt>
    <trkpt lat="48.285860" lon="-4.341450"><ele>27.0</ele></trkpt>
    <trkpt lat="48.285830" lon="-4.341710"><ele>28.0</ele></trkpt>
    <trkpt lat="48.285730" lon="-4.341920"><ele>34.0</ele></trkpt>
    <trkpt lat="48.285530" lon="-4.342130"><ele>36.0</ele></trkpt>
    <trkpt lat="48.285340" lon="-4.342260"><ele>39.0</ele></trkpt>
    <trkpt lat="48.285230" lon="-4.341940"><ele>43.0</ele></trkpt>
    <trkpt lat="48.285170" lon="-4.341890"><ele>43.0</ele></trkpt>
    <trkpt lat="48.285120" lon="-4.341920"><ele>43.0</ele></trkpt>
    <trkpt lat="48.284430" lon="-4.343070"><ele>59.0</ele></trkpt>
    <trkpt lat="48.283390" lon="-4.345070"><ele>67.0</ele></trkpt>
    <trkpt lat="48.283080" lon="-4.345750"><ele>67.0</ele></trkpt>
    <trkpt lat="48.282110" lon="-4.345350"><ele>70.0</ele></trkpt>
    <trkpt lat="48.281770" lon="-4.346020"><ele>70.0</ele></trkpt>
    <trkpt lat="48.280620" lon="-4.347380"><ele>71.0</ele></trkpt>
    <trkpt lat="48.280280" lon="-4.347880"><ele>71.0</ele></trkpt>
    <trkpt lat="48.280170" lon="-4.348110"><ele>71.0</ele></trkpt>
    <trkpt lat="48.279440" lon="-4.350720"><ele>72.0</ele></trkpt>
    <trkpt lat="48.279120" lon="-4.352330"><ele>74.0</ele></trkpt>
    <trkpt lat="48.279410" lon="-4.352590"><ele>73.0</ele></trkpt>
    <trkpt lat="48.279660" lon="-4.353010"><ele>68.0</ele></trkpt>
    <trkpt lat="48.279970" lon="-4.353410"><ele>65.0</ele></trkpt>
    <trkpt lat="48.280410" lon="-4.354230"><ele>54.0</ele></trkpt>
    <trkpt lat="48.280910" lon="-4.354730"><ele>45.0</ele></trkpt>
    <trkpt lat="48.280810" lon="-4.354940"><ele>45.0</ele></trkpt>
    <trkpt lat="48.280550" lon="-4.355780"><ele>45.0</ele></trkpt>
    <trkpt lat="48.280520" lon="-4.356350"><ele>45.0</ele></trkpt>
    <trkpt lat="48.280520" lon="-4.357210"><ele>47.0</ele></trkpt>
    <trkpt lat="48.280470" lon="-4.357890"><ele>52.0</ele></trkpt>
    <trkpt lat="48.280260" lon="-4.358740"><ele>53.0</ele></trkpt>
    <trkpt lat="48.280080" lon="-4.359370"><ele>53.0</ele></trkpt>
    <trkpt lat="48.279650" lon="-4.360080"><ele>52.0</ele></trkpt>
    <trkpt lat="48.279150" lon="-4.360690"><ele>55.0</ele></trkpt>
    <trkpt lat="48.278530" lon="-4.361620"><ele>56.0</ele></trkpt>
    <trkpt lat="48.277560" lon="-4.362560"><ele>60.0</ele></trkpt>
    <trkpt lat="48.277300" lon="-4.363080"><ele>62.0</ele></trkpt>
    <trkpt lat="48.276910" lon="-4.364130"><ele>62.0</ele></trkpt>
    <trkpt lat="48.276260" lon="-4.365240"><ele>66.0</ele></trkpt>
    <trkpt lat="48.276050" lon="-4.365680"><ele>66.0</ele></trkpt>
    <trkpt lat="48.275810" lon="-4.366320"><ele>67.0</ele></trkpt>
    <trkpt lat="48.275710" lon="-4.366460"><ele>67.0</ele></trkpt>
    <trkpt lat="48.275580" lon="-4.366500"><ele>68.0</ele></trkpt>
    <trkpt lat="48.275580" lon="-4.366800"><ele>68.0</ele></trkpt>
    <trkpt lat="48.276070" lon="-4.366740"><ele>63.0</ele></trkpt>
    <trkpt lat="48.276540" lon="-4.366880"><ele>58.0</ele></trkpt>
    <trkpt lat="48.276560" lon="-4.367400"><ele>57.0</ele></trkpt>
    <trkpt lat="48.276480" lon="-4.369300"><ele>60.0</ele></trkpt>
    <trkpt lat="48.276550" lon="-4.369230"><ele>60.0</ele></trkpt>
    <trkpt lat="48.276810" lon="-4.368260"><ele>45.0</ele></trkpt>
    <trkpt lat="48.277050" lon="-4.367510"><ele>40.0</ele></trkpt>
    <trkpt lat="48.277150" lon="-4.367330"><ele>34.0</ele></trkpt>
    <trkpt lat="48.277240" lon="-4.367260"><ele>27.0</ele></trkpt>
    <trkpt lat="48.277290" lon="-4.368160"><ele>23.0</ele></trkpt>
    <trkpt lat="48.277430" lon="-4.369440"><ele>20.0</ele></trkpt>
    <trkpt lat="48.277390" lon="-4.370140"><ele>23.0</ele></trkpt>
    <trkpt lat="48.277510" lon="-4.370770"><ele>26.0</ele></trkpt>
    <trkpt lat="48.277540" lon="-4.371150"><ele>23.0</ele></trkpt>
    <trkpt lat="48.277610" lon="-4.371530"><ele>25.0</ele></trkpt>
    <trkpt lat="48.277550" lon="-4.372350"><ele>23.0</ele></trkpt>
    <trkpt lat="48.277490" lon="-4.372440"><ele>23.0</ele></trkpt>
    <trkpt lat="48.277400" lon="-4.373120"><ele>22.0</ele></trkpt>
    <trkpt lat="48.277150" lon="-4.373870"><ele>21.0</ele></trkpt>
    <trkpt lat="48.277070" lon="-4.374250"><ele>21.0</ele></trkpt>
    <trkpt lat="48.276670" lon="-4.375700"><ele>19.0</ele></trkpt>
    <trkpt lat="48.276230" lon="-4.376830"><ele>20.0</ele></trkpt>
    <trkpt lat="48.275660" lon="-4.379010"><ele>21.0</ele></trkpt>
    <trkpt lat="48.275640" lon="-4.379340"><ele>21.0</ele></trkpt>
    <trkpt lat="48.275380" lon="-4.380320"><ele>18.0</ele></trkpt>
    <trkpt lat="48.275220" lon="-4.381400"><ele>18.0</ele></trkpt>
    <trkpt lat="48.275100" lon="-4.382850"><ele>17.0</ele></trkpt>
    <trkpt lat="48.274930" lon="-4.384080"><ele>19.0</ele></trkpt>
    <trkpt lat="48.274710" lon="-4.384330"><ele>23.0</ele></trkpt>
    <trkpt lat="48.274480" lon="-4.384500"><ele>28.0</ele></trkpt>
    <trkpt lat="48.274360" lon="-4.385130"><ele>26.0</ele></trkpt>
    <trkpt lat="48.274680" lon="-4.385480"><ele>25.0</ele></trkpt>
    <trkpt lat="48.274880" lon="-4.386680"><ele>17.0</ele></trkpt>
    <trkpt lat="48.274870" lon="-4.387200"><ele>15.0</ele></trkpt>
    <trkpt lat="48.274940" lon="-4.388720"><ele>15.0</ele></trkpt>
    <trkpt lat="48.274910" lon="-4.389970"><ele>15.0</ele></trkpt>
    <trkpt lat="48.274750" lon="-4.391420"><ele>18.0</ele></trkpt>
    <trkpt lat="48.274590" lon="-4.392360"><ele>20.0</ele></trkpt>
    <trkpt lat="48.274540" lon="-4.393020"><ele>20.0</ele></trkpt>
    <trkpt lat="48.274520" lon="-4.394490"><ele>21.0</ele></trkpt>
    <trkpt lat="48.274460" lon="-4.395340"><ele>21.0</ele></trkpt>
    <trkpt lat="48.274490" lon="-4.395850"><ele>21.0</ele></trkpt>
    <trkpt lat="48.274470" lon="-4.396350"><ele>20.0</ele></trkpt>
    <trkpt lat="48.274510" lon="-4.397260"><ele>18.0</ele></trkpt>
    <trkpt lat="48.274910" lon="-4.400830"><ele>15.0</ele></trkpt>
    <trkpt lat="48.274850" lon="-4.401180"><ele>16.0</ele></trkpt>
    <trkpt lat="48.275110" lon="-4.402000"><ele>16.0</ele></trkpt>
    <trkpt lat="48.275130" lon="-4.402520"><ele>15.0</ele></trkpt>
    <trkpt lat="48.275230" lon="-4.403130"><ele>15.0</ele></trkpt>
    <trkpt lat="48.275210" lon="-4.403620"><ele>17.0</ele></trkpt>
    <trkpt lat="48.275240" lon="-4.404040"><ele>15.0</ele></trkpt>
    <trkpt lat="48.275390" lon="-4.404750"><ele>16.0</ele></trkpt>
    <trkpt lat="48.275060" lon="-4.406550"><ele>28.0</ele></trkpt>
    <trkpt lat="48.275100" lon="-4.407680"><ele>20.0</ele></trkpt>
    <trkpt lat="48.275070" lon="-4.408550"><ele>18.0</ele></trkpt>
    <trkpt lat="48.275230" lon="-4.409180"><ele>14.0</ele></trkpt>
    <trkpt lat="48.275470" lon="-4.409860"><ele>13.0</ele></trkpt>
    <trkpt lat="48.275460" lon="-4.409930"><ele>11.0</ele></trkpt>
    <trkpt lat="48.275390" lon="-4.409930"><ele>11.0</ele></trkpt>
    <trkpt lat="48.274350" lon="-4.410520"><ele>24.0</ele></trkpt>
    <trkpt lat="48.274270" lon="-4.410660"><ele>28.0</ele></trkpt>
    <trkpt lat="48.273970" lon="-4.412070"><ele>41.0</ele></trkpt>
    <trkpt lat="48.273910" lon="-4.412580"><ele>41.0</ele></trkpt>
    <trkpt lat="48.273880" lon="-4.413610"><ele>45.0</ele></trkpt>
    <trkpt lat="48.273840" lon="-4.414070"><ele>46.0</ele></trkpt>
    <trkpt lat="48.273780" lon="-4.414460"><ele>46.0</ele></trkpt>
    <trkpt lat="48.273730" lon="-4.414530"><ele>50.0</ele></trkpt>
    <trkpt lat="48.273860" lon="-4.414810"><ele>45.0</ele></trkpt>
    <trkpt lat="48.273920" lon="-4.415050"><ele>47.0</ele></trkpt>
    <trkpt lat="48.274110" lon="-4.416640"><ele>34.0</ele></trkpt>
    <trkpt lat="48.274260" lon="-4.417110"><ele>34.0</ele></trkpt>
    <trkpt lat="48.274350" lon="-4.417650"><ele>33.0</ele></trkpt>
    <trkpt lat="48.274450" lon="-4.418020"><ele>32.0</ele></trkpt>
    <trkpt lat="48.274540" lon="-4.418840"><ele>30.0</ele></trkpt>
    <trkpt lat="48.274700" lon="-4.419340"><ele>33.0</ele></trkpt>
    <trkpt lat="48.274720" lon="-4.419710"><ele>33.0</ele></trkpt>
    <trkpt lat="48.274660" lon="-4.420250"><ele>35.0</ele></trkpt>
    <trkpt lat="48.274130" lon="-4.421470"><ele>37.0</ele></trkpt>
    <trkpt lat="48.273690" lon="-4.422360"><ele>37.0</ele></trkpt>
    <trkpt lat="48.273450" lon="-4.422290"><ele>40.0</ele></trkpt>
    <trkpt lat="48.273160" lon="-4.421870"><ele>42.0</ele></trkpt>
    <trkpt lat="48.273080" lon="-4.421850"><ele>45.0</ele></trkpt>
    <trkpt lat="48.272280" lon="-4.422600"><ele>58.0</ele></trkpt>
    <trkpt lat="48.272130" lon="-4.422650"><ele>58.0</ele></trkpt>
    <trkpt lat="48.271300" lon="-4.422360"><ele>67.0</ele></trkpt>
    <trkpt lat="48.271050" lon="-4.422340"><ele>68.0</ele></trkpt>
    <trkpt lat="48.270780" lon="-4.422430"><ele>68.0</ele></trkpt>
    <trkpt lat="48.270820" lon="-4.423160"><ele>68.0</ele></trkpt>
    <trkpt lat="48.270780" lon="-4.425440"><ele>66.0</ele></trkpt>
    <trkpt lat="48.270690" lon="-4.426260"><ele>66.0</ele></trkpt>
    <trkpt lat="48.270690" lon="-4.427270"><ele>65.0</ele></trkpt>
    <trkpt lat="48.270720" lon="-4.427820"><ele>63.0</ele></trkpt>
    <trkpt lat="48.270810" lon="-4.427930"><ele>63.0</ele></trkpt>
    <trkpt lat="48.271700" lon="-4.428280"><ele>51.0</ele></trkpt>
    <trkpt lat="48.272650" lon="-4.428510"><ele>37.0</ele></trkpt>
    <trkpt lat="48.273180" lon="-4.428700"><ele>34.0</ele></trkpt>
    <trkpt lat="48.273960" lon="-4.429150"><ele>22.0</ele></trkpt>
    <trkpt lat="48.274500" lon="-4.429570"><ele>18.0</ele></trkpt>
    <trkpt lat="48.274850" lon="-4.429920"><ele>20.0</ele></trkpt>
    <trkpt lat="48.275050" lon="-4.430220"><ele>24.0</ele></trkpt>
    <trkpt lat="48.275200" lon="-4.430650"><ele>26.0</ele></trkpt>
    <trkpt lat="48.275210" lon="-4.432620"><ele>41.0</ele></trkpt>
    <trkpt lat="48.275420" lon="-4.433340"><ele>46.0</ele></trkpt>
    <trkpt lat="48.274900" lon="-4.435780"><ele>44.0</ele></trkpt>
    <trkpt lat="48.274680" lon="-4.436540"><ele>44.0</ele></trkpt>
    <trkpt lat="48.274860" lon="-4.438040"><ele>46.0</ele></trkpt>
    <trkpt lat="48.274950" lon="-4.439910"><ele>50.0</ele></trkpt>
    <trkpt lat="48.274930" lon="-4.440360"><ele>51.0</ele></trkpt>
    <trkpt lat="48.274740" lon="-4.441040"><ele>51.0</ele></trkpt>
    <trkpt lat="48.274590" lon="-4.441420"><ele>51.0</ele></trkpt>
    <trkpt lat="48.274300" lon="-4.443250"><ele>51.0</ele></trkpt>
    <trkpt lat="48.274100" lon="-4.443810"><ele>51.0</ele></trkpt>
    <trkpt lat="48.273940" lon="-4.444720"><ele>52.0</ele></trkpt>
    <trkpt lat="48.273710" lon="-4.445190"><ele>52.0</ele></trkpt>
    <trkpt lat="48.273440" lon="-4.445500"><ele>53.0</ele></trkpt>
    <trkpt lat="48.272960" lon="-4.445660"><ele>52.0</ele></trkpt>
    <trkpt lat="48.272370" lon="-4.445730"><ele>48.0</ele></trkpt>
    <trkpt lat="48.272090" lon="-4.446130"><ele>47.0</ele></trkpt>
    <trkpt lat="48.271760" lon="-4.446480"><ele>47.0</ele></trkpt>
    <trkpt lat="48.271650" lon="-4.446720"><ele>47.0</ele></trkpt>
    <trkpt lat="48.271510" lon="-4.446580"><ele>45.0</ele></trkpt>
    <trkpt lat="48.271320" lon="-4.446790"><ele>45.0</ele></trkpt>
    <trkpt lat="48.271140" lon="-4.446890"><ele>44.0</ele></trkpt>
    <trkpt lat="48.270940" lon="-4.446860"><ele>44.0</ele></trkpt>
    <trkpt lat="48.270620" lon="-4.447070"><ele>44.0</ele></trkpt>
    <trkpt lat="48.270370" lon="-4.447400"><ele>46.0</ele></trkpt>
    <trkpt lat="48.270150" lon="-4.448950"><ele>49.0</ele></trkpt>
    <trkpt lat="48.270130" lon="-4.450570"><ele>53.0</ele></trkpt>
    <trkpt lat="48.270310" lon="-4.452230"><ele>55.0</ele></trkpt>
    <trkpt lat="48.270380" lon="-4.452560"><ele>55.0</ele></trkpt>
    <trkpt lat="48.270660" lon="-4.453270"><ele>55.0</ele></trkpt>
    <trkpt lat="48.270700" lon="-4.453440"><ele>55.0</ele></trkpt>
    <trkpt lat="48.271240" lon="-4.453660"><ele>54.0</ele></trkpt>
    <trkpt lat="48.271980" lon="-4.453870"><ele>54.0</ele></trkpt>
    <trkpt lat="48.272930" lon="-4.453920"><ele>55.0</ele></trkpt>
    <trkpt lat="48.273880" lon="-4.453850"><ele>59.0</ele></trkpt>
    <trkpt lat="48.274310" lon="-4.453810"><ele>62.0</ele></trkpt>
    <trkpt lat="48.274520" lon="-4.453710"><ele>63.0</ele></trkpt>
    <trkpt lat="48.274770" lon="-4.453660"><ele>64.0</ele></trkpt>
    <trkpt lat="48.275280" lon="-4.453760"><ele>66.0</ele></trkpt>
    <trkpt lat="48.275380" lon="-4.453660"><ele>67.0</ele></trkpt>
    <trkpt lat="48.275730" lon="-4.452700"><ele>69.0</ele></trkpt>
    <trkpt lat="48.276100" lon="-4.453600"><ele>69.0</ele></trkpt>
    <trkpt lat="48.276310" lon="-4.453720"><ele>69.0</ele></trkpt>
    <trkpt lat="48.276930" lon="-4.453920"><ele>70.0</ele></trkpt>
    <trkpt lat="48.277230" lon="-4.454200"><ele>68.0</ele></trkpt>
    <trkpt lat="48.277380" lon="-4.454510"><ele>68.0</ele></trkpt>
    <trkpt lat="48.277560" lon="-4.455120"><ele>65.0</ele></trkpt>
    <trkpt lat="48.277750" lon="-4.455610"><ele>64.0</ele></trkpt>
    <trkpt lat="48.278250" lon="-4.455890"><ele>63.0</ele></trkpt>
    <trkpt lat="48.278430" lon="-4.456050"><ele>64.0</ele></trkpt>
    <trkpt lat="48.279160" lon="-4.456970"><ele>64.0</ele></trkpt>
    <trkpt lat="48.279450" lon="-4.457160"><ele>64.0</ele></trkpt>
    <trkpt lat="48.279550" lon="-4.457280"><ele>64.0</ele></trkpt>
    <trkpt lat="48.279860" lon="-4.457180"><ele>64.0</ele></trkpt>
    <trkpt lat="48.280190" lon="-4.457180"><ele>63.0</ele></trkpt>
    <trkpt lat="48.280340" lon="-4.457230"><ele>64.0</ele></trkpt>
    <trkpt lat="48.281680" lon="-4.458110"><ele>64.0</ele></trkpt>
    <trkpt lat="48.283070" lon="-4.458820"><ele>72.0</ele></trkpt>
    <trkpt lat="48.283270" lon="-4.458950"><ele>74.0</ele></trkpt>
    <trkpt lat="48.283290" lon="-4.459110"><ele>74.0</ele></trkpt>
    <trkpt lat="48.283350" lon="-4.459180"><ele>74.0</ele></trkpt>
    <trkpt lat="48.283470" lon="-4.459150"><ele>75.0</ele></trkpt>
    <trkpt lat="48.283500" lon="-4.459080"><ele>75.0</ele></trkpt>
    <trkpt lat="48.283510" lon="-4.458990"><ele>75.0</ele></trkpt>
    <trkpt lat="48.283470" lon="-4.458800"><ele>75.0</ele></trkpt>
    <trkpt lat="48.283550" lon="-4.458470"><ele>75.0</ele></trkpt>
    <trkpt lat="48.283620" lon="-4.458380"><ele>75.0</ele></trkpt>
    <trkpt lat="48.284050" lon="-4.458050"><ele>75.0</ele></trkpt>
    <trkpt lat="48.284270" lon="-4.457980"><ele>75.0</ele></trkpt>
    <trkpt lat="48.284720" lon="-4.457720"><ele>75.0</ele></trkpt>
    <trkpt lat="48.285130" lon="-4.457330"><ele>73.0</ele></trkpt>
    <trkpt lat="48.285280" lon="-4.457300"><ele>73.0</ele></trkpt>
    <trkpt lat="48.285640" lon="-4.457040"><ele>72.0</ele></trkpt>
    <trkpt lat="48.285720" lon="-4.457080"><ele>72.0</ele></trkpt>
    <trkpt lat="48.285930" lon="-4.456990"><ele>71.0</ele></trkpt>
    <trkpt lat="48.286360" lon="-4.456690"><ele>68.0</ele></trkpt>
    <trkpt lat="48.286480" lon="-4.456740"><ele>68.0</ele></trkpt>
    <trkpt lat="48.286910" lon="-4.456530"><ele>63.0</ele></trkpt>
    <trkpt lat="48.286960" lon="-4.457180"><ele>64.0</ele></trkpt>
    <trkpt lat="48.288110" lon="-4.456850"><ele>51.0</ele></trkpt>
    <trkpt lat="48.288320" lon="-4.456830"><ele>48.0</ele></trkpt>
    <trkpt lat="48.288740" lon="-4.457150"><ele>41.0</ele></trkpt>
    <trkpt lat="48.288690" lon="-4.455730"><ele>35.0</ele></trkpt>
    <trkpt lat="48.288790" lon="-4.455430"><ele>34.0</ele></trkpt>
    <trkpt lat="48.289020" lon="-4.455260"><ele>33.0</ele></trkpt>
    <trkpt lat="48.289250" lon="-4.455270"><ele>32.0</ele></trkpt>
    <trkpt lat="48.289470" lon="-4.454950"><ele>28.0</ele></trkpt>
    <trkpt lat="48.290060" lon="-4.454440"><ele>26.0</ele></trkpt>
    <trkpt lat="48.290470" lon="-4.453400"><ele>25.0</ele></trkpt>
    <trkpt lat="48.290530" lon="-4.453390"><ele>23.0</ele></trkpt>
    <trkpt lat="48.290740" lon="-4.453220"><ele>21.0</ele></trkpt>
    <trkpt lat="48.291020" lon="-4.453100"><ele>20.0</ele></trkpt>
    <trkpt lat="48.291200" lon="-4.452890"><ele>21.0</ele></trkpt>
    <trkpt lat="48.291240" lon="-4.452720"><ele>22.0</ele></trkpt>
    <trkpt lat="48.291220" lon="-4.452490"><ele>26.0</ele></trkpt>
    <trkpt lat="48.291270" lon="-4.451740"><ele>31.0</ele></trkpt>
    <trkpt lat="48.291110" lon="-4.451150"><ele>33.0</ele></trkpt>
    <trkpt lat="48.291110" lon="-4.450780"><ele>36.0</ele></trkpt>
    <trkpt lat="48.290980" lon="-4.449980"><ele>38.0</ele></trkpt>
    <trkpt lat="48.290930" lon="-4.449880"><ele>40.0</ele></trkpt>
    <trkpt lat="48.290850" lon="-4.449530"><ele>38.0</ele></trkpt>
    <trkpt lat="48.290880" lon="-4.449250"><ele>38.0</ele></trkpt>
    <trkpt lat="48.290970" lon="-4.449110"><ele>37.0</ele></trkpt>
    <trkpt lat="48.291000" lon="-4.448770"><ele>33.0</ele></trkpt>
    <trkpt lat="48.291190" lon="-4.448950"><ele>23.0</ele></trkpt>
    <trkpt lat="48.291290" lon="-4.448990"><ele>23.0</ele></trkpt>
    <trkpt lat="48.291380" lon="-4.448950"><ele>15.0</ele></trkpt>
    <trkpt lat="48.291480" lon="-4.449110"><ele>15.0</ele></trkpt>
    <trkpt lat="48.291570" lon="-4.449160"><ele>11.0</ele></trkpt>
    <trkpt lat="48.291730" lon="-4.449370"><ele>7.0</ele></trkpt>
    <trkpt lat="48.291880" lon="-4.449770"><ele>5.0</ele></trkpt>
    <trkpt lat="48.292260" lon="-4.450100"><ele>5.0</ele></trkpt>
    <trkpt lat="48.292320" lon="-4.450240"><ele>5.0</ele></trkpt>
    <trkpt lat="48.292070" lon="-4.451230"><ele>5.0</ele></trkpt>
    <trkpt lat="48.292540" lon="-4.454860"><ele>5.0</ele></trkpt>
    <trkpt lat="48.292530" lon="-4.455260"><ele>4.0</ele></trkpt>
    <trkpt lat="48.292360" lon="-4.455660"><ele>4.0</ele></trkpt>
    <trkpt lat="48.292200" lon="-4.455750"><ele>4.0</ele></trkpt>
    <trkpt lat="48.291980" lon="-4.456820"><ele>4.0</ele></trkpt>
    <trkpt lat="48.291970" lon="-4.457130"><ele>4.0</ele></trkpt>
    <trkpt lat="48.292000" lon="-4.457680"><ele>4.0</ele></trkpt>
    <trkpt lat="48.292100" lon="-4.458210"><ele>4.0</ele></trkpt>
    <trkpt lat="48.292240" lon="-4.458600"><ele>4.0</ele></trkpt>
    <trkpt lat="48.292500" lon="-4.458940"><ele>6.0</ele></trkpt>
    <trkpt lat="48.292190" lon="-4.459410"><ele>10.0</ele></trkpt>
    <trkpt lat="48.291870" lon="-4.460230"><ele>23.0</ele></trkpt>
    <trkpt lat="48.291670" lon="-4.460860"><ele>27.0</ele></trkpt>
    <trkpt lat="48.291320" lon="-4.461480"><ele>25.0</ele></trkpt>
    <trkpt lat="48.290020" lon="-4.462440"><ele>22.0</ele></trkpt>
    <trkpt lat="48.290620" lon="-4.463020"><ele>14.0</ele></trkpt>
    <trkpt lat="48.290510" lon="-4.463260"><ele>13.0</ele></trkpt>
    <trkpt lat="48.290430" lon="-4.463330"><ele>12.0</ele></trkpt>
    <trkpt lat="48.289880" lon="-4.464200"><ele>13.0</ele></trkpt>
    <trkpt lat="48.289250" lon="-4.465060"><ele>15.0</ele></trkpt>
    <trkpt lat="48.288580" lon="-4.466380"><ele>12.0</ele></trkpt>
    <trkpt lat="48.288350" lon="-4.466730"><ele>8.0</ele></trkpt>
    <trkpt lat="48.288450" lon="-4.466710"><ele>7.0</ele></trkpt>
    <trkpt lat="48.288440" lon="-4.466780"><ele>7.0</ele></trkpt>
    <trkpt lat="48.288490" lon="-4.466850"><ele>9.0</ele></trkpt>
    <trkpt lat="48.288430" lon="-4.466830"><ele>4.0</ele></trkpt>
    <trkpt lat="48.288270" lon="-4.466890"><ele>10.0</ele></trkpt>
    <trkpt lat="48.287620" lon="-4.468750"><ele>14.0</ele></trkpt>
    <trkpt lat="48.287480" lon="-4.468930"><ele>16.0</ele></trkpt>
    <trkpt lat="48.287390" lon="-4.469120"><ele>20.0</ele></trkpt>
    <trkpt lat="48.287320" lon="-4.469080"><ele>20.0</ele></trkpt>
    <trkpt lat="48.287260" lon="-4.469120"><ele>20.0</ele></trkpt>
    <trkpt lat="48.287240" lon="-4.469190"><ele>20.0</ele></trkpt>
    <trkpt lat="48.287280" lon="-4.469400"><ele>13.0</ele></trkpt>
    <trkpt lat="48.287300" lon="-4.469400"><ele>17.0</ele></trkpt>
    <trkpt lat="48.287290" lon="-4.469710"><ele>11.0</ele></trkpt>
    <trkpt lat="48.287320" lon="-4.469690"><ele>15.0</ele></trkpt>
    <trkpt lat="48.287240" lon="-4.470320"><ele>6.0</ele></trkpt>
    <trkpt lat="48.287070" lon="-4.470620"><ele>14.0</ele></trkpt>
    <trkpt lat="48.286990" lon="-4.470670"><ele>26.0</ele></trkpt>
    <trkpt lat="48.286960" lon="-4.470620"><ele>26.0</ele></trkpt>
    <trkpt lat="48.286890" lon="-4.470620"><ele>21.0</ele></trkpt>
    <trkpt lat="48.286820" lon="-4.471050"><ele>28.0</ele></trkpt>
    <trkpt lat="48.286760" lon="-4.471090"><ele>28.0</ele></trkpt>
    <trkpt lat="48.286710" lon="-4.471210"><ele>26.0</ele></trkpt>
    <trkpt lat="48.286700" lon="-4.471330"><ele>25.0</ele></trkpt>
    <trkpt lat="48.286740" lon="-4.471610"><ele>26.0</ele></trkpt>
    <trkpt lat="48.286640" lon="-4.472010"><ele>24.0</ele></trkpt>
    <trkpt lat="48.286480" lon="-4.473110"><ele>23.0</ele></trkpt>
    <trkpt lat="48.286400" lon="-4.473320"><ele>23.0</ele></trkpt>
    <trkpt lat="48.286400" lon="-4.473560"><ele>22.0</ele></trkpt>
    <trkpt lat="48.286250" lon="-4.474190"><ele>24.0</ele></trkpt>
    <trkpt lat="48.286200" lon="-4.475150"><ele>18.0</ele></trkpt>
    <trkpt lat="48.286220" lon="-4.475430"><ele>18.0</ele></trkpt>
    <trkpt lat="48.286130" lon="-4.475760"><ele>16.0</ele></trkpt>
    <trkpt lat="48.286070" lon="-4.476340"><ele>17.0</ele></trkpt>
    <trkpt lat="48.285780" lon="-4.477500"><ele>17.0</ele></trkpt>
    <trkpt lat="48.285780" lon="-4.477760"><ele>19.0</ele></trkpt>
    <trkpt lat="48.285590" lon="-4.478480"><ele>18.0</ele></trkpt>
    <trkpt lat="48.285480" lon="-4.479070"><ele>18.0</ele></trkpt>
    <trkpt lat="48.285500" lon="-4.479190"><ele>20.0</ele></trkpt>
    <trkpt lat="48.285480" lon="-4.479400"><ele>18.0</ele></trkpt>
    <trkpt lat="48.285410" lon="-4.479540"><ele>19.0</ele></trkpt>
    <trkpt lat="48.285350" lon="-4.479870"><ele>18.0</ele></trkpt>
    <trkpt lat="48.285400" lon="-4.480180"><ele>20.0</ele></trkpt>
    <trkpt lat="48.285380" lon="-4.480310"><ele>15.0</ele></trkpt>
    <trkpt lat="48.285280" lon="-4.480410"><ele>20.0</ele></trkpt>
    <trkpt lat="48.285200" lon="-4.480670"><ele>20.0</ele></trkpt>
    <trkpt lat="48.284980" lon="-4.481180"><ele>20.0</ele></trkpt>
    <trkpt lat="48.284710" lon="-4.482120"><ele>25.0</ele></trkpt>
    <trkpt lat="48.284270" lon="-4.483130"><ele>19.0</ele></trkpt>
    <trkpt lat="48.284210" lon="-4.483200"><ele>14.0</ele></trkpt>
    <trkpt lat="48.283940" lon="-4.483320"><ele>16.0</ele></trkpt>
    <trkpt lat="48.283930" lon="-4.483500"><ele>17.0</ele></trkpt>
    <trkpt lat="48.283970" lon="-4.483810"><ele>17.0</ele></trkpt>
    <trkpt lat="48.283950" lon="-4.483930"><ele>14.0</ele></trkpt>
    <trkpt lat="48.283750" lon="-4.484420"><ele>19.0</ele></trkpt>
    <trkpt lat="48.283690" lon="-4.484700"><ele>19.0</ele></trkpt>
    <trkpt lat="48.283570" lon="-4.484940"><ele>17.0</ele></trkpt>
    <trkpt lat="48.283560" lon="-4.485120"><ele>18.0</ele></trkpt>
    <trkpt lat="48.283450" lon="-4.485360"><ele>16.0</ele></trkpt>
    <trkpt lat="48.283210" lon="-4.486200"><ele>19.0</ele></trkpt>
    <trkpt lat="48.282990" lon="-4.486690"><ele>22.0</ele></trkpt>
    <trkpt lat="48.282840" lon="-4.486840"><ele>21.0</ele></trkpt>
    <trkpt lat="48.282760" lon="-4.487020"><ele>23.0</ele></trkpt>
    <trkpt lat="48.282630" lon="-4.488170"><ele>20.0</ele></trkpt>
    <trkpt lat="48.282690" lon="-4.488380"><ele>21.0</ele></trkpt>
    <trkpt lat="48.282690" lon="-4.488520"><ele>20.0</ele></trkpt>
    <trkpt lat="48.282540" lon="-4.488570"><ele>28.0</ele></trkpt>
    <trkpt lat="48.282520" lon="-4.488740"><ele>19.0</ele></trkpt>
    <trkpt lat="48.282540" lon="-4.489020"><ele>18.0</ele></trkpt>
    <trkpt lat="48.282460" lon="-4.489280"><ele>18.0</ele></trkpt>
    <trkpt lat="48.282430" lon="-4.490170"><ele>16.0</ele></trkpt>
    <trkpt lat="48.282450" lon="-4.490430"><ele>13.0</ele></trkpt>
    <trkpt lat="48.282420" lon="-4.490520"><ele>13.0</ele></trkpt>
    <trkpt lat="48.282420" lon="-4.490910"><ele>13.0</ele></trkpt>
    <trkpt lat="48.282390" lon="-4.491010"><ele>20.0</ele></trkpt>
    <trkpt lat="48.282420" lon="-4.491080"><ele>12.0</ele></trkpt>
    <trkpt lat="48.282410" lon="-4.491430"><ele>15.0</ele></trkpt>
    <trkpt lat="48.282340" lon="-4.492090"><ele>14.0</ele></trkpt>
    <trkpt lat="48.282420" lon="-4.492370"><ele>14.0</ele></trkpt>
    <trkpt lat="48.282400" lon="-4.492470"><ele>18.0</ele></trkpt>
    <trkpt lat="48.282430" lon="-4.492650"><ele>15.0</ele></trkpt>
    <trkpt lat="48.282400" lon="-4.492700"><ele>19.0</ele></trkpt>
    <trkpt lat="48.282390" lon="-4.492840"><ele>17.0</ele></trkpt>
    <trkpt lat="48.282490" lon="-4.493080"><ele>15.0</ele></trkpt>
    <trkpt lat="48.282540" lon="-4.493690"><ele>14.0</ele></trkpt>
    <trkpt lat="48.282220" lon="-4.494110"><ele>11.0</ele></trkpt>
    <trkpt lat="48.282140" lon="-4.494300"><ele>9.0</ele></trkpt>
    <trkpt lat="48.282030" lon="-4.494370"><ele>9.0</ele></trkpt>
    <trkpt lat="48.281920" lon="-4.494360"><ele>5.0</ele></trkpt>
    <trkpt lat="48.281800" lon="-4.494870"><ele>4.0</ele></trkpt>
    <trkpt lat="48.281570" lon="-4.495330"><ele>7.0</ele></trkpt>
    <trkpt lat="48.281460" lon="-4.495680"><ele>7.0</ele></trkpt>
    <trkpt lat="48.281410" lon="-4.496020"><ele>8.0</ele></trkpt>
    <trkpt lat="48.280770" lon="-4.495940"><ele>12.0</ele></trkpt>
    <trkpt lat="48.280580" lon="-4.496160"><ele>14.0</ele></trkpt>
    <trkpt lat="48.280390" lon="-4.496120"><ele>16.0</ele></trkpt>
    <trkpt lat="48.279700" lon="-4.497160"><ele>27.0</ele></trkpt>
    <trkpt lat="48.280030" lon="-4.497710"><ele>30.0</ele></trkpt>
    <trkpt lat="48.280160" lon="-4.498160"><ele>33.0</ele></trkpt>
    <trkpt lat="48.279890" lon="-4.498650"><ele>32.0</ele></trkpt>
    <trkpt lat="48.279940" lon="-4.499120"><ele>32.0</ele></trkpt>
    <trkpt lat="48.279730" lon="-4.500160"><ele>27.0</ele></trkpt>
    <trkpt lat="48.279550" lon="-4.500430"><ele>27.0</ele></trkpt>
    <trkpt lat="48.279050" lon="-4.500210"><ele>26.0</ele></trkpt>
    <trkpt lat="48.279150" lon="-4.501510"><ele>21.0</ele></trkpt>
    <trkpt lat="48.279240" lon="-4.502020"><ele>18.0</ele></trkpt>
    <trkpt lat="48.279630" lon="-4.502330"><ele>15.0</ele></trkpt>
    <trkpt lat="48.280530" lon="-4.502360"><ele>10.0</ele></trkpt>
    <trkpt lat="48.280800" lon="-4.502670"><ele>7.0</ele></trkpt>
    <trkpt lat="48.281160" lon="-4.503960"><ele>5.0</ele></trkpt>
    <trkpt lat="48.281490" lon="-4.504810"><ele>5.0</ele></trkpt>
    <trkpt lat="48.281830" lon="-4.505580"><ele>4.0</ele></trkpt>
    <trkpt lat="48.283030" lon="-4.507600"><ele>2.0</ele></trkpt>
    <trkpt lat="48.283520" lon="-4.508350"><ele>2.0</ele></trkpt>
    <trkpt lat="48.283880" lon="-4.508770"><ele>4.0</ele></trkpt>
    <trkpt lat="48.284170" lon="-4.508990"><ele>4.0</ele></trkpt>
    <trkpt lat="48.284010" lon="-4.508870"><ele>4.0</ele></trkpt>
    <trkpt lat="48.284430" lon="-4.509050"><ele>4.0</ele></trkpt>
    <trkpt lat="48.284580" lon="-4.508610"><ele>4.0</ele></trkpt>
    <trkpt lat="48.284850" lon="-4.508310"><ele>4.0</ele></trkpt>
    <trkpt lat="48.285020" lon="-4.507920"><ele>4.0</ele></trkpt>
    <trkpt lat="48.285280" lon="-4.507600"><ele>4.0</ele></trkpt>
    <trkpt lat="48.285440" lon="-4.507800"><ele>4.0</ele></trkpt>
    <trkpt lat="48.285930" lon="-4.507150"><ele>4.0</ele></trkpt>
    <trkpt lat="48.285990" lon="-4.507000"><ele>2.0</ele></trkpt>
    <trkpt lat="48.286130" lon="-4.507270"><ele>5.0</ele></trkpt>
    <trkpt lat="48.286310" lon="-4.507880"><ele>6.0</ele></trkpt>
    <trkpt lat="48.286230" lon="-4.508470"><ele>7.0</ele></trkpt>
    <trkpt lat="48.286250" lon="-4.509080"><ele>9.0</ele></trkpt>
    <trkpt lat="48.286130" lon="-4.510250"><ele>13.0</ele></trkpt>
    <trkpt lat="48.286090" lon="-4.511050"><ele>17.0</ele></trkpt>
    <trkpt lat="48.286110" lon="-4.511260"><ele>18.0</ele></trkpt>
    <trkpt lat="48.286460" lon="-4.511430"><ele>20.0</ele></trkpt>
    <trkpt lat="48.287300" lon="-4.512130"><ele>20.0</ele></trkpt>
    <trkpt lat="48.287580" lon="-4.512170"><ele>20.0</ele></trkpt>
    <trkpt lat="48.288090" lon="-4.512090"><ele>21.0</ele></trkpt>
    <trkpt lat="48.288370" lon="-4.512280"><ele>24.0</ele></trkpt>
    <trkpt lat="48.288550" lon="-4.512680"><ele>24.0</ele></trkpt>
    <trkpt lat="48.288840" lon="-4.512960"><ele>22.0</ele></trkpt>
    <trkpt lat="48.289390" lon="-4.513750"><ele>16.0</ele></trkpt>
    <trkpt lat="48.291030" lon="-4.516400"><ele>4.0</ele></trkpt>
    <trkpt lat="48.291510" lon="-4.517310"><ele>7.0</ele></trkpt>
    <trkpt lat="48.291590" lon="-4.517480"><ele>7.0</ele></trkpt>
    <trkpt lat="48.291580" lon="-4.517530"><ele>7.0</ele></trkpt>
    <trkpt lat="48.291740" lon="-4.517580"><ele>7.0</ele></trkpt>
    <trkpt lat="48.291800" lon="-4.517960"><ele>8.0</ele></trkpt>
    <trkpt lat="48.291780" lon="-4.518040"><ele>8.0</ele></trkpt>
    <trkpt lat="48.291330" lon="-4.518460"><ele>9.0</ele></trkpt>
    <trkpt lat="48.291620" lon="-4.519050"><ele>9.0</ele></trkpt>
    <trkpt lat="48.291780" lon="-4.519260"><ele>8.0</ele></trkpt>
    <trkpt lat="48.292360" lon="-4.519660"><ele>6.0</ele></trkpt>
    <trkpt lat="48.292610" lon="-4.520030"><ele>6.0</ele></trkpt>
    <trkpt lat="48.292960" lon="-4.520850"><ele>8.0</ele></trkpt>
    <trkpt lat="48.292980" lon="-4.521230"><ele>8.0</ele></trkpt>
    <trkpt lat="48.292940" lon="-4.521450"><ele>9.0</ele></trkpt>
    <trkpt lat="48.292690" lon="-4.521860"><ele>6.0</ele></trkpt>
    <trkpt lat="48.292580" lon="-4.521980"><ele>6.0</ele></trkpt>
    <trkpt lat="48.292380" lon="-4.521980"><ele>5.0</ele></trkpt>
    <trkpt lat="48.291460" lon="-4.521700"><ele>3.0</ele></trkpt>
    <trkpt lat="48.291110" lon="-4.521750"><ele>3.0</ele></trkpt>
    <trkpt lat="48.290640" lon="-4.521140"><ele>6.0</ele></trkpt>
    <trkpt lat="48.290040" lon="-4.520950"><ele>9.0</ele></trkpt>
    <trkpt lat="48.289770" lon="-4.520740"><ele>11.0</ele></trkpt>
    <trkpt lat="48.289590" lon="-4.520430"><ele>12.0</ele></trkpt>
    <trkpt lat="48.289560" lon="-4.520190"><ele>12.0</ele></trkpt>
    <trkpt lat="48.289250" lon="-4.520030"><ele>12.0</ele></trkpt>
    <trkpt lat="48.289010" lon="-4.520010"><ele>12.0</ele></trkpt>
    <trkpt lat="48.288770" lon="-4.520200"><ele>14.0</ele></trkpt>
    <trkpt lat="48.288530" lon="-4.520600"><ele>17.0</ele></trkpt>
    <trkpt lat="48.287860" lon="-4.521040"><ele>20.0</ele></trkpt>
    <trkpt lat="48.287700" lon="-4.521210"><ele>21.0</ele></trkpt>
    <trkpt lat="48.287230" lon="-4.522260"><ele>22.0</ele></trkpt>
    <trkpt lat="48.286790" lon="-4.522940"><ele>22.0</ele></trkpt>
    <trkpt lat="48.285920" lon="-4.524040"><ele>22.0</ele></trkpt>
    <trkpt lat="48.285750" lon="-4.524190"><ele>22.0</ele></trkpt>
    <trkpt lat="48.285200" lon="-4.524450"><ele>22.0</ele></trkpt>
    <trkpt lat="48.284990" lon="-4.524650"><ele>21.0</ele></trkpt>
    <trkpt lat="48.284850" lon="-4.524910"><ele>21.0</ele></trkpt>
    <trkpt lat="48.284750" lon="-4.524980"><ele>23.0</ele></trkpt>
    <trkpt lat="48.284550" lon="-4.524970"><ele>24.0</ele></trkpt>
    <trkpt lat="48.283570" lon="-4.525400"><ele>26.0</ele></trkpt>
    <trkpt lat="48.283220" lon="-4.525560"><ele>27.0</ele></trkpt>
    <trkpt lat="48.283000" lon="-4.525780"><ele>26.0</ele></trkpt>
    <trkpt lat="48.283230" lon="-4.526160"><ele>26.0</ele></trkpt>
    <trkpt lat="48.283840" lon="-4.526910"><ele>23.0</ele></trkpt>
    <trkpt lat="48.284310" lon="-4.527380"><ele>21.0</ele></trkpt>
    <trkpt lat="48.284390" lon="-4.527560"><ele>21.0</ele></trkpt>
    <trkpt lat="48.284440" lon="-4.528180"><ele>19.0</ele></trkpt>
    <trkpt lat="48.284330" lon="-4.528500"><ele>20.0</ele></trkpt>
    <trkpt lat="48.284140" lon="-4.528850"><ele>21.0</ele></trkpt>
    <trkpt lat="48.283920" lon="-4.529610"><ele>22.0</ele></trkpt>
    <trkpt lat="48.283760" lon="-4.530030"><ele>23.0</ele></trkpt>
    <trkpt lat="48.283660" lon="-4.530240"><ele>24.0</ele></trkpt>
    <trkpt lat="48.283350" lon="-4.530710"><ele>25.0</ele></trkpt>
    <trkpt lat="48.283130" lon="-4.531310"><ele>24.0</ele></trkpt>
    <trkpt lat="48.282900" lon="-4.531460"><ele>25.0</ele></trkpt>
    <trkpt lat="48.282850" lon="-4.531430"><ele>29.0</ele></trkpt>
    <trkpt lat="48.282750" lon="-4.531620"><ele>26.0</ele></trkpt>
    <trkpt lat="48.282370" lon="-4.532090"><ele>25.0</ele></trkpt>
    <trkpt lat="48.281360" lon="-4.532710"><ele>16.0</ele></trkpt>
    <trkpt lat="48.282100" lon="-4.534410"><ele>13.0</ele></trkpt>
    <trkpt lat="48.282000" lon="-4.534700"><ele>13.0</ele></trkpt>
    <trkpt lat="48.281910" lon="-4.535180"><ele>13.0</ele></trkpt>
    <trkpt lat="48.281550" lon="-4.535840"><ele>17.0</ele></trkpt>
    <trkpt lat="48.281460" lon="-4.536160"><ele>21.0</ele></trkpt>
    <trkpt lat="48.281390" lon="-4.537010"><ele>22.0</ele></trkpt>
    <trkpt lat="48.281550" lon="-4.537890"><ele>22.0</ele></trkpt>
    <trkpt lat="48.281910" lon="-4.539020"><ele>21.0</ele></trkpt>
    <trkpt lat="48.282000" lon="-4.539420"><ele>21.0</ele></trkpt>
    <trkpt lat="48.281980" lon="-4.540050"><ele>21.0</ele></trkpt>
    <trkpt lat="48.281860" lon="-4.540860"><ele>25.0</ele></trkpt>
    <trkpt lat="48.281660" lon="-4.541530"><ele>27.0</ele></trkpt>
    <trkpt lat="48.281260" lon="-4.543600"><ele>30.0</ele></trkpt>
    <trkpt lat="48.281560" lon="-4.544920"><ele>37.0</ele></trkpt>
    <trkpt lat="48.281520" lon="-4.545140"><ele>38.0</ele></trkpt>
    <trkpt lat="48.281060" lon="-4.545390"><ele>39.0</ele></trkpt>
    <trkpt lat="48.280850" lon="-4.545860"><ele>43.0</ele></trkpt>
    <trkpt lat="48.280340" lon="-4.546810"><ele>51.0</ele></trkpt>
    <trkpt lat="48.280710" lon="-4.548960"><ele>58.0</ele></trkpt>
    <trkpt lat="48.280930" lon="-4.551020"><ele>60.0</ele></trkpt>
    <trkpt lat="48.281060" lon="-4.551660"><ele>60.0</ele></trkpt>
    <trkpt lat="48.281410" lon="-4.552530"><ele>60.0</ele></trkpt>
    <trkpt lat="48.281500" lon="-4.552710"><ele>60.0</ele></trkpt>
    <trkpt lat="48.281870" lon="-4.553180"><ele>59.0</ele></trkpt>
    <trkpt lat="48.282780" lon="-4.553840"><ele>58.0</ele></trkpt>
    <trkpt lat="48.283570" lon="-4.554710"><ele>57.0</ele></trkpt>
    <trkpt lat="48.283770" lon="-4.554850"><ele>57.0</ele></trkpt>
    <trkpt lat="48.284130" lon="-4.554970"><ele>57.0</ele></trkpt>
    <trkpt lat="48.284940" lon="-4.555040"><ele>57.0</ele></trkpt>
    <trkpt lat="48.286790" lon="-4.554850"><ele>53.0</ele></trkpt>
    <trkpt lat="48.286860" lon="-4.554890"><ele>53.0</ele></trkpt>
    <trkpt lat="48.286960" lon="-4.555070"><ele>52.0</ele></trkpt>
    <trkpt lat="48.287240" lon="-4.555220"><ele>50.0</ele></trkpt>
    <trkpt lat="48.287950" lon="-4.555290"><ele>50.0</ele></trkpt>
    <trkpt lat="48.288050" lon="-4.555250"><ele>50.0</ele></trkpt>
    <trkpt lat="48.288100" lon="-4.555150"><ele>50.0</ele></trkpt>
    <trkpt lat="48.288320" lon="-4.555040"><ele>49.0</ele></trkpt>
    <trkpt lat="48.288640" lon="-4.555180"><ele>48.0</ele></trkpt>
    <trkpt lat="48.288840" lon="-4.555180"><ele>47.0</ele></trkpt>
    <trkpt lat="48.289070" lon="-4.555110"><ele>45.0</ele></trkpt>
    <trkpt lat="48.289300" lon="-4.555180"><ele>43.0</ele></trkpt>
    <trkpt lat="48.289770" lon="-4.555550"><ele>36.0</ele></trkpt>
    <trkpt lat="48.289920" lon="-4.555760"><ele>31.0</ele></trkpt>
    <trkpt lat="48.290050" lon="-4.555790"><ele>31.0</ele></trkpt>
    <trkpt lat="48.290100" lon="-4.554330"><ele>24.0</ele></trkpt>
    <trkpt lat="48.290380" lon="-4.554470"><ele>22.0</ele></trkpt>
    <trkpt lat="48.290540" lon="-4.554500"><ele>21.0</ele></trkpt>
    <trkpt lat="48.290810" lon="-4.554500"><ele>19.0</ele></trkpt>
    <trkpt lat="48.291240" lon="-4.554430"><ele>16.0</ele></trkpt>
    <trkpt lat="48.291400" lon="-4.554430"><ele>15.0</ele></trkpt>
    <trkpt lat="48.291650" lon="-4.554500"><ele>14.0</ele></trkpt>
    <trkpt lat="48.291880" lon="-4.554590"><ele>12.0</ele></trkpt>
    <trkpt lat="48.292480" lon="-4.555110"><ele>8.0</ele></trkpt>
    <trkpt lat="48.292710" lon="-4.555190"><ele>8.0</ele></trkpt>
    <trkpt lat="48.292700" lon="-4.554640"><ele>8.0</ele></trkpt>
    <trkpt lat="48.292660" lon="-4.554310"><ele>8.0</ele></trkpt>
    <trkpt lat="48.292220" lon="-4.553280"><ele>9.0</ele></trkpt>
    <trkpt lat="48.292080" lon="-4.552830"><ele>9.0</ele></trkpt>
    <trkpt lat="48.291930" lon="-4.552240"><ele>9.0</ele></trkpt>
    <trkpt lat="48.291730" lon="-4.551120"><ele>9.0</ele></trkpt>
    <trkpt lat="48.291680" lon="-4.550580"><ele>9.0</ele></trkpt>
    <trkpt lat="48.291700" lon="-4.550110"><ele>9.0</ele></trkpt>
    <trkpt lat="48.291750" lon="-4.549740"><ele>9.0</ele></trkpt>
    <trkpt lat="48.293180" lon="-4.550910"><ele>5.0</ele></trkpt>
    <trkpt lat="48.293310" lon="-4.551080"><ele>5.0</ele></trkpt>
    <trkpt lat="48.294280" lon="-4.552690"><ele>4.0</ele></trkpt>
    <trkpt lat="48.294760" lon="-4.553320"><ele>4.0</ele></trkpt>
    <trkpt lat="48.295010" lon="-4.553550"><ele>4.0</ele></trkpt>
    <trkpt lat="48.295160" lon="-4.553560"><ele>4.0</ele></trkpt>
    <trkpt lat="48.295560" lon="-4.553000"><ele>3.0</ele></trkpt>
    <trkpt lat="48.295660" lon="-4.552950"><ele>2.0</ele></trkpt>
    <trkpt lat="48.295800" lon="-4.553000"><ele>3.0</ele></trkpt>
    <trkpt lat="48.296480" lon="-4.554750"><ele>5.0</ele></trkpt>
    <trkpt lat="48.296740" lon="-4.555040"><ele>6.0</ele></trkpt>
    <trkpt lat="48.297630" lon="-4.555320"><ele>15.0</ele></trkpt>
    <trkpt lat="48.298120" lon="-4.555790"><ele>15.0</ele></trkpt>
    <trkpt lat="48.298950" lon="-4.556400"><ele>14.0</ele></trkpt>
    <trkpt lat="48.299410" lon="-4.556610"><ele>17.0</ele></trkpt>
    <trkpt lat="48.300020" lon="-4.556820"><ele>19.0</ele></trkpt>
    <trkpt lat="48.300470" lon="-4.556800"><ele>20.0</ele></trkpt>
    <trkpt lat="48.300640" lon="-4.556750"><ele>20.0</ele></trkpt>
    <trkpt lat="48.300760" lon="-4.556700"><ele>20.0</ele></trkpt>
    <trkpt lat="48.301330" lon="-4.556230"><ele>13.0</ele></trkpt>
    <trkpt lat="48.301550" lon="-4.556140"><ele>12.0</ele></trkpt>
    <trkpt lat="48.301900" lon="-4.556070"><ele>10.0</ele></trkpt>
    <trkpt lat="48.303420" lon="-4.556350"><ele>6.0</ele></trkpt>
    <trkpt lat="48.303620" lon="-4.556330"><ele>6.0</ele></trkpt>
    <trkpt lat="48.303850" lon="-4.556230"><ele>6.0</ele></trkpt>
    <trkpt lat="48.304770" lon="-4.555440"><ele>4.0</ele></trkpt>
    <trkpt lat="48.304980" lon="-4.555180"><ele>3.0</ele></trkpt>
    <trkpt lat="48.305120" lon="-4.554970"><ele>3.0</ele></trkpt>
    <trkpt lat="48.305960" lon="-4.553030"><ele>10.0</ele></trkpt>
    <trkpt lat="48.306340" lon="-4.552530"><ele>13.0</ele></trkpt>
    <trkpt lat="48.306570" lon="-4.552360"><ele>14.0</ele></trkpt>
    <trkpt lat="48.306720" lon="-4.552310"><ele>16.0</ele></trkpt>
    <trkpt lat="48.306880" lon="-4.554800"><ele>26.0</ele></trkpt>
    <trkpt lat="48.307150" lon="-4.554590"><ele>30.0</ele></trkpt>
    <trkpt lat="48.308190" lon="-4.554270"><ele>41.0</ele></trkpt>
    <trkpt lat="48.308170" lon="-4.554930"><ele>43.0</ele></trkpt>
    <trkpt lat="48.308210" lon="-4.555380"><ele>43.0</ele></trkpt>
    <trkpt lat="48.308440" lon="-4.555890"><ele>45.0</ele></trkpt>
    <trkpt lat="48.308810" lon="-4.555930"><ele>46.0</ele></trkpt>
    <trkpt lat="48.308920" lon="-4.556120"><ele>49.0</ele></trkpt>
    <trkpt lat="48.308940" lon="-4.557440"><ele>48.0</ele></trkpt>
    <trkpt lat="48.309410" lon="-4.557480"><ele>54.0</ele></trkpt>
    <trkpt lat="48.310190" lon="-4.557660"><ele>57.0</ele></trkpt>
    <trkpt lat="48.310930" lon="-4.557660"><ele>59.0</ele></trkpt>
    <trkpt lat="48.312180" lon="-4.557270"><ele>59.0</ele></trkpt>
    <trkpt lat="48.313860" lon="-4.556470"><ele>58.0</ele></trkpt>
    <trkpt lat="48.314700" lon="-4.556280"><ele>57.0</ele></trkpt>
    <trkpt lat="48.315200" lon="-4.555950"><ele>57.0</ele></trkpt>
    <trkpt lat="48.315460" lon="-4.555860"><ele>58.0</ele></trkpt>
    <trkpt lat="48.316980" lon="-4.555830"><ele>59.0</ele></trkpt>
    <trkpt lat="48.317240" lon="-4.555790"><ele>59.0</ele></trkpt>
    <trkpt lat="48.318050" lon="-4.555510"><ele>60.0</ele></trkpt>
    <trkpt lat="48.319210" lon="-4.555270"><ele>63.0</ele></trkpt>
    <trkpt lat="48.319470" lon="-4.555180"><ele>63.0</ele></trkpt>
    <trkpt lat="48.319590" lon="-4.555070"><ele>63.0</ele></trkpt>
    <trkpt lat="48.319850" lon="-4.555990"><ele>65.0</ele></trkpt>
    <trkpt lat="48.319940" lon="-4.556440"><ele>66.0</ele></trkpt>
    <trkpt lat="48.320050" lon="-4.557610"><ele>66.0</ele></trkpt>
    <trkpt lat="48.323080" lon="-4.556000"><ele>67.0</ele></trkpt>
    <trkpt lat="48.324850" lon="-4.553770"><ele>71.0</ele></trkpt>
    <trkpt lat="48.325260" lon="-4.553440"><ele>72.0</ele></trkpt>
    <trkpt lat="48.326410" lon="-4.553070"><ele>72.0</ele></trkpt>
    <trkpt lat="48.327620" lon="-4.552410"><ele>68.0</ele></trkpt>
    <trkpt lat="48.327470" lon="-4.551950"><ele>66.0</ele></trkpt>
    <trkpt lat="48.328190" lon="-4.551540"><ele>64.0</ele></trkpt>
    <trkpt lat="48.328190" lon="-4.550910"><ele>63.0</ele></trkpt>
    <trkpt lat="48.328420" lon="-4.549650"><ele>60.0</ele></trkpt>
    <trkpt lat="48.328530" lon="-4.548700"><ele>59.0</ele></trkpt>
    <trkpt lat="48.328510" lon="-4.548380"><ele>59.0</ele></trkpt>
    <trkpt lat="48.329000" lon="-4.547970"><ele>59.0</ele></trkpt>
    <trkpt lat="48.329600" lon="-4.547580"><ele>60.0</ele></trkpt>
    <trkpt lat="48.329750" lon="-4.547370"><ele>61.0</ele></trkpt>
    <trkpt lat="48.330270" lon="-4.546920"><ele>62.0</ele></trkpt>
    <trkpt lat="48.331000" lon="-4.546520"><ele>62.0</ele></trkpt>
    <trkpt lat="48.332260" lon="-4.545330"><ele>61.0</ele></trkpt>
    <trkpt lat="48.332240" lon="-4.544640"><ele>63.0</ele></trkpt>
    <trkpt lat="48.332330" lon="-4.544060"><ele>64.0</ele></trkpt>
    <trkpt lat="48.332330" lon="-4.543730"><ele>64.0</ele></trkpt>
    <trkpt lat="48.332240" lon="-4.543440"><ele>64.0</ele></trkpt>
    <trkpt lat="48.332370" lon="-4.543310"><ele>65.0</ele></trkpt>
    <trkpt lat="48.332740" lon="-4.543140"><ele>65.0</ele></trkpt>
    <trkpt lat="48.332920" lon="-4.542930"><ele>65.0</ele></trkpt>
    <trkpt lat="48.333010" lon="-4.542770"><ele>66.0</ele></trkpt>
    <trkpt lat="48.333580" lon="-4.542250"><ele>65.0</ele></trkpt>
    <trkpt lat="48.333300" lon="-4.541300"><ele>62.0</ele></trkpt>
    <trkpt lat="48.337790" lon="-4.538380"><ele>74.0</ele></trkpt>
    <trkpt lat="48.338180" lon="-4.538170"><ele>74.0</ele></trkpt>
    <trkpt lat="48.338650" lon="-4.538180"><ele>75.0</ele></trkpt>
    <trkpt lat="48.338940" lon="-4.537970"><ele>75.0</ele></trkpt>
    <trkpt lat="48.339160" lon="-4.538130"><ele>75.0</ele></trkpt>
    <trkpt lat="48.339670" lon="-4.537030"><ele>72.0</ele></trkpt>
    <trkpt lat="48.339750" lon="-4.536380"><ele>72.0</ele></trkpt>
    <trkpt lat="48.339710" lon="-4.536050"><ele>73.0</ele></trkpt>
    <trkpt lat="48.340070" lon="-4.535460"><ele>72.0</ele></trkpt>
    <trkpt lat="48.340370" lon="-4.534830"><ele>69.0</ele></trkpt>
    <trkpt lat="48.340780" lon="-4.534120"><ele>68.0</ele></trkpt>
    <trkpt lat="48.340980" lon="-4.533930"><ele>68.0</ele></trkpt>
    <trkpt lat="48.340990" lon="-4.534180"><ele>68.0</ele></trkpt>
    <trkpt lat="48.340880" lon="-4.534600"><ele>69.0</ele></trkpt>
    <trkpt lat="48.341030" lon="-4.534300"><ele>66.0</ele></trkpt>
    <trkpt lat="48.340970" lon="-4.534630"><ele>64.0</ele></trkpt>
    <trkpt lat="48.340990" lon="-4.534670"><ele>61.0</ele></trkpt>
    <trkpt lat="48.341060" lon="-4.534440"><ele>63.0</ele></trkpt>
    <trkpt lat="48.341120" lon="-4.534390"><ele>54.0</ele></trkpt>
    <trkpt lat="48.341070" lon="-4.534810"><ele>57.0</ele></trkpt>
    <trkpt lat="48.341110" lon="-4.534810"><ele>45.0</ele></trkpt>
    <trkpt lat="48.341150" lon="-4.534700"><ele>45.0</ele></trkpt>
    <trkpt lat="48.341200" lon="-4.534880"><ele>52.0</ele></trkpt>
    <trkpt lat="48.341220" lon="-4.534880"><ele>45.0</ele></trkpt>
    <trkpt lat="48.341220" lon="-4.534630"><ele>47.0</ele></trkpt>
    <trkpt lat="48.341310" lon="-4.534790"><ele>32.0</ele></trkpt>
    <trkpt lat="48.341360" lon="-4.534630"><ele>31.0</ele></trkpt>
    <trkpt lat="48.341400" lon="-4.534650"><ele>31.0</ele></trkpt>
    <trkpt lat="48.341450" lon="-4.534530"><ele>22.0</ele></trkpt>
    <trkpt lat="48.341570" lon="-4.534590"><ele>22.0</ele></trkpt>
    <trkpt lat="48.341420" lon="-4.535210"><ele>24.0</ele></trkpt>
    <trkpt lat="48.341430" lon="-4.535330"><ele>11.0</ele></trkpt>
    <trkpt lat="48.341400" lon="-4.535350"><ele>25.0</ele></trkpt>
    <trkpt lat="48.341300" lon="-4.535660"><ele>25.0</ele></trkpt>
    <trkpt lat="48.341180" lon="-4.535850"><ele>28.0</ele></trkpt>
    <trkpt lat="48.340990" lon="-4.536430"><ele>31.0</ele></trkpt>
    <trkpt lat="48.340840" lon="-4.536710"><ele>34.0</ele></trkpt>
    <trkpt lat="48.340850" lon="-4.536950"><ele>37.0</ele></trkpt>
    <trkpt lat="48.340500" lon="-4.538450"><ele>36.0</ele></trkpt>
    <trkpt lat="48.340380" lon="-4.538680"><ele>35.0</ele></trkpt>
    <trkpt lat="48.340360" lon="-4.538800"><ele>35.0</ele></trkpt>
    <trkpt lat="48.340270" lon="-4.538990"><ele>35.0</ele></trkpt>
    <trkpt lat="48.340220" lon="-4.539340"><ele>39.0</ele></trkpt>
    <trkpt lat="48.339990" lon="-4.539860"><ele>44.0</ele></trkpt>
    <trkpt lat="48.339870" lon="-4.540230"><ele>47.0</ele></trkpt>
    <trkpt lat="48.339880" lon="-4.540700"><ele>47.0</ele></trkpt>
    <trkpt lat="48.340050" lon="-4.541450"><ele>52.0</ele></trkpt>
    <trkpt lat="48.339980" lon="-4.541950"><ele>57.0</ele></trkpt>
    <trkpt lat="48.339880" lon="-4.542230"><ele>59.0</ele></trkpt>
    <trkpt lat="48.339770" lon="-4.542700"><ele>61.0</ele></trkpt>
    <trkpt lat="48.339530" lon="-4.542980"><ele>61.0</ele></trkpt>
    <trkpt lat="48.339310" lon="-4.543010"><ele>61.0</ele></trkpt>
    <trkpt lat="48.339290" lon="-4.543170"><ele>59.0</ele></trkpt>
    <trkpt lat="48.339210" lon="-4.543330"><ele>57.0</ele></trkpt>
    <trkpt lat="48.338820" lon="-4.543730"><ele>53.0</ele></trkpt>
    <trkpt lat="48.338480" lon="-4.543930"><ele>48.0</ele></trkpt>
    <trkpt lat="48.338380" lon="-4.544130"><ele>47.0</ele></trkpt>
    <trkpt lat="48.338180" lon="-4.544640"><ele>42.0</ele></trkpt>
    <trkpt lat="48.338140" lon="-4.544970"><ele>39.0</ele></trkpt>
    <trkpt lat="48.338190" lon="-4.545310"><ele>37.0</ele></trkpt>
    <trkpt lat="48.338180" lon="-4.545680"><ele>32.0</ele></trkpt>
    <trkpt lat="48.338000" lon="-4.545960"><ele>32.0</ele></trkpt>
    <trkpt lat="48.338040" lon="-4.546260"><ele>35.0</ele></trkpt>
    <trkpt lat="48.337760" lon="-4.546580"><ele>39.0</ele></trkpt>
    <trkpt lat="48.337790" lon="-4.546680"><ele>40.0</ele></trkpt>
    <trkpt lat="48.337720" lon="-4.547150"><ele>47.0</ele></trkpt>
    <trkpt lat="48.337630" lon="-4.547410"><ele>50.0</ele></trkpt>
    <trkpt lat="48.337460" lon="-4.548920"><ele>59.0</ele></trkpt>
    <trkpt lat="48.337350" lon="-4.550240"><ele>63.0</ele></trkpt>
    <trkpt lat="48.337110" lon="-4.551850"><ele>65.0</ele></trkpt>
    <trkpt lat="48.337240" lon="-4.551890"><ele>65.0</ele></trkpt>
    <trkpt lat="48.337460" lon="-4.552410"><ele>67.0</ele></trkpt>
    <trkpt lat="48.337480" lon="-4.552880"><ele>66.0</ele></trkpt>
    <trkpt lat="48.337520" lon="-4.553030"><ele>65.0</ele></trkpt>
    <trkpt lat="48.337280" lon="-4.553700"><ele>65.0</ele></trkpt>
    <trkpt lat="48.337190" lon="-4.553840"><ele>66.0</ele></trkpt>
    <trkpt lat="48.337050" lon="-4.553910"><ele>65.0</ele></trkpt>
    <trkpt lat="48.336430" lon="-4.553980"><ele>68.0</ele></trkpt>
    <trkpt lat="48.336260" lon="-4.554550"><ele>68.0</ele></trkpt>
    <trkpt lat="48.336430" lon="-4.554780"><ele>67.0</ele></trkpt>
    <trkpt lat="48.336420" lon="-4.554900"><ele>66.0</ele></trkpt>
    <trkpt lat="48.336180" lon="-4.555110"><ele>66.0</ele></trkpt>
    <trkpt lat="48.336030" lon="-4.555340"><ele>65.0</ele></trkpt>
    <trkpt lat="48.335820" lon="-4.555390"><ele>65.0</ele></trkpt>
    <trkpt lat="48.335780" lon="-4.555440"><ele>65.0</ele></trkpt>
    <trkpt lat="48.335730" lon="-4.555650"><ele>65.0</ele></trkpt>
    <trkpt lat="48.335620" lon="-4.555760"><ele>63.0</ele></trkpt>
    <trkpt lat="48.335370" lon="-4.555880"><ele>61.0</ele></trkpt>
    <trkpt lat="48.335140" lon="-4.556210"><ele>56.0</ele></trkpt>
    <trkpt lat="48.335090" lon="-4.556330"><ele>58.0</ele></trkpt>
    <trkpt lat="48.335020" lon="-4.556350"><ele>58.0</ele></trkpt>
    <trkpt lat="48.334900" lon="-4.556510"><ele>54.0</ele></trkpt>
    <trkpt lat="48.334900" lon="-4.556560"><ele>54.0</ele></trkpt>
    <trkpt lat="48.334810" lon="-4.556610"><ele>54.0</ele></trkpt>
    <trkpt lat="48.334870" lon="-4.557170"><ele>55.0</ele></trkpt>
    <trkpt lat="48.334840" lon="-4.557310"><ele>55.0</ele></trkpt>
    <trkpt lat="48.334800" lon="-4.557410"><ele>54.0</ele></trkpt>
    <trkpt lat="48.334650" lon="-4.557570"><ele>58.0</ele></trkpt>
    <trkpt lat="48.334620" lon="-4.557880"><ele>58.0</ele></trkpt>
    <trkpt lat="48.334330" lon="-4.558320"><ele>62.0</ele></trkpt>
    <trkpt lat="48.334210" lon="-4.558440"><ele>62.0</ele></trkpt>
    <trkpt lat="48.334210" lon="-4.558580"><ele>62.0</ele></trkpt>
    <trkpt lat="48.334050" lon="-4.558910"><ele>61.0</ele></trkpt>
    <trkpt lat="48.333970" lon="-4.559260"><ele>61.0</ele></trkpt>
    <trkpt lat="48.333780" lon="-4.559780"><ele>60.0</ele></trkpt>
    <trkpt lat="48.333420" lon="-4.560080"><ele>59.0</ele></trkpt>
    <trkpt lat="48.333340" lon="-4.560200"><ele>58.0</ele></trkpt>
    <trkpt lat="48.333290" lon="-4.560200"><ele>58.0</ele></trkpt>
    <trkpt lat="48.333070" lon="-4.560530"><ele>57.0</ele></trkpt>
    <trkpt lat="48.333000" lon="-4.560780"><ele>58.0</ele></trkpt>
    <trkpt lat="48.332470" lon="-4.561250"><ele>59.0</ele></trkpt>
    <trkpt lat="48.332440" lon="-4.561350"><ele>58.0</ele></trkpt>
    <trkpt lat="48.332230" lon="-4.561440"><ele>60.0</ele></trkpt>
    <trkpt lat="48.332220" lon="-4.561490"><ele>60.0</ele></trkpt>
    <trkpt lat="48.332290" lon="-4.561630"><ele>59.0</ele></trkpt>
    <trkpt lat="48.332250" lon="-4.561700"><ele>57.0</ele></trkpt>
    <trkpt lat="48.332240" lon="-4.561820"><ele>57.0</ele></trkpt>
    <trkpt lat="48.332210" lon="-4.561860"><ele>58.0</ele></trkpt>
    <trkpt lat="48.332060" lon="-4.561860"><ele>58.0</ele></trkpt>
    <trkpt lat="48.331550" lon="-4.562360"><ele>59.0</ele></trkpt>
    <trkpt lat="48.331370" lon="-4.562680"><ele>58.0</ele></trkpt>
    <trkpt lat="48.331350" lon="-4.562830"><ele>55.0</ele></trkpt>
    <trkpt lat="48.331000" lon="-4.563150"><ele>54.0</ele></trkpt>
    <trkpt lat="48.330930" lon="-4.563320"><ele>54.0</ele></trkpt>
    <trkpt lat="48.330850" lon="-4.563690"><ele>55.0</ele></trkpt>
    <trkpt lat="48.330860" lon="-4.563810"><ele>57.0</ele></trkpt>
    <trkpt lat="48.330760" lon="-4.564000"><ele>60.0</ele></trkpt>
    <trkpt lat="48.330620" lon="-4.564440"><ele>59.0</ele></trkpt>
    <trkpt lat="48.330530" lon="-4.564980"><ele>61.0</ele></trkpt>
    <trkpt lat="48.330510" lon="-4.565340"><ele>61.0</ele></trkpt>
    <trkpt lat="48.330410" lon="-4.565620"><ele>61.0</ele></trkpt>
    <trkpt lat="48.330340" lon="-4.565690"><ele>61.0</ele></trkpt>
    <trkpt lat="48.330250" lon="-4.565920"><ele>63.0</ele></trkpt>
    <trkpt lat="48.330250" lon="-4.566510"><ele>63.0</ele></trkpt>
    <trkpt lat="48.330220" lon="-4.566630"><ele>63.0</ele></trkpt>
    <trkpt lat="48.330120" lon="-4.566770"><ele>63.0</ele></trkpt>
    <trkpt lat="48.330070" lon="-4.566790"><ele>64.0</ele></trkpt>
    <trkpt lat="48.330040" lon="-4.567450"><ele>64.0</ele></trkpt>
    <trkpt lat="48.329940" lon="-4.567800"><ele>64.0</ele></trkpt>
    <trkpt lat="48.329930" lon="-4.568880"><ele>65.0</ele></trkpt>
    <trkpt lat="48.329890" lon="-4.569420"><ele>65.0</ele></trkpt>
    <trkpt lat="48.329920" lon="-4.569690"><ele>65.0</ele></trkpt>
    <trkpt lat="48.329460" lon="-4.569770"><ele>64.0</ele></trkpt>
    <trkpt lat="48.329130" lon="-4.569500"><ele>65.0</ele></trkpt>
    <trkpt lat="48.328930" lon="-4.569630"><ele>64.0</ele></trkpt>
    <trkpt lat="48.328870" lon="-4.569750"><ele>62.0</ele></trkpt>
    <trkpt lat="48.328680" lon="-4.569910"><ele>61.0</ele></trkpt>
    <trkpt lat="48.328590" lon="-4.570050"><ele>60.0</ele></trkpt>
    <trkpt lat="48.328570" lon="-4.570190"><ele>58.0</ele></trkpt>
    <trkpt lat="48.328440" lon="-4.570300"><ele>53.0</ele></trkpt>
    <trkpt lat="48.328170" lon="-4.570030"><ele>58.0</ele></trkpt>
    <trkpt lat="48.328080" lon="-4.569900"><ele>58.0</ele></trkpt>
    <trkpt lat="48.328000" lon="-4.569610"><ele>59.0</ele></trkpt>
    <trkpt lat="48.327910" lon="-4.569490"><ele>59.0</ele></trkpt>
    <trkpt lat="48.327760" lon="-4.569390"><ele>59.0</ele></trkpt>
    <trkpt lat="48.327720" lon="-4.569300"><ele>59.0</ele></trkpt>
    <trkpt lat="48.327400" lon="-4.569490"><ele>56.0</ele></trkpt>
    <trkpt lat="48.326810" lon="-4.569980"><ele>54.0</ele></trkpt>
    <trkpt lat="48.326740" lon="-4.570310"><ele>52.0</ele></trkpt>
    <trkpt lat="48.326450" lon="-4.570710"><ele>50.0</ele></trkpt>
    <trkpt lat="48.326430" lon="-4.570900"><ele>51.0</ele></trkpt>
    <trkpt lat="48.325930" lon="-4.571410"><ele>48.0</ele></trkpt>
    <trkpt lat="48.325680" lon="-4.571580"><ele>48.0</ele></trkpt>
    <trkpt lat="48.325610" lon="-4.571720"><ele>45.0</ele></trkpt>
    <trkpt lat="48.325610" lon="-4.572070"><ele>45.0</ele></trkpt>
    <trkpt lat="48.325280" lon="-4.572750"><ele>54.0</ele></trkpt>
    <trkpt lat="48.325360" lon="-4.573150"><ele>56.0</ele></trkpt>
    <trkpt lat="48.325130" lon="-4.574020"><ele>59.0</ele></trkpt>
    <trkpt lat="48.325010" lon="-4.574090"><ele>61.0</ele></trkpt>
    <trkpt lat="48.324940" lon="-4.574270"><ele>61.0</ele></trkpt>
    <trkpt lat="48.324750" lon="-4.574160"><ele>61.0</ele></trkpt>
    <trkpt lat="48.324870" lon="-4.574510"><ele>61.0</ele></trkpt>
    <trkpt lat="48.324910" lon="-4.574720"><ele>62.0</ele></trkpt>
    <trkpt lat="48.324910" lon="-4.574910"><ele>61.0</ele></trkpt>
    <trkpt lat="48.324870" lon="-4.575070"><ele>61.0</ele></trkpt>
    <trkpt lat="48.324700" lon="-4.575420"><ele>58.0</ele></trkpt>
    <trkpt lat="48.324550" lon="-4.575850"><ele>58.0</ele></trkpt>
    <trkpt lat="48.324140" lon="-4.576390"><ele>61.0</ele></trkpt>
    <trkpt lat="48.324050" lon="-4.576460"><ele>62.0</ele></trkpt>
    <trkpt lat="48.323910" lon="-4.576530"><ele>62.0</ele></trkpt>
    <trkpt lat="48.323560" lon="-4.576320"><ele>63.0</ele></trkpt>
    <trkpt lat="48.323530" lon="-4.576340"><ele>63.0</ele></trkpt>
    <trkpt lat="48.322280" lon="-4.575790"><ele>66.0</ele></trkpt>
    <trkpt lat="48.322000" lon="-4.576360"><ele>64.0</ele></trkpt>
    <trkpt lat="48.321200" lon="-4.577000"><ele>63.0</ele></trkpt>
    <trkpt lat="48.320780" lon="-4.576970"><ele>63.0</ele></trkpt>
    <trkpt lat="48.320670" lon="-4.576900"><ele>64.0</ele></trkpt>
    <trkpt lat="48.318810" lon="-4.577820"><ele>63.0</ele></trkpt>
    <trkpt lat="48.318730" lon="-4.577820"><ele>62.0</ele></trkpt>
    <trkpt lat="48.318540" lon="-4.577720"><ele>63.0</ele></trkpt>
    <trkpt lat="48.318360" lon="-4.577510"><ele>64.0</ele></trkpt>
    <trkpt lat="48.317900" lon="-4.576770"><ele>65.0</ele></trkpt>
    <trkpt lat="48.317400" lon="-4.575610"><ele>66.0</ele></trkpt>
    <trkpt lat="48.316750" lon="-4.575240"><ele>66.0</ele></trkpt>
    <trkpt lat="48.316690" lon="-4.575170"><ele>64.0</ele></trkpt>
    <trkpt lat="48.316750" lon="-4.574850"><ele>66.0</ele></trkpt>
    <trkpt lat="48.316660" lon="-4.574840"><ele>66.0</ele></trkpt>
    <trkpt lat="48.316620" lon="-4.575000"><ele>66.0</ele></trkpt>
    <trkpt lat="48.316530" lon="-4.575100"><ele>64.0</ele></trkpt>
    <trkpt lat="48.316450" lon="-4.575310"><ele>66.0</ele></trkpt>
    <trkpt lat="48.316390" lon="-4.575380"><ele>66.0</ele></trkpt>
    <trkpt lat="48.316270" lon="-4.575380"><ele>66.0</ele></trkpt>
    <trkpt lat="48.316070" lon="-4.575540"><ele>65.0</ele></trkpt>
    <trkpt lat="48.315670" lon="-4.575540"><ele>65.0</ele></trkpt>
    <trkpt lat="48.315520" lon="-4.575490"><ele>65.0</ele></trkpt>
    <trkpt lat="48.315330" lon="-4.575350"><ele>65.0</ele></trkpt>
    <trkpt lat="48.315300" lon="-4.575260"><ele>58.0</ele></trkpt>
    <trkpt lat="48.315200" lon="-4.575140"><ele>64.0</ele></trkpt>
    <trkpt lat="48.314880" lon="-4.574960"><ele>64.0</ele></trkpt>
    <trkpt lat="48.314340" lon="-4.574300"><ele>64.0</ele></trkpt>
    <trkpt lat="48.313790" lon="-4.573900"><ele>63.0</ele></trkpt>
    <trkpt lat="48.313640" lon="-4.573710"><ele>63.0</ele></trkpt>
    <trkpt lat="48.313360" lon="-4.573500"><ele>61.0</ele></trkpt>
    <trkpt lat="48.313270" lon="-4.573280"><ele>60.0</ele></trkpt>
    <trkpt lat="48.313080" lon="-4.573050"><ele>60.0</ele></trkpt>
    <trkpt lat="48.312970" lon="-4.572980"><ele>61.0</ele></trkpt>
    <trkpt lat="48.312580" lon="-4.573080"><ele>59.0</ele></trkpt>
    <trkpt lat="48.312300" lon="-4.573200"><ele>58.0</ele></trkpt>
    <trkpt lat="48.311850" lon="-4.573010"><ele>56.0</ele></trkpt>
    <trkpt lat="48.311740" lon="-4.573040"><ele>56.0</ele></trkpt>
    <trkpt lat="48.311680" lon="-4.573200"><ele>55.0</ele></trkpt>
    <trkpt lat="48.311100" lon="-4.573640"><ele>51.0</ele></trkpt>
    <trkpt lat="48.310690" lon="-4.573570"><ele>49.0</ele></trkpt>
    <trkpt lat="48.310220" lon="-4.573290"><ele>45.0</ele></trkpt>
    <trkpt lat="48.309940" lon="-4.573010"><ele>41.0</ele></trkpt>
    <trkpt lat="48.309780" lon="-4.572910"><ele>38.0</ele></trkpt>
    <trkpt lat="48.309540" lon="-4.572940"><ele>36.0</ele></trkpt>
    <trkpt lat="48.309320" lon="-4.572800"><ele>33.0</ele></trkpt>
    <trkpt lat="48.309260" lon="-4.572800"><ele>31.0</ele></trkpt>
    <trkpt lat="48.309050" lon="-4.573010"><ele>26.0</ele></trkpt>
    <trkpt lat="48.308850" lon="-4.573130"><ele>27.0</ele></trkpt>
    <trkpt lat="48.308170" lon="-4.573320"><ele>25.0</ele></trkpt>
    <trkpt lat="48.308110" lon="-4.573190"><ele>26.0</ele></trkpt>
    <trkpt lat="48.308020" lon="-4.572650"><ele>28.0</ele></trkpt>
    <trkpt lat="48.307960" lon="-4.572650"><ele>28.0</ele></trkpt>
    <trkpt lat="48.307890" lon="-4.572520"><ele>28.0</ele></trkpt>
    <trkpt lat="48.307880" lon="-4.572170"><ele>24.0</ele></trkpt>
    <trkpt lat="48.307820" lon="-4.571890"><ele>24.0</ele></trkpt>
    <trkpt lat="48.307740" lon="-4.572260"><ele>17.0</ele></trkpt>
    <trkpt lat="48.307680" lon="-4.572400"><ele>19.0</ele></trkpt>
    <trkpt lat="48.307610" lon="-4.572280"><ele>17.0</ele></trkpt>
    <trkpt lat="48.307640" lon="-4.571870"><ele>14.0</ele></trkpt>
    <trkpt lat="48.307590" lon="-4.571880"><ele>8.0</ele></trkpt>
    <trkpt lat="48.307520" lon="-4.572050"><ele>12.0</ele></trkpt>
    <trkpt lat="48.307470" lon="-4.572030"><ele>9.0</ele></trkpt>
    <trkpt lat="48.307290" lon="-4.571790"><ele>12.0</ele></trkpt>
    <trkpt lat="48.306970" lon="-4.571720"><ele>12.0</ele></trkpt>
    <trkpt lat="48.306820" lon="-4.571370"><ele>19.0</ele></trkpt>
    <trkpt lat="48.306800" lon="-4.571180"><ele>28.0</ele></trkpt>
    <trkpt lat="48.306750" lon="-4.571040"><ele>30.0</ele></trkpt>
    <trkpt lat="48.306390" lon="-4.571300"><ele>34.0</ele></trkpt>
    <trkpt lat="48.306280" lon="-4.571320"><ele>34.0</ele></trkpt>
    <trkpt lat="48.306250" lon="-4.571110"><ele>36.0</ele></trkpt>
    <trkpt lat="48.306160" lon="-4.570970"><ele>39.0</ele></trkpt>
    <trkpt lat="48.306140" lon="-4.570800"><ele>40.0</ele></trkpt>
    <trkpt lat="48.306110" lon="-4.570760"><ele>40.0</ele></trkpt>
    <trkpt lat="48.305710" lon="-4.570360"><ele>43.0</ele></trkpt>
    <trkpt lat="48.304720" lon="-4.569630"><ele>50.0</ele></trkpt>
    <trkpt lat="48.304510" lon="-4.569680"><ele>51.0</ele></trkpt>
    <trkpt lat="48.304290" lon="-4.569650"><ele>52.0</ele></trkpt>
    <trkpt lat="48.303840" lon="-4.569840"><ele>53.0</ele></trkpt>
    <trkpt lat="48.303520" lon="-4.569910"><ele>53.0</ele></trkpt>
    <trkpt lat="48.303370" lon="-4.570050"><ele>54.0</ele></trkpt>
    <trkpt lat="48.303030" lon="-4.570150"><ele>53.0</ele></trkpt>
    <trkpt lat="48.302530" lon="-4.570100"><ele>54.0</ele></trkpt>
    <trkpt lat="48.302070" lon="-4.570150"><ele>54.0</ele></trkpt>
    <trkpt lat="48.301920" lon="-4.570120"><ele>55.0</ele></trkpt>
    <trkpt lat="48.301700" lon="-4.569980"><ele>57.0</ele></trkpt>
    <trkpt lat="48.301500" lon="-4.569960"><ele>58.0</ele></trkpt>
    <trkpt lat="48.301210" lon="-4.570100"><ele>59.0</ele></trkpt>
    <trkpt lat="48.300980" lon="-4.570120"><ele>59.0</ele></trkpt>
    <trkpt lat="48.300920" lon="-4.570030"><ele>57.0</ele></trkpt>
    <trkpt lat="48.300730" lon="-4.569200"><ele>60.0</ele></trkpt>
    <trkpt lat="48.300590" lon="-4.569070"><ele>61.0</ele></trkpt>
    <trkpt lat="48.300440" lon="-4.568530"><ele>61.0</ele></trkpt>
    <trkpt lat="48.300400" lon="-4.568200"><ele>62.0</ele></trkpt>
    <trkpt lat="48.300550" lon="-4.567750"><ele>62.0</ele></trkpt>
    <trkpt lat="48.300620" lon="-4.567170"><ele>62.0</ele></trkpt>
    <trkpt lat="48.300690" lon="-4.566860"><ele>62.0</ele></trkpt>
    <trkpt lat="48.300670" lon="-4.566790"><ele>62.0</ele></trkpt>
    <trkpt lat="48.300580" lon="-4.566700"><ele>62.0</ele></trkpt>
    <trkpt lat="48.300570" lon="-4.566490"><ele>62.0</ele></trkpt>
    <trkpt lat="48.300530" lon="-4.566340"><ele>62.0</ele></trkpt>
    <trkpt lat="48.300400" lon="-4.566180"><ele>62.0</ele></trkpt>
    <trkpt lat="48.300350" lon="-4.565990"><ele>62.0</ele></trkpt>
    <trkpt lat="48.300600" lon="-4.565850"><ele>62.0</ele></trkpt>
    <trkpt lat="48.300680" lon="-4.565710"><ele>62.0</ele></trkpt>
    <trkpt lat="48.300700" lon="-4.565500"><ele>62.0</ele></trkpt>
    <trkpt lat="48.300560" lon="-4.564800"><ele>62.0</ele></trkpt>
    <trkpt lat="48.300590" lon="-4.564610"><ele>62.0</ele></trkpt>
    <trkpt lat="48.301070" lon="-4.563740"><ele>60.0</ele></trkpt>
    <trkpt lat="48.301150" lon="-4.563540"><ele>58.0</ele></trkpt>
    <trkpt lat="48.301130" lon="-4.563370"><ele>58.0</ele></trkpt>
    <trkpt lat="48.301080" lon="-4.563250"><ele>60.0</ele></trkpt>
    <trkpt lat="48.300800" lon="-4.562900"><ele>58.0</ele></trkpt>
    <trkpt lat="48.300310" lon="-4.562350"><ele>59.0</ele></trkpt>
    <trkpt lat="48.300020" lon="-4.562030"><ele>58.0</ele></trkpt>
    <trkpt lat="48.299720" lon="-4.561790"><ele>58.0</ele></trkpt>
    <trkpt lat="48.299580" lon="-4.561790"><ele>57.0</ele></trkpt>
    <trkpt lat="48.298760" lon="-4.562160"><ele>57.0</ele></trkpt>
    <trkpt lat="48.298580" lon="-4.562170"><ele>56.0</ele></trkpt>
    <trkpt lat="48.298410" lon="-4.562080"><ele>56.0</ele></trkpt>
    <trkpt lat="48.297730" lon="-4.561320"><ele>53.0</ele></trkpt>
    <trkpt lat="48.297580" lon="-4.561270"><ele>51.0</ele></trkpt>
    <trkpt lat="48.297440" lon="-4.561280"><ele>52.0</ele></trkpt>
    <trkpt lat="48.297290" lon="-4.561370"><ele>50.0</ele></trkpt>
    <trkpt lat="48.297200" lon="-4.561560"><ele>51.0</ele></trkpt>
    <trkpt lat="48.296810" lon="-4.563060"><ele>49.0</ele></trkpt>
    <trkpt lat="48.296710" lon="-4.563250"><ele>49.0</ele></trkpt>
    <trkpt lat="48.296100" lon="-4.563740"><ele>48.0</ele></trkpt>
    <trkpt lat="48.295980" lon="-4.563780"><ele>48.0</ele></trkpt>
    <trkpt lat="48.295880" lon="-4.563720"><ele>50.0</ele></trkpt>
    <trkpt lat="48.295630" lon="-4.563440"><ele>47.0</ele></trkpt>
    <trkpt lat="48.295550" lon="-4.563400"><ele>46.0</ele></trkpt>
    <trkpt lat="48.295150" lon="-4.563600"><ele>46.0</ele></trkpt>
    <trkpt lat="48.295010" lon="-4.563620"><ele>44.0</ele></trkpt>
    <trkpt lat="48.293440" lon="-4.563600"><ele>33.0</ele></trkpt>
    <trkpt lat="48.293100" lon="-4.563720"><ele>31.0</ele></trkpt>
    <trkpt lat="48.292890" lon="-4.563860"><ele>27.0</ele></trkpt>
    <trkpt lat="48.292460" lon="-4.564300"><ele>26.0</ele></trkpt>
    <trkpt lat="48.291200" lon="-4.565220"><ele>19.0</ele></trkpt>
    <trkpt lat="48.290580" lon="-4.565520"><ele>16.0</ele></trkpt>
    <trkpt lat="48.289770" lon="-4.565820"><ele>12.0</ele></trkpt>
    <trkpt lat="48.289350" lon="-4.565890"><ele>10.0</ele></trkpt>
    <trkpt lat="48.288100" lon="-4.565620"><ele>8.0</ele></trkpt>
    <trkpt lat="48.288170" lon="-4.565950"><ele>7.0</ele></trkpt>
    <trkpt lat="48.287630" lon="-4.566020"><ele>5.0</ele></trkpt>
    <trkpt lat="48.287150" lon="-4.566230"><ele>5.0</ele></trkpt>
    <trkpt lat="48.286450" lon="-4.566430"><ele>5.0</ele></trkpt>
    <trkpt lat="48.286220" lon="-4.566580"><ele>5.0</ele></trkpt>
    <trkpt lat="48.285960" lon="-4.566910"><ele>7.0</ele></trkpt>
    <trkpt lat="48.285600" lon="-4.566930"><ele>14.0</ele></trkpt>
    <trkpt lat="48.285220" lon="-4.567190"><ele>17.0</ele></trkpt>
    <trkpt lat="48.284600" lon="-4.567260"><ele>17.0</ele></trkpt>
    <trkpt lat="48.284170" lon="-4.567460"><ele>17.0</ele></trkpt>
    <trkpt lat="48.284160" lon="-4.567990"><ele>17.0</ele></trkpt>
    <trkpt lat="48.284050" lon="-4.568320"><ele>16.0</ele></trkpt>
    <trkpt lat="48.283960" lon="-4.568430"><ele>14.0</ele></trkpt>
    <trkpt lat="48.283520" lon="-4.568530"><ele>13.0</ele></trkpt>
    <trkpt lat="48.283260" lon="-4.568970"><ele>13.0</ele></trkpt>
    <trkpt lat="48.283070" lon="-4.569210"><ele>11.0</ele></trkpt>
    <trkpt lat="48.282220" lon="-4.569720"><ele>6.0</ele></trkpt>
    <trkpt lat="48.281910" lon="-4.570170"><ele>6.0</ele></trkpt>
    <trkpt lat="48.281770" lon="-4.570540"><ele>6.0</ele></trkpt>
    <trkpt lat="48.281440" lon="-4.571170"><ele>5.0</ele></trkpt>
    <trkpt lat="48.281320" lon="-4.571320"><ele>7.0</ele></trkpt>
    <trkpt lat="48.280880" lon="-4.571340"><ele>8.0</ele></trkpt>
    <trkpt lat="48.280830" lon="-4.571390"><ele>8.0</ele></trkpt>
    <trkpt lat="48.280880" lon="-4.571340"><ele>8.0</ele></trkpt>
    <trkpt lat="48.281160" lon="-4.571330"><ele>8.0</ele></trkpt>
    <trkpt lat="48.281150" lon="-4.571460"><ele>8.0</ele></trkpt>
    <trkpt lat="48.281410" lon="-4.571610"><ele>11.0</ele></trkpt>
    <trkpt lat="48.281430" lon="-4.572140"><ele>13.0</ele></trkpt>
    <trkpt lat="48.281410" lon="-4.572980"><ele>19.0</ele></trkpt>
    <trkpt lat="48.281440" lon="-4.573310"><ele>23.0</ele></trkpt>
    <trkpt lat="48.281530" lon="-4.573360"><ele>25.0</ele></trkpt>
    <trkpt lat="48.281780" lon="-4.573360"><ele>25.0</ele></trkpt>
    <trkpt lat="48.281870" lon="-4.573410"><ele>26.0</ele></trkpt>
    <trkpt lat="48.282030" lon="-4.574060"><ele>24.0</ele></trkpt>
    <trkpt lat="48.282020" lon="-4.574180"><ele>24.0</ele></trkpt>
    <trkpt lat="48.281860" lon="-4.574370"><ele>20.0</ele></trkpt>
    <trkpt lat="48.281720" lon="-4.574370"><ele>26.0</ele></trkpt>
    <trkpt lat="48.281330" lon="-4.574490"><ele>25.0</ele></trkpt>
    <trkpt lat="48.281250" lon="-4.574440"><ele>25.0</ele></trkpt>
    <trkpt lat="48.281050" lon="-4.574560"><ele>26.0</ele></trkpt>
    <trkpt lat="48.280990" lon="-4.574630"><ele>28.0</ele></trkpt>
    <trkpt lat="48.280980" lon="-4.574720"><ele>28.0</ele></trkpt>
    <trkpt lat="48.280760" lon="-4.574970"><ele>28.0</ele></trkpt>
    <trkpt lat="48.280310" lon="-4.575240"><ele>22.0</ele></trkpt>
    <trkpt lat="48.280260" lon="-4.575330"><ele>21.0</ele></trkpt>
    <trkpt lat="48.280100" lon="-4.575380"><ele>19.0</ele></trkpt>
    <trkpt lat="48.279980" lon="-4.575330"><ele>16.0</ele></trkpt>
    <trkpt lat="48.279780" lon="-4.575520"><ele>14.0</ele></trkpt>
    <trkpt lat="48.279300" lon="-4.575730"><ele>11.0</ele></trkpt>
    <trkpt lat="48.279210" lon="-4.575820"><ele>11.0</ele></trkpt>
    <trkpt lat="48.279150" lon="-4.575850"><ele>11.0</ele></trkpt>
    <trkpt lat="48.279100" lon="-4.575780"><ele>11.0</ele></trkpt>
    <trkpt lat="48.278950" lon="-4.576030"><ele>12.0</ele></trkpt>
    <trkpt lat="48.278890" lon="-4.576320"><ele>12.0</ele></trkpt>
    <trkpt lat="48.278690" lon="-4.576760"><ele>13.0</ele></trkpt>
    <trkpt lat="48.278510" lon="-4.576900"><ele>13.0</ele></trkpt>
    <trkpt lat="48.278220" lon="-4.577280"><ele>14.0</ele></trkpt>
    <trkpt lat="48.278130" lon="-4.577680"><ele>13.0</ele></trkpt>
    <trkpt lat="48.278040" lon="-4.577890"><ele>12.0</ele></trkpt>
    <trkpt lat="48.277930" lon="-4.577890"><ele>16.0</ele></trkpt>
    <trkpt lat="48.277820" lon="-4.578010"><ele>13.0</ele></trkpt>
    <trkpt lat="48.277740" lon="-4.577980"><ele>20.0</ele></trkpt>
    <trkpt lat="48.277560" lon="-4.578220"><ele>17.0</ele></trkpt>
    <trkpt lat="48.277460" lon="-4.578450"><ele>17.0</ele></trkpt>
    <trkpt lat="48.277500" lon="-4.578570"><ele>15.0</ele></trkpt>
    <trkpt lat="48.277470" lon="-4.578690"><ele>15.0</ele></trkpt>
    <trkpt lat="48.277490" lon="-4.578760"><ele>12.0</ele></trkpt>
    <trkpt lat="48.277440" lon="-4.578970"><ele>7.0</ele></trkpt>
    <trkpt lat="48.277250" lon="-4.579130"><ele>7.0</ele></trkpt>
    <trkpt lat="48.277180" lon="-4.579250"><ele>7.0</ele></trkpt>
    <trkpt lat="48.277130" lon="-4.579440"><ele>7.0</ele></trkpt>
    <trkpt lat="48.276880" lon="-4.579950"><ele>8.0</ele></trkpt>
    <trkpt lat="48.276760" lon="-4.579990"><ele>8.0</ele></trkpt>
    <trkpt lat="48.276690" lon="-4.579930"><ele>15.0</ele></trkpt>
    <trkpt lat="48.276660" lon="-4.579980"><ele>15.0</ele></trkpt>
    <trkpt lat="48.276620" lon="-4.580300"><ele>19.0</ele></trkpt>
    <trkpt lat="48.276460" lon="-4.580350"><ele>22.0</ele></trkpt>
    <trkpt lat="48.276070" lon="-4.580330"><ele>26.0</ele></trkpt>
    <trkpt lat="48.275980" lon="-4.580380"><ele>28.0</ele></trkpt>
    <trkpt lat="48.275960" lon="-4.580940"><ele>29.0</ele></trkpt>
    <trkpt lat="48.275760" lon="-4.581750"><ele>33.0</ele></trkpt>
    <trkpt lat="48.275290" lon="-4.582590"><ele>38.0</ele></trkpt>
    <trkpt lat="48.274960" lon="-4.582900"><ele>41.0</ele></trkpt>
    <trkpt lat="48.274510" lon="-4.583580"><ele>45.0</ele></trkpt>
    <trkpt lat="48.273850" lon="-4.584810"><ele>47.0</ele></trkpt>
    <trkpt lat="48.275480" lon="-4.584750"><ele>34.0</ele></trkpt>
    <trkpt lat="48.275330" lon="-4.585510"><ele>35.0</ele></trkpt>
    <trkpt lat="48.275120" lon="-4.586290"><ele>37.0</ele></trkpt>
    <trkpt lat="48.274720" lon="-4.587370"><ele>36.0</ele></trkpt>
    <trkpt lat="48.274240" lon="-4.588330"><ele>35.0</ele></trkpt>
    <trkpt lat="48.274180" lon="-4.588560"><ele>33.0</ele></trkpt>
    <trkpt lat="48.274200" lon="-4.588800"><ele>31.0</ele></trkpt>
    <trkpt lat="48.274520" lon="-4.589950"><ele>22.0</ele></trkpt>
    <trkpt lat="48.274600" lon="-4.591070"><ele>14.0</ele></trkpt>
    <trkpt lat="48.274710" lon="-4.591610"><ele>14.0</ele></trkpt>
    <trkpt lat="48.274680" lon="-4.591850"><ele>13.0</ele></trkpt>
    <trkpt lat="48.274650" lon="-4.591900"><ele>14.0</ele></trkpt>
    <trkpt lat="48.274980" lon="-4.592760"><ele>7.0</ele></trkpt>
    <trkpt lat="48.275530" lon="-4.594540"><ele>4.0</ele></trkpt>
    <trkpt lat="48.276370" lon="-4.595410"><ele>4.0</ele></trkpt>
    <trkpt lat="48.276550" lon="-4.595530"><ele>4.0</ele></trkpt>
    <trkpt lat="48.277140" lon="-4.596200"><ele>4.0</ele></trkpt>
    <trkpt lat="48.277630" lon="-4.596630"><ele>4.0</ele></trkpt>
    <trkpt lat="48.279080" lon="-4.597620"><ele>5.0</ele></trkpt>
    <trkpt lat="48.279230" lon="-4.597650"><ele>4.0</ele></trkpt>
    <trkpt lat="48.279230" lon="-4.597710"><ele>7.0</ele></trkpt>
    <trkpt lat="48.279870" lon="-4.598600"><ele>6.0</ele></trkpt>
    <trkpt lat="48.280220" lon="-4.598940"><ele>6.0</ele></trkpt>
    <trkpt lat="48.280260" lon="-4.598910"><ele>6.0</ele></trkpt>
    <trkpt lat="48.280310" lon="-4.598980"><ele>5.0</ele></trkpt>
    <trkpt lat="48.280570" lon="-4.598980"><ele>5.0</ele></trkpt>
    <trkpt lat="48.280780" lon="-4.598840"><ele>4.0</ele></trkpt>
    <trkpt lat="48.281350" lon="-4.598240"><ele>4.0</ele></trkpt>
    <trkpt lat="48.281430" lon="-4.598230"><ele>4.0</ele></trkpt>
    <trkpt lat="48.281480" lon="-4.598300"><ele>4.0</ele></trkpt>
    <trkpt lat="48.281730" lon="-4.599370"><ele>7.0</ele></trkpt>
    <trkpt lat="48.281800" lon="-4.599510"><ele>8.0</ele></trkpt>
    <trkpt lat="48.282060" lon="-4.600700"><ele>14.0</ele></trkpt>
    <trkpt lat="48.282150" lon="-4.600930"><ele>15.0</ele></trkpt>
    <trkpt lat="48.282260" lon="-4.601020"><ele>17.0</ele></trkpt>
    <trkpt lat="48.282530" lon="-4.601460"><ele>20.0</ele></trkpt>
    <trkpt lat="48.282500" lon="-4.602310"><ele>28.0</ele></trkpt>
    <trkpt lat="48.282520" lon="-4.602620"><ele>30.0</ele></trkpt>
    <trkpt lat="48.283160" lon="-4.602590"><ele>32.0</ele></trkpt>
    <trkpt lat="48.283180" lon="-4.602240"><ele>32.0</ele></trkpt>
    <trkpt lat="48.283300" lon="-4.602030"><ele>31.0</ele></trkpt>
    <trkpt lat="48.283690" lon="-4.601820"><ele>30.0</ele></trkpt>
    <trkpt lat="48.283700" lon="-4.601750"><ele>26.0</ele></trkpt>
    <trkpt lat="48.283770" lon="-4.601790"><ele>26.0</ele></trkpt>
    <trkpt lat="48.284050" lon="-4.601750"><ele>30.0</ele></trkpt>
    <trkpt lat="48.284300" lon="-4.601820"><ele>32.0</ele></trkpt>
    <trkpt lat="48.284830" lon="-4.601790"><ele>34.0</ele></trkpt>
    <trkpt lat="48.284890" lon="-4.601830"><ele>37.0</ele></trkpt>
    <trkpt lat="48.285050" lon="-4.601820"><ele>33.0</ele></trkpt>
    <trkpt lat="48.285700" lon="-4.601420"><ele>32.0</ele></trkpt>
    <trkpt lat="48.285920" lon="-4.601610"><ele>34.0</ele></trkpt>
    <trkpt lat="48.286090" lon="-4.601470"><ele>36.0</ele></trkpt>
    <trkpt lat="48.286230" lon="-4.601420"><ele>40.0</ele></trkpt>
    <trkpt lat="48.286290" lon="-4.601440"><ele>40.0</ele></trkpt>
    <trkpt lat="48.286350" lon="-4.601510"><ele>42.0</ele></trkpt>
    <trkpt lat="48.286380" lon="-4.601610"><ele>42.0</ele></trkpt>
    <trkpt lat="48.286430" lon="-4.601920"><ele>41.0</ele></trkpt>
    <trkpt lat="48.286260" lon="-4.603430"><ele>52.0</ele></trkpt>
    <trkpt lat="48.286290" lon="-4.603860"><ele>53.0</ele></trkpt>
    <trkpt lat="48.286390" lon="-4.604470"><ele>55.0</ele></trkpt>
    <trkpt lat="48.286370" lon="-4.604680"><ele>56.0</ele></trkpt>
    <trkpt lat="48.286340" lon="-4.604770"><ele>56.0</ele></trkpt>
    <trkpt lat="48.286110" lon="-4.605060"><ele>56.0</ele></trkpt>
    <trkpt lat="48.285640" lon="-4.606010"><ele>56.0</ele></trkpt>
    <trkpt lat="48.285770" lon="-4.606390"><ele>56.0</ele></trkpt>
    <trkpt lat="48.285710" lon="-4.606450"><ele>55.0</ele></trkpt>
    <trkpt lat="48.285490" lon="-4.606490"><ele>56.0</ele></trkpt>
    <trkpt lat="48.285230" lon="-4.606460"><ele>56.0</ele></trkpt>
    <trkpt lat="48.284730" lon="-4.606700"><ele>54.0</ele></trkpt>
    <trkpt lat="48.284420" lon="-4.606900"><ele>53.0</ele></trkpt>
    <trkpt lat="48.284090" lon="-4.606980"><ele>53.0</ele></trkpt>
    <trkpt lat="48.283300" lon="-4.607500"><ele>55.0</ele></trkpt>
    <trkpt lat="48.283030" lon="-4.607450"><ele>55.0</ele></trkpt>
    <trkpt lat="48.282820" lon="-4.607260"><ele>55.0</ele></trkpt>
    <trkpt lat="48.282580" lon="-4.607190"><ele>55.0</ele></trkpt>
    <trkpt lat="48.282500" lon="-4.607350"><ele>55.0</ele></trkpt>
    <trkpt lat="48.282390" lon="-4.607470"><ele>55.0</ele></trkpt>
    <trkpt lat="48.280780" lon="-4.608720"><ele>58.0</ele></trkpt>
    <trkpt lat="48.280410" lon="-4.608950"><ele>58.0</ele></trkpt>
    <trkpt lat="48.280020" lon="-4.607480"><ele>52.0</ele></trkpt>
    <trkpt lat="48.279640" lon="-4.605560"><ele>42.0</ele></trkpt>
    <trkpt lat="48.279510" lon="-4.605620"><ele>43.0</ele></trkpt>
    <trkpt lat="48.278140" lon="-4.605770"><ele>41.0</ele></trkpt>
    <trkpt lat="48.277820" lon="-4.605410"><ele>41.0</ele></trkpt>
    <trkpt lat="48.277590" lon="-4.605830"><ele>41.0</ele></trkpt>
    <trkpt lat="48.277930" lon="-4.607060"><ele>47.0</ele></trkpt>
    <trkpt lat="48.279310" lon="-4.609610"><ele>57.0</ele></trkpt>
    <trkpt lat="48.279850" lon="-4.610470"><ele>56.0</ele></trkpt>
    <trkpt lat="48.279790" lon="-4.610540"><ele>56.0</ele></trkpt>
    <trkpt lat="48.279880" lon="-4.610620"><ele>55.0</ele></trkpt>
    <trkpt lat="48.279700" lon="-4.610830"><ele>54.0</ele></trkpt>
    <trkpt lat="48.279480" lon="-4.611270"><ele>52.0</ele></trkpt>
    <trkpt lat="48.279380" lon="-4.611600"><ele>46.0</ele></trkpt>
    <trkpt lat="48.279310" lon="-4.611620"><ele>46.0</ele></trkpt>
    <trkpt lat="48.279230" lon="-4.611930"><ele>43.0</ele></trkpt>
    <trkpt lat="48.278980" lon="-4.612630"><ele>35.0</ele></trkpt>
    <trkpt lat="48.278930" lon="-4.614250"><ele>23.0</ele></trkpt>
    <trkpt lat="48.279090" lon="-4.615810"><ele>21.0</ele></trkpt>
    <trkpt lat="48.279080" lon="-4.615900"><ele>21.0</ele></trkpt>
    <trkpt lat="48.277190" lon="-4.616930"><ele>14.0</ele></trkpt>
    <trkpt lat="48.276970" lon="-4.617010"><ele>13.0</ele></trkpt>
    <trkpt lat="48.276830" lon="-4.616950"><ele>12.0</ele></trkpt>
    <trkpt lat="48.276660" lon="-4.616790"><ele>11.0</ele></trkpt>
    <trkpt lat="48.276450" lon="-4.616450"><ele>11.0</ele></trkpt>
    <trkpt lat="48.275890" lon="-4.615990"><ele>11.0</ele></trkpt>
    <trkpt lat="48.275670" lon="-4.615920"><ele>11.0</ele></trkpt>
    <trkpt lat="48.275520" lon="-4.615940"><ele>11.0</ele></trkpt>
    <trkpt lat="48.275320" lon="-4.615870"><ele>11.0</ele></trkpt>
    <trkpt lat="48.275270" lon="-4.615750"><ele>11.0</ele></trkpt>
    <trkpt lat="48.275020" lon="-4.615780"><ele>11.0</ele></trkpt>
    <trkpt lat="48.274860" lon="-4.615730"><ele>10.0</ele></trkpt>
    <trkpt lat="48.274110" lon="-4.615240"><ele>11.0</ele></trkpt>
    <trkpt lat="48.273710" lon="-4.615140"><ele>13.0</ele></trkpt>
    <trkpt lat="48.273520" lon="-4.614960"><ele>16.0</ele></trkpt>
    <trkpt lat="48.272870" lon="-4.614840"><ele>21.0</ele></trkpt>
    <trkpt lat="48.272760" lon="-4.614770"><ele>26.0</ele></trkpt>
    <trkpt lat="48.272520" lon="-4.614740"><ele>29.0</ele></trkpt>
    <trkpt lat="48.271830" lon="-4.614930"><ele>49.0</ele></trkpt>
    <trkpt lat="48.271750" lon="-4.614930"><ele>50.0</ele></trkpt>
    <trkpt lat="48.271660" lon="-4.614810"><ele>51.0</ele></trkpt>
    <trkpt lat="48.271440" lon="-4.614840"><ele>52.0</ele></trkpt>
    <trkpt lat="48.271320" lon="-4.614740"><ele>55.0</ele></trkpt>
    <trkpt lat="48.270960" lon="-4.614750"><ele>56.0</ele></trkpt>
    <trkpt lat="48.270820" lon="-4.614860"><ele>56.0</ele></trkpt>
    <trkpt lat="48.270690" lon="-4.614810"><ele>57.0</ele></trkpt>
    <trkpt lat="48.270570" lon="-4.614860"><ele>56.0</ele></trkpt>
    <trkpt lat="48.270500" lon="-4.614960"><ele>56.0</ele></trkpt>
    <trkpt lat="48.270340" lon="-4.615070"><ele>56.0</ele></trkpt>
    <trkpt lat="48.270070" lon="-4.615380"><ele>55.0</ele></trkpt>
    <trkpt lat="48.269930" lon="-4.615440"><ele>53.0</ele></trkpt>
    <trkpt lat="48.269730" lon="-4.615380"><ele>54.0</ele></trkpt>
    <trkpt lat="48.269490" lon="-4.615520"><ele>54.0</ele></trkpt>
    <trkpt lat="48.268630" lon="-4.615780"><ele>53.0</ele></trkpt>
    <trkpt lat="48.268280" lon="-4.615690"><ele>51.0</ele></trkpt>
    <trkpt lat="48.267930" lon="-4.615450"><ele>49.0</ele></trkpt>
    <trkpt lat="48.267620" lon="-4.615500"><ele>48.0</ele></trkpt>
    <trkpt lat="48.267190" lon="-4.615710"><ele>48.0</ele></trkpt>
    <trkpt lat="48.267150" lon="-4.616020"><ele>49.0</ele></trkpt>
    <trkpt lat="48.266500" lon="-4.616500"><ele>50.0</ele></trkpt>
    <trkpt lat="48.266330" lon="-4.616670"><ele>50.0</ele></trkpt>
    <trkpt lat="48.266160" lon="-4.616990"><ele>51.0</ele></trkpt>
    <trkpt lat="48.265950" lon="-4.617070"><ele>52.0</ele></trkpt>
    <trkpt lat="48.265460" lon="-4.617650"><ele>55.0</ele></trkpt>
    <trkpt lat="48.265300" lon="-4.617700"><ele>55.0</ele></trkpt>
    <trkpt lat="48.265230" lon="-4.617680"><ele>55.0</ele></trkpt>
    <trkpt lat="48.265100" lon="-4.617750"><ele>55.0</ele></trkpt>
    <trkpt lat="48.265000" lon="-4.617820"><ele>55.0</ele></trkpt>
    <trkpt lat="48.264830" lon="-4.618030"><ele>55.0</ele></trkpt>
    <trkpt lat="48.263640" lon="-4.618740"><ele>51.0</ele></trkpt>
    <trkpt lat="48.263420" lon="-4.619010"><ele>51.0</ele></trkpt>
    <trkpt lat="48.263150" lon="-4.619230"><ele>53.0</ele></trkpt>
    <trkpt lat="48.263070" lon="-4.619370"><ele>52.0</ele></trkpt>
    <trkpt lat="48.263050" lon="-4.619580"><ele>53.0</ele></trkpt>
    <trkpt lat="48.262850" lon="-4.619670"><ele>53.0</ele></trkpt>
    <trkpt lat="48.262730" lon="-4.619840"><ele>53.0</ele></trkpt>
    <trkpt lat="48.262600" lon="-4.619950"><ele>55.0</ele></trkpt>
    <trkpt lat="48.262470" lon="-4.620230"><ele>56.0</ele></trkpt>
    <trkpt lat="48.262390" lon="-4.620540"><ele>56.0</ele></trkpt>
    <trkpt lat="48.262240" lon="-4.620750"><ele>56.0</ele></trkpt>
    <trkpt lat="48.262020" lon="-4.620800"><ele>58.0</ele></trkpt>
    <trkpt lat="48.261760" lon="-4.621100"><ele>59.0</ele></trkpt>
    <trkpt lat="48.261340" lon="-4.621480"><ele>59.0</ele></trkpt>
    <trkpt lat="48.260480" lon="-4.621690"><ele>59.0</ele></trkpt>
    <trkpt lat="48.260020" lon="-4.621700"><ele>58.0</ele></trkpt>
    <trkpt lat="48.259700" lon="-4.622070"><ele>54.0</ele></trkpt>
    <trkpt lat="48.259370" lon="-4.622230"><ele>54.0</ele></trkpt>
    <trkpt lat="48.259230" lon="-4.622460"><ele>53.0</ele></trkpt>
    <trkpt lat="48.259100" lon="-4.622890"><ele>56.0</ele></trkpt>
    <trkpt lat="48.258860" lon="-4.623260"><ele>58.0</ele></trkpt>
    <trkpt lat="48.258650" lon="-4.623220"><ele>55.0</ele></trkpt>
    <trkpt lat="48.258510" lon="-4.623100"><ele>58.0</ele></trkpt>
    <trkpt lat="48.258240" lon="-4.622770"><ele>54.0</ele></trkpt>
    <trkpt lat="48.257890" lon="-4.622490"><ele>53.0</ele></trkpt>
    <trkpt lat="48.257750" lon="-4.622440"><ele>52.0</ele></trkpt>
    <trkpt lat="48.257510" lon="-4.622530"><ele>55.0</ele></trkpt>
    <trkpt lat="48.257090" lon="-4.622890"><ele>59.0</ele></trkpt>
    <trkpt lat="48.256960" lon="-4.622350"><ele>55.0</ele></trkpt>
    <trkpt lat="48.256800" lon="-4.621970"><ele>56.0</ele></trkpt>
    <trkpt lat="48.256640" lon="-4.621850"><ele>55.0</ele></trkpt>
    <trkpt lat="48.256210" lon="-4.621760"><ele>61.0</ele></trkpt>
    <trkpt lat="48.256070" lon="-4.621610"><ele>62.0</ele></trkpt>
    <trkpt lat="48.256290" lon="-4.621250"><ele>61.0</ele></trkpt>
    <trkpt lat="48.256980" lon="-4.620620"><ele>55.0</ele></trkpt>
    <trkpt lat="48.257290" lon="-4.620660"><ele>54.0</ele></trkpt>
    <trkpt lat="48.258450" lon="-4.620190"><ele>50.0</ele></trkpt>
    <trkpt lat="48.258610" lon="-4.620210"><ele>52.0</ele></trkpt>
    <trkpt lat="48.258840" lon="-4.620120"><ele>50.0</ele></trkpt>
    <trkpt lat="48.259730" lon="-4.620050"><ele>48.0</ele></trkpt>
    <trkpt lat="48.259810" lon="-4.619950"><ele>48.0</ele></trkpt>
    <trkpt lat="48.260140" lon="-4.619770"><ele>45.0</ele></trkpt>
    <trkpt lat="48.260780" lon="-4.619300"><ele>42.0</ele></trkpt>
    <trkpt lat="48.260870" lon="-4.619130"><ele>42.0</ele></trkpt>
    <trkpt lat="48.261020" lon="-4.618970"><ele>42.0</ele></trkpt>
    <trkpt lat="48.261150" lon="-4.618650"><ele>41.0</ele></trkpt>
    <trkpt lat="48.261410" lon="-4.618240"><ele>40.0</ele></trkpt>
    <trkpt lat="48.261510" lon="-4.617770"><ele>34.0</ele></trkpt>
    <trkpt lat="48.261510" lon="-4.617650"><ele>33.0</ele></trkpt>
    <trkpt lat="48.261600" lon="-4.617370"><ele>27.0</ele></trkpt>
    <trkpt lat="48.261630" lon="-4.616930"><ele>25.0</ele></trkpt>
    <trkpt lat="48.261770" lon="-4.616600"><ele>25.0</ele></trkpt>
    <trkpt lat="48.261740" lon="-4.616480"><ele>23.0</ele></trkpt>
    <trkpt lat="48.261810" lon="-4.615470"><ele>18.0</ele></trkpt>
    <trkpt lat="48.262040" lon="-4.615110"><ele>18.0</ele></trkpt>
    <trkpt lat="48.261970" lon="-4.614960"><ele>16.0</ele></trkpt>
    <trkpt lat="48.261970" lon="-4.614720"><ele>15.0</ele></trkpt>
    <trkpt lat="48.262030" lon="-4.614420"><ele>15.0</ele></trkpt>
    <trkpt lat="48.262130" lon="-4.614120"><ele>14.0</ele></trkpt>
    <trkpt lat="48.262260" lon="-4.613360"><ele>10.0</ele></trkpt>
    <trkpt lat="48.262250" lon="-4.612680"><ele>6.0</ele></trkpt>
    <trkpt lat="48.262300" lon="-4.612570"><ele>6.0</ele></trkpt>
    <trkpt lat="48.262270" lon="-4.612450"><ele>5.0</ele></trkpt>
    <trkpt lat="48.262330" lon="-4.612420"><ele>7.0</ele></trkpt>
    <trkpt lat="48.262330" lon="-4.612280"><ele>6.0</ele></trkpt>
    <trkpt lat="48.262080" lon="-4.611480"><ele>14.0</ele></trkpt>
    <trkpt lat="48.262090" lon="-4.611070"><ele>15.0</ele></trkpt>
    <trkpt lat="48.262030" lon="-4.610710"><ele>11.0</ele></trkpt>
    <trkpt lat="48.261970" lon="-4.610590"><ele>4.0</ele></trkpt>
    <trkpt lat="48.261800" lon="-4.610430"><ele>14.0</ele></trkpt>
    <trkpt lat="48.261730" lon="-4.610190"><ele>19.0</ele></trkpt>
    <trkpt lat="48.261720" lon="-4.610080"><ele>18.0</ele></trkpt>
    <trkpt lat="48.261830" lon="-4.609820"><ele>21.0</ele></trkpt>
    <trkpt lat="48.261820" lon="-4.609650"><ele>19.0</ele></trkpt>
    <trkpt lat="48.261700" lon="-4.609070"><ele>29.0</ele></trkpt>
    <trkpt lat="48.261610" lon="-4.608320"><ele>35.0</ele></trkpt>
    <trkpt lat="48.261650" lon="-4.607990"><ele>36.0</ele></trkpt>
    <trkpt lat="48.261550" lon="-4.607710"><ele>37.0</ele></trkpt>
    <trkpt lat="48.261560" lon="-4.607520"><ele>38.0</ele></trkpt>
    <trkpt lat="48.261520" lon="-4.607260"><ele>37.0</ele></trkpt>
    <trkpt lat="48.261360" lon="-4.606490"><ele>39.0</ele></trkpt>
    <trkpt lat="48.261390" lon="-4.602980"><ele>31.0</ele></trkpt>
    <trkpt lat="48.261450" lon="-4.602900"><ele>31.0</ele></trkpt>
    <trkpt lat="48.261480" lon="-4.602710"><ele>31.0</ele></trkpt>
    <trkpt lat="48.261540" lon="-4.602680"><ele>31.0</ele></trkpt>
    <trkpt lat="48.261520" lon="-4.602310"><ele>30.0</ele></trkpt>
    <trkpt lat="48.261320" lon="-4.601820"><ele>29.0</ele></trkpt>
    <trkpt lat="48.261260" lon="-4.601770"><ele>29.0</ele></trkpt>
    <trkpt lat="48.261190" lon="-4.601770"><ele>29.0</ele></trkpt>
    <trkpt lat="48.260740" lon="-4.602030"><ele>31.0</ele></trkpt>
    <trkpt lat="48.260370" lon="-4.602120"><ele>37.0</ele></trkpt>
    <trkpt lat="48.260190" lon="-4.601920"><ele>37.0</ele></trkpt>
    <trkpt lat="48.259970" lon="-4.601770"><ele>42.0</ele></trkpt>
    <trkpt lat="48.259840" lon="-4.601750"><ele>42.0</ele></trkpt>
    <trkpt lat="48.259560" lon="-4.601610"><ele>44.0</ele></trkpt>
    <trkpt lat="48.259260" lon="-4.601230"><ele>47.0</ele></trkpt>
    <trkpt lat="48.258970" lon="-4.601110"><ele>54.0</ele></trkpt>
    <trkpt lat="48.258850" lon="-4.601020"><ele>56.0</ele></trkpt>
    <trkpt lat="48.258440" lon="-4.600320"><ele>58.0</ele></trkpt>
    <trkpt lat="48.258040" lon="-4.599910"><ele>60.0</ele></trkpt>
    <trkpt lat="48.257930" lon="-4.599850"><ele>61.0</ele></trkpt>
    <trkpt lat="48.257430" lon="-4.598840"><ele>62.0</ele></trkpt>
    <trkpt lat="48.257140" lon="-4.597820"><ele>61.0</ele></trkpt>
    <trkpt lat="48.257030" lon="-4.597270"><ele>60.0</ele></trkpt>
    <trkpt lat="48.256890" lon="-4.596770"><ele>58.0</ele></trkpt>
    <trkpt lat="48.256650" lon="-4.596210"><ele>57.0</ele></trkpt>
    <trkpt lat="48.256400" lon="-4.595790"><ele>57.0</ele></trkpt>
    <trkpt lat="48.255660" lon="-4.595250"><ele>57.0</ele></trkpt>
    <trkpt lat="48.255120" lon="-4.594660"><ele>56.0</ele></trkpt>
    <trkpt lat="48.254400" lon="-4.594730"><ele>60.0</ele></trkpt>
    <trkpt lat="48.253970" lon="-4.594710"><ele>61.0</ele></trkpt>
    <trkpt lat="48.253390" lon="-4.594830"><ele>63.0</ele></trkpt>
    <trkpt lat="48.253200" lon="-4.594780"><ele>63.0</ele></trkpt>
    <trkpt lat="48.253070" lon="-4.594640"><ele>64.0</ele></trkpt>
    <trkpt lat="48.252990" lon="-4.594310"><ele>63.0</ele></trkpt>
    <trkpt lat="48.253040" lon="-4.594030"><ele>63.0</ele></trkpt>
    <trkpt lat="48.253490" lon="-4.593070"><ele>58.0</ele></trkpt>
    <trkpt lat="48.253790" lon="-4.592360"><ele>56.0</ele></trkpt>
    <trkpt lat="48.253880" lon="-4.592060"><ele>55.0</ele></trkpt>
    <trkpt lat="48.253960" lon="-4.591520"><ele>54.0</ele></trkpt>
    <trkpt lat="48.253970" lon="-4.590040"><ele>53.0</ele></trkpt>
    <trkpt lat="48.254230" lon="-4.588940"><ele>53.0</ele></trkpt>
    <trkpt lat="48.254200" lon="-4.587440"><ele>54.0</ele></trkpt>
    <trkpt lat="48.253940" lon="-4.586670"><ele>50.0</ele></trkpt>
    <trkpt lat="48.253910" lon="-4.586260"><ele>51.0</ele></trkpt>
    <trkpt lat="48.253930" lon="-4.586030"><ele>51.0</ele></trkpt>
    <trkpt lat="48.253750" lon="-4.584480"><ele>57.0</ele></trkpt>
    <trkpt lat="48.253560" lon="-4.583560"><ele>57.0</ele></trkpt>
    <trkpt lat="48.253490" lon="-4.583350"><ele>58.0</ele></trkpt>
    <trkpt lat="48.253150" lon="-4.582800"><ele>60.0</ele></trkpt>
    <trkpt lat="48.252630" lon="-4.582230"><ele>59.0</ele></trkpt>
    <trkpt lat="48.252460" lon="-4.581920"><ele>58.0</ele></trkpt>
    <trkpt lat="48.252440" lon="-4.581810"><ele>58.0</ele></trkpt>
    <trkpt lat="48.252500" lon="-4.581100"><ele>55.0</ele></trkpt>
    <trkpt lat="48.252560" lon="-4.580910"><ele>55.0</ele></trkpt>
    <trkpt lat="48.253270" lon="-4.579860"><ele>53.0</ele></trkpt>
    <trkpt lat="48.253660" lon="-4.579180"><ele>51.0</ele></trkpt>
    <trkpt lat="48.254800" lon="-4.577860"><ele>52.0</ele></trkpt>
    <trkpt lat="48.255010" lon="-4.577560"><ele>52.0</ele></trkpt>
    <trkpt lat="48.255230" lon="-4.577180"><ele>49.0</ele></trkpt>
    <trkpt lat="48.255650" lon="-4.576100"><ele>46.0</ele></trkpt>
    <trkpt lat="48.255770" lon="-4.575140"><ele>45.0</ele></trkpt>
    <trkpt lat="48.255830" lon="-4.574990"><ele>46.0</ele></trkpt>
    <trkpt lat="48.255680" lon="-4.574810"><ele>44.0</ele></trkpt>
    <trkpt lat="48.255370" lon="-4.574320"><ele>41.0</ele></trkpt>
    <trkpt lat="48.255240" lon="-4.573900"><ele>41.0</ele></trkpt>
    <trkpt lat="48.255000" lon="-4.573430"><ele>41.0</ele></trkpt>
    <trkpt lat="48.254770" lon="-4.572530"><ele>42.0</ele></trkpt>
    <trkpt lat="48.254650" lon="-4.571460"><ele>42.0</ele></trkpt>
    <trkpt lat="48.254700" lon="-4.571080"><ele>42.0</ele></trkpt>
    <trkpt lat="48.254860" lon="-4.570400"><ele>45.0</ele></trkpt>
    <trkpt lat="48.254980" lon="-4.570030"><ele>45.0</ele></trkpt>
    <trkpt lat="48.255300" lon="-4.569320"><ele>47.0</ele></trkpt>
    <trkpt lat="48.255500" lon="-4.569000"><ele>46.0</ele></trkpt>
    <trkpt lat="48.255760" lon="-4.568150"><ele>45.0</ele></trkpt>
    <trkpt lat="48.255790" lon="-4.567960"><ele>44.0</ele></trkpt>
    <trkpt lat="48.255810" lon="-4.567330"><ele>42.0</ele></trkpt>
    <trkpt lat="48.255790" lon="-4.567000"><ele>40.0</ele></trkpt>
    <trkpt lat="48.255720" lon="-4.566580"><ele>37.0</ele></trkpt>
    <trkpt lat="48.255750" lon="-4.566020"><ele>35.0</ele></trkpt>
    <trkpt lat="48.255730" lon="-4.565730"><ele>33.0</ele></trkpt>
    <trkpt lat="48.255820" lon="-4.565410"><ele>32.0</ele></trkpt>
    <trkpt lat="48.255970" lon="-4.565150"><ele>31.0</ele></trkpt>
    <trkpt lat="48.256240" lon="-4.564140"><ele>26.0</ele></trkpt>
    <trkpt lat="48.256240" lon="-4.563810"><ele>24.0</ele></trkpt>
    <trkpt lat="48.256340" lon="-4.563270"><ele>18.0</ele></trkpt>
    <trkpt lat="48.256530" lon="-4.562900"><ele>16.0</ele></trkpt>
    <trkpt lat="48.256750" lon="-4.562610"><ele>16.0</ele></trkpt>
    <trkpt lat="48.256890" lon="-4.561860"><ele>11.0</ele></trkpt>
    <trkpt lat="48.257420" lon="-4.560930"><ele>8.0</ele></trkpt>
    <trkpt lat="48.257570" lon="-4.560930"><ele>8.0</ele></trkpt>
    <trkpt lat="48.257720" lon="-4.560810"><ele>8.0</ele></trkpt>
    <trkpt lat="48.258600" lon="-4.561150"><ele>6.0</ele></trkpt>
    <trkpt lat="48.258670" lon="-4.560930"><ele>3.0</ele></trkpt>
    <trkpt lat="48.258800" lon="-4.560820"><ele>3.0</ele></trkpt>
    <trkpt lat="48.259250" lon="-4.560080"><ele>4.0</ele></trkpt>
    <trkpt lat="48.259270" lon="-4.559120"><ele>5.0</ele></trkpt>
    <trkpt lat="48.259230" lon="-4.559050"><ele>5.0</ele></trkpt>
    <trkpt lat="48.259180" lon="-4.558490"><ele>5.0</ele></trkpt>
    <trkpt lat="48.259070" lon="-4.557850"><ele>5.0</ele></trkpt>
    <trkpt lat="48.258610" lon="-4.556470"><ele>5.0</ele></trkpt>
    <trkpt lat="48.258350" lon="-4.555820"><ele>5.0</ele></trkpt>
    <trkpt lat="48.258190" lon="-4.555670"><ele>5.0</ele></trkpt>
    <trkpt lat="48.258100" lon="-4.555530"><ele>4.0</ele></trkpt>
    <trkpt lat="48.258000" lon="-4.555270"><ele>7.0</ele></trkpt>
    <trkpt lat="48.257970" lon="-4.554990"><ele>18.0</ele></trkpt>
    <trkpt lat="48.257660" lon="-4.554800"><ele>26.0</ele></trkpt>
    <trkpt lat="48.257470" lon="-4.554590"><ele>30.0</ele></trkpt>
    <trkpt lat="48.257230" lon="-4.554220"><ele>23.0</ele></trkpt>
    <trkpt lat="48.256990" lon="-4.553560"><ele>22.0</ele></trkpt>
    <trkpt lat="48.256680" lon="-4.552970"><ele>27.0</ele></trkpt>
    <trkpt lat="48.256110" lon="-4.552360"><ele>36.0</ele></trkpt>
    <trkpt lat="48.256050" lon="-4.552270"><ele>30.0</ele></trkpt>
    <trkpt lat="48.256020" lon="-4.552130"><ele>36.0</ele></trkpt>
    <trkpt lat="48.255830" lon="-4.551800"><ele>33.0</ele></trkpt>
    <trkpt lat="48.255640" lon="-4.550300"><ele>34.0</ele></trkpt>
    <trkpt lat="48.255650" lon="-4.550040"><ele>32.0</ele></trkpt>
    <trkpt lat="48.255420" lon="-4.549170"><ele>29.0</ele></trkpt>
    <trkpt lat="48.255510" lon="-4.548940"><ele>31.0</ele></trkpt>
    <trkpt lat="48.255540" lon="-4.548610"><ele>29.0</ele></trkpt>
    <trkpt lat="48.255410" lon="-4.548140"><ele>26.0</ele></trkpt>
    <trkpt lat="48.255290" lon="-4.547450"><ele>20.0</ele></trkpt>
    <trkpt lat="48.255150" lon="-4.547260"><ele>19.0</ele></trkpt>
    <trkpt lat="48.255000" lon="-4.547200"><ele>17.0</ele></trkpt>
    <trkpt lat="48.254700" lon="-4.547390"><ele>12.0</ele></trkpt>
    <trkpt lat="48.254620" lon="-4.547510"><ele>10.0</ele></trkpt>
    <trkpt lat="48.254220" lon="-4.547670"><ele>8.0</ele></trkpt>
    <trkpt lat="48.253550" lon="-4.547250"><ele>8.0</ele></trkpt>
    <trkpt lat="48.253190" lon="-4.546970"><ele>8.0</ele></trkpt>
    <trkpt lat="48.252710" lon="-4.546360"><ele>9.0</ele></trkpt>
    <trkpt lat="48.252350" lon="-4.546050"><ele>9.0</ele></trkpt>
    <trkpt lat="48.251360" lon="-4.545280"><ele>9.0</ele></trkpt>
    <trkpt lat="48.250850" lon="-4.545000"><ele>9.0</ele></trkpt>
    <trkpt lat="48.250560" lon="-4.544790"><ele>9.0</ele></trkpt>
    <trkpt lat="48.250050" lon="-4.544290"><ele>8.0</ele></trkpt>
    <trkpt lat="48.250000" lon="-4.544190"><ele>9.0</ele></trkpt>
    <trkpt lat="48.249980" lon="-4.544010"><ele>8.0</ele></trkpt>
    <trkpt lat="48.250010" lon="-4.543940"><ele>9.0</ele></trkpt>
    <trkpt lat="48.250000" lon="-4.543800"><ele>8.0</ele></trkpt>
    <trkpt lat="48.249810" lon="-4.543560"><ele>6.0</ele></trkpt>
    <trkpt lat="48.249650" lon="-4.543250"><ele>6.0</ele></trkpt>
    <trkpt lat="48.249610" lon="-4.543410"><ele>5.0</ele></trkpt>
    <trkpt lat="48.249530" lon="-4.543470"><ele>6.0</ele></trkpt>
    <trkpt lat="48.249440" lon="-4.543470"><ele>5.0</ele></trkpt>
    <trkpt lat="48.249340" lon="-4.543360"><ele>5.0</ele></trkpt>
    <trkpt lat="48.248610" lon="-4.543090"><ele>5.0</ele></trkpt>
    <trkpt lat="48.247700" lon="-4.543310"><ele>6.0</ele></trkpt>
    <trkpt lat="48.247550" lon="-4.543280"><ele>6.0</ele></trkpt>
    <trkpt lat="48.247090" lon="-4.542930"><ele>6.0</ele></trkpt>
    <trkpt lat="48.246250" lon="-4.542720"><ele>6.0</ele></trkpt>
    <trkpt lat="48.246050" lon="-4.542770"><ele>6.0</ele></trkpt>
    <trkpt lat="48.245550" lon="-4.543000"><ele>7.0</ele></trkpt>
    <trkpt lat="48.245300" lon="-4.543020"><ele>7.0</ele></trkpt>
    <trkpt lat="48.244710" lon="-4.543170"><ele>7.0</ele></trkpt>
    <trkpt lat="48.244420" lon="-4.543410"><ele>7.0</ele></trkpt>
    <trkpt lat="48.243890" lon="-4.543470"><ele>7.0</ele></trkpt>
    <trkpt lat="48.243770" lon="-4.543520"><ele>7.0</ele></trkpt>
    <trkpt lat="48.243530" lon="-4.543530"><ele>8.0</ele></trkpt>
    <trkpt lat="48.243390" lon="-4.543470"><ele>8.0</ele></trkpt>
    <trkpt lat="48.243250" lon="-4.543310"><ele>9.0</ele></trkpt>
    <trkpt lat="48.243100" lon="-4.543210"><ele>8.0</ele></trkpt>
    <trkpt lat="48.242410" lon="-4.543030"><ele>9.0</ele></trkpt>
    <trkpt lat="48.242190" lon="-4.543310"><ele>7.0</ele></trkpt>
    <trkpt lat="48.241950" lon="-4.543490"><ele>7.0</ele></trkpt>
    <trkpt lat="48.241680" lon="-4.543810"><ele>7.0</ele></trkpt>
    <trkpt lat="48.241570" lon="-4.544030"><ele>6.0</ele></trkpt>
    <trkpt lat="48.241270" lon="-4.544220"><ele>6.0</ele></trkpt>
    <trkpt lat="48.240960" lon="-4.544580"><ele>6.0</ele></trkpt>
    <trkpt lat="48.240510" lon="-4.545210"><ele>5.0</ele></trkpt>
    <trkpt lat="48.240410" lon="-4.545300"><ele>4.0</ele></trkpt>
    <trkpt lat="48.240320" lon="-4.545650"><ele>4.0</ele></trkpt>
    <trkpt lat="48.240280" lon="-4.545700"><ele>6.0</ele></trkpt>
    <trkpt lat="48.240190" lon="-4.545650"><ele>13.0</ele></trkpt>
    <trkpt lat="48.240200" lon="-4.545750"><ele>13.0</ele></trkpt>
    <trkpt lat="48.240120" lon="-4.545860"><ele>13.0</ele></trkpt>
    <trkpt lat="48.240110" lon="-4.545930"><ele>14.0</ele></trkpt>
    <trkpt lat="48.240160" lon="-4.546000"><ele>13.0</ele></trkpt>
    <trkpt lat="48.240170" lon="-4.546100"><ele>14.0</ele></trkpt>
    <trkpt lat="48.240090" lon="-4.546360"><ele>16.0</ele></trkpt>
    <trkpt lat="48.239980" lon="-4.546520"><ele>17.0</ele></trkpt>
    <trkpt lat="48.239970" lon="-4.547060"><ele>18.0</ele></trkpt>
    <trkpt lat="48.240180" lon="-4.547790"><ele>18.0</ele></trkpt>
    <trkpt lat="48.240200" lon="-4.548090"><ele>19.0</ele></trkpt>
    <trkpt lat="48.240180" lon="-4.548210"><ele>19.0</ele></trkpt>
    <trkpt lat="48.239830" lon="-4.548980"><ele>26.0</ele></trkpt>
    <trkpt lat="48.239580" lon="-4.548770"><ele>34.0</ele></trkpt>
    <trkpt lat="48.239420" lon="-4.548980"><ele>36.0</ele></trkpt>
    <trkpt lat="48.239350" lon="-4.549410"><ele>39.0</ele></trkpt>
    <trkpt lat="48.239420" lon="-4.550400"><ele>38.0</ele></trkpt>
    <trkpt lat="48.239380" lon="-4.550440"><ele>39.0</ele></trkpt>
    <trkpt lat="48.239460" lon="-4.550580"><ele>38.0</ele></trkpt>
    <trkpt lat="48.239520" lon="-4.550840"><ele>38.0</ele></trkpt>
    <trkpt lat="48.239510" lon="-4.551010"><ele>38.0</ele></trkpt>
    <trkpt lat="48.239570" lon="-4.551310"><ele>39.0</ele></trkpt>
    <trkpt lat="48.239590" lon="-4.551890"><ele>39.0</ele></trkpt>
    <trkpt lat="48.239560" lon="-4.552170"><ele>39.0</ele></trkpt>
    <trkpt lat="48.239460" lon="-4.552550"><ele>40.0</ele></trkpt>
    <trkpt lat="48.239270" lon="-4.552950"><ele>40.0</ele></trkpt>
    <trkpt lat="48.239180" lon="-4.553510"><ele>42.0</ele></trkpt>
    <trkpt lat="48.239080" lon="-4.553890"><ele>42.0</ele></trkpt>
    <trkpt lat="48.238950" lon="-4.554190"><ele>42.0</ele></trkpt>
    <trkpt lat="48.238710" lon="-4.554570"><ele>42.0</ele></trkpt>
    <trkpt lat="48.237980" lon="-4.555990"><ele>42.0</ele></trkpt>
    <trkpt lat="48.237870" lon="-4.556000"><ele>44.0</ele></trkpt>
    <trkpt lat="48.237790" lon="-4.556140"><ele>39.0</ele></trkpt>
    <trkpt lat="48.237680" lon="-4.556230"><ele>38.0</ele></trkpt>
    <trkpt lat="48.237100" lon="-4.557240"><ele>26.0</ele></trkpt>
    <trkpt lat="48.236880" lon="-4.557520"><ele>24.0</ele></trkpt>
    <trkpt lat="48.236620" lon="-4.558560"><ele>17.0</ele></trkpt>
    <trkpt lat="48.236510" lon="-4.558840"><ele>15.0</ele></trkpt>
    <trkpt lat="48.236360" lon="-4.559100"><ele>13.0</ele></trkpt>
    <trkpt lat="48.236350" lon="-4.559170"><ele>11.0</ele></trkpt>
    <trkpt lat="48.236380" lon="-4.559240"><ele>11.0</ele></trkpt>
    <trkpt lat="48.236340" lon="-4.559280"><ele>11.0</ele></trkpt>
    <trkpt lat="48.236230" lon="-4.559260"><ele>14.0</ele></trkpt>
    <trkpt lat="48.236200" lon="-4.559380"><ele>12.0</ele></trkpt>
    <trkpt lat="48.236000" lon="-4.559590"><ele>14.0</ele></trkpt>
    <trkpt lat="48.235920" lon="-4.559780"><ele>15.0</ele></trkpt>
    <trkpt lat="48.235830" lon="-4.560170"><ele>13.0</ele></trkpt>
    <trkpt lat="48.235650" lon="-4.560640"><ele>13.0</ele></trkpt>
    <trkpt lat="48.235650" lon="-4.560970"><ele>13.0</ele></trkpt>
    <trkpt lat="48.235540" lon="-4.561140"><ele>15.0</ele></trkpt>
    <trkpt lat="48.235510" lon="-4.561320"><ele>17.0</ele></trkpt>
    <trkpt lat="48.235570" lon="-4.561790"><ele>20.0</ele></trkpt>
    <trkpt lat="48.235670" lon="-4.561890"><ele>20.0</ele></trkpt>
    <trkpt lat="48.235710" lon="-4.562050"><ele>20.0</ele></trkpt>
    <trkpt lat="48.235710" lon="-4.562310"><ele>20.0</ele></trkpt>
    <trkpt lat="48.235580" lon="-4.563040"><ele>23.0</ele></trkpt>
    <trkpt lat="48.235600" lon="-4.563410"><ele>23.0</ele></trkpt>
    <trkpt lat="48.235770" lon="-4.563790"><ele>23.0</ele></trkpt>
    <trkpt lat="48.235670" lon="-4.564330"><ele>25.0</ele></trkpt>
    <trkpt lat="48.235720" lon="-4.564490"><ele>27.0</ele></trkpt>
    <trkpt lat="48.235930" lon="-4.564700"><ele>25.0</ele></trkpt>
    <trkpt lat="48.236300" lon="-4.564890"><ele>25.0</ele></trkpt>
    <trkpt lat="48.236410" lon="-4.565170"><ele>28.0</ele></trkpt>
    <trkpt lat="48.236780" lon="-4.565620"><ele>36.0</ele></trkpt>
    <trkpt lat="48.236750" lon="-4.565820"><ele>36.0</ele></trkpt>
    <trkpt lat="48.236580" lon="-4.565830"><ele>40.0</ele></trkpt>
    <trkpt lat="48.236350" lon="-4.565990"><ele>38.0</ele></trkpt>
    <trkpt lat="48.236210" lon="-4.566020"><ele>42.0</ele></trkpt>
    <trkpt lat="48.235580" lon="-4.565780"><ele>34.0</ele></trkpt>
    <trkpt lat="48.235460" lon="-4.565780"><ele>33.0</ele></trkpt>
    <trkpt lat="48.235310" lon="-4.565810"><ele>34.0</ele></trkpt>
    <trkpt lat="48.234870" lon="-4.566100"><ele>38.0</ele></trkpt>
    <trkpt lat="48.234710" lon="-4.567040"><ele>40.0</ele></trkpt>
    <trkpt lat="48.234680" lon="-4.567450"><ele>43.0</ele></trkpt>
    <trkpt lat="48.234690" lon="-4.567730"><ele>44.0</ele></trkpt>
    <trkpt lat="48.234530" lon="-4.568570"><ele>48.0</ele></trkpt>
    <trkpt lat="48.234790" lon="-4.569420"><ele>47.0</ele></trkpt>
    <trkpt lat="48.234820" lon="-4.569910"><ele>45.0</ele></trkpt>
    <trkpt lat="48.234730" lon="-4.570150"><ele>46.0</ele></trkpt>
    <trkpt lat="48.234680" lon="-4.570030"><ele>47.0</ele></trkpt>
    <trkpt lat="48.234390" lon="-4.569980"><ele>51.0</ele></trkpt>
    <trkpt lat="48.233890" lon="-4.570090"><ele>52.0</ele></trkpt>
    <trkpt lat="48.233750" lon="-4.570220"><ele>52.0</ele></trkpt>
    <trkpt lat="48.233620" lon="-4.570150"><ele>55.0</ele></trkpt>
    <trkpt lat="48.233490" lon="-4.570260"><ele>58.0</ele></trkpt>
    <trkpt lat="48.233410" lon="-4.570260"><ele>58.0</ele></trkpt>
    <trkpt lat="48.233310" lon="-4.570190"><ele>60.0</ele></trkpt>
    <trkpt lat="48.233020" lon="-4.570170"><ele>60.0</ele></trkpt>
    <trkpt lat="48.232840" lon="-4.570210"><ele>59.0</ele></trkpt>
    <trkpt lat="48.232640" lon="-4.570360"><ele>59.0</ele></trkpt>
    <trkpt lat="48.232600" lon="-4.570330"><ele>59.0</ele></trkpt>
    <trkpt lat="48.232550" lon="-4.570190"><ele>61.0</ele></trkpt>
    <trkpt lat="48.232470" lon="-4.569490"><ele>61.0</ele></trkpt>
    <trkpt lat="48.232500" lon="-4.568860"><ele>61.0</ele></trkpt>
    <trkpt lat="48.232900" lon="-4.568250"><ele>56.0</ele></trkpt>
    <trkpt lat="48.232980" lon="-4.567850"><ele>54.0</ele></trkpt>
    <trkpt lat="48.232990" lon="-4.567450"><ele>52.0</ele></trkpt>
    <trkpt lat="48.233040" lon="-4.567140"><ele>51.0</ele></trkpt>
    <trkpt lat="48.233020" lon="-4.566600"><ele>49.0</ele></trkpt>
    <trkpt lat="48.233220" lon="-4.566160"><ele>48.0</ele></trkpt>
    <trkpt lat="48.233270" lon="-4.565620"><ele>45.0</ele></trkpt>
    <trkpt lat="48.233330" lon="-4.565340"><ele>45.0</ele></trkpt>
    <trkpt lat="48.233370" lon="-4.565220"><ele>44.0</ele></trkpt>
    <trkpt lat="48.233520" lon="-4.565030"><ele>45.0</ele></trkpt>
    <trkpt lat="48.233510" lon="-4.564700"><ele>42.0</ele></trkpt>
    <trkpt lat="48.233540" lon="-4.564260"><ele>38.0</ele></trkpt>
    <trkpt lat="48.233590" lon="-4.564060"><ele>36.0</ele></trkpt>
    <trkpt lat="48.233270" lon="-4.563390"><ele>32.0</ele></trkpt>
    <trkpt lat="48.233050" lon="-4.563290"><ele>32.0</ele></trkpt>
    <trkpt lat="48.232630" lon="-4.563200"><ele>32.0</ele></trkpt>
    <trkpt lat="48.231950" lon="-4.562780"><ele>26.0</ele></trkpt>
    <trkpt lat="48.231520" lon="-4.562770"><ele>19.0</ele></trkpt>
    <trkpt lat="48.231370" lon="-4.562500"><ele>20.0</ele></trkpt>
    <trkpt lat="48.231070" lon="-4.562310"><ele>22.0</ele></trkpt>
    <trkpt lat="48.230830" lon="-4.562030"><ele>23.0</ele></trkpt>
    <trkpt lat="48.230710" lon="-4.561820"><ele>30.0</ele></trkpt>
    <trkpt lat="48.230650" lon="-4.561510"><ele>33.0</ele></trkpt>
    <trkpt lat="48.230660" lon="-4.561350"><ele>34.0</ele></trkpt>
    <trkpt lat="48.230720" lon="-4.561150"><ele>37.0</ele></trkpt>
    <trkpt lat="48.230730" lon="-4.560840"><ele>37.0</ele></trkpt>
    <trkpt lat="48.230660" lon="-4.560760"><ele>39.0</ele></trkpt>
    <trkpt lat="48.230290" lon="-4.560530"><ele>44.0</ele></trkpt>
    <trkpt lat="48.230040" lon="-4.560460"><ele>48.0</ele></trkpt>
    <trkpt lat="48.229910" lon="-4.560530"><ele>48.0</ele></trkpt>
    <trkpt lat="48.229770" lon="-4.560460"><ele>47.0</ele></trkpt>
    <trkpt lat="48.229610" lon="-4.560150"><ele>49.0</ele></trkpt>
    <trkpt lat="48.229530" lon="-4.560120"><ele>47.0</ele></trkpt>
    <trkpt lat="48.229230" lon="-4.559610"><ele>55.0</ele></trkpt>
    <trkpt lat="48.228930" lon="-4.559300"><ele>58.0</ele></trkpt>
    <trkpt lat="48.228460" lon="-4.559240"><ele>59.0</ele></trkpt>
    <trkpt lat="48.228030" lon="-4.559310"><ele>59.0</ele></trkpt>
    <trkpt lat="48.227820" lon="-4.559380"><ele>58.0</ele></trkpt>
    <trkpt lat="48.227500" lon="-4.559560"><ele>57.0</ele></trkpt>
    <trkpt lat="48.226910" lon="-4.559590"><ele>56.0</ele></trkpt>
    <trkpt lat="48.226370" lon="-4.559520"><ele>42.0</ele></trkpt>
    <trkpt lat="48.225910" lon="-4.559200"><ele>38.0</ele></trkpt>
    <trkpt lat="48.225280" lon="-4.558390"><ele>12.0</ele></trkpt>
    <trkpt lat="48.225080" lon="-4.558560"><ele>11.0</ele></trkpt>
    <trkpt lat="48.225020" lon="-4.558490"><ele>7.0</ele></trkpt>
    <trkpt lat="48.224950" lon="-4.558490"><ele>9.0</ele></trkpt>
    <trkpt lat="48.224960" lon="-4.558250"><ele>13.0</ele></trkpt>
    <trkpt lat="48.225060" lon="-4.557990"><ele>14.0</ele></trkpt>
    <trkpt lat="48.225040" lon="-4.557920"><ele>14.0</ele></trkpt>
    <trkpt lat="48.224570" lon="-4.558300"><ele>16.0</ele></trkpt>
    <trkpt lat="48.224520" lon="-4.558270"><ele>16.0</ele></trkpt>
    <trkpt lat="48.224700" lon="-4.557530"><ele>25.0</ele></trkpt>
    <trkpt lat="48.224740" lon="-4.556880"><ele>29.0</ele></trkpt>
    <trkpt lat="48.224720" lon="-4.556420"><ele>31.0</ele></trkpt>
    <trkpt lat="48.224650" lon="-4.556190"><ele>33.0</ele></trkpt>
    <trkpt lat="48.224510" lon="-4.556600"><ele>36.0</ele></trkpt>
    <trkpt lat="48.224100" lon="-4.557170"><ele>41.0</ele></trkpt>
    <trkpt lat="48.223600" lon="-4.557190"><ele>44.0</ele></trkpt>
    <trkpt lat="48.223370" lon="-4.557130"><ele>44.0</ele></trkpt>
    <trkpt lat="48.223240" lon="-4.556900"><ele>44.0</ele></trkpt>
    <trkpt lat="48.222600" lon="-4.556490"><ele>45.0</ele></trkpt>
    <trkpt lat="48.222360" lon="-4.557240"><ele>42.0</ele></trkpt>
    <trkpt lat="48.222310" lon="-4.557270"><ele>42.0</ele></trkpt>
    <trkpt lat="48.222230" lon="-4.557120"><ele>42.0</ele></trkpt>
    <trkpt lat="48.222010" lon="-4.556980"><ele>48.0</ele></trkpt>
    <trkpt lat="48.221630" lon="-4.557210"><ele>53.0</ele></trkpt>
    <trkpt lat="48.221400" lon="-4.557480"><ele>56.0</ele></trkpt>
    <trkpt lat="48.221140" lon="-4.557660"><ele>56.0</ele></trkpt>
    <trkpt lat="48.220870" lon="-4.558040"><ele>59.0</ele></trkpt>
    <trkpt lat="48.220850" lon="-4.558370"><ele>57.0</ele></trkpt>
    <trkpt lat="48.220870" lon="-4.558460"><ele>56.0</ele></trkpt>
    <trkpt lat="48.220810" lon="-4.558530"><ele>55.0</ele></trkpt>
    <trkpt lat="48.220180" lon="-4.558580"><ele>58.0</ele></trkpt>
    <trkpt lat="48.219890" lon="-4.558740"><ele>59.0</ele></trkpt>
    <trkpt lat="48.219770" lon="-4.558650"><ele>60.0</ele></trkpt>
    <trkpt lat="48.219640" lon="-4.558650"><ele>58.0</ele></trkpt>
    <trkpt lat="48.219440" lon="-4.558530"><ele>58.0</ele></trkpt>
    <trkpt lat="48.219300" lon="-4.558510"><ele>52.0</ele></trkpt>
    <trkpt lat="48.219220" lon="-4.558440"><ele>55.0</ele></trkpt>
    <trkpt lat="48.218950" lon="-4.558460"><ele>55.0</ele></trkpt>
    <trkpt lat="48.218800" lon="-4.558420"><ele>49.0</ele></trkpt>
    <trkpt lat="48.218680" lon="-4.558270"><ele>53.0</ele></trkpt>
    <trkpt lat="48.218550" lon="-4.558320"><ele>46.0</ele></trkpt>
    <trkpt lat="48.218410" lon="-4.558230"><ele>51.0</ele></trkpt>
    <trkpt lat="48.218260" lon="-4.558300"><ele>50.0</ele></trkpt>
    <trkpt lat="48.218020" lon="-4.558180"><ele>55.0</ele></trkpt>
    <trkpt lat="48.217730" lon="-4.557920"><ele>55.0</ele></trkpt>
    <trkpt lat="48.217550" lon="-4.557830"><ele>53.0</ele></trkpt>
    <trkpt lat="48.217400" lon="-4.557380"><ele>50.0</ele></trkpt>
    <trkpt lat="48.217280" lon="-4.556680"><ele>52.0</ele></trkpt>
    <trkpt lat="48.217160" lon="-4.556370"><ele>52.0</ele></trkpt>
    <trkpt lat="48.217020" lon="-4.556020"><ele>52.0</ele></trkpt>
    <trkpt lat="48.216670" lon="-4.555620"><ele>53.0</ele></trkpt>
    <trkpt lat="48.216600" lon="-4.555600"><ele>53.0</ele></trkpt>
    <trkpt lat="48.216010" lon="-4.555750"><ele>55.0</ele></trkpt>
    <trkpt lat="48.215690" lon="-4.556160"><ele>53.0</ele></trkpt>
    <trkpt lat="48.215330" lon="-4.556440"><ele>52.0</ele></trkpt>
    <trkpt lat="48.215160" lon="-4.556370"><ele>52.0</ele></trkpt>
    <trkpt lat="48.215030" lon="-4.556390"><ele>50.0</ele></trkpt>
    <trkpt lat="48.214890" lon="-4.556470"><ele>45.0</ele></trkpt>
    <trkpt lat="48.214730" lon="-4.556420"><ele>42.0</ele></trkpt>
    <trkpt lat="48.214450" lon="-4.556160"><ele>35.0</ele></trkpt>
    <trkpt lat="48.214270" lon="-4.556090"><ele>31.0</ele></trkpt>
    <trkpt lat="48.213910" lon="-4.556040"><ele>27.0</ele></trkpt>
    <trkpt lat="48.213620" lon="-4.555480"><ele>29.0</ele></trkpt>
    <trkpt lat="48.213040" lon="-4.554120"><ele>21.0</ele></trkpt>
    <trkpt lat="48.212830" lon="-4.553770"><ele>18.0</ele></trkpt>
    <trkpt lat="48.212480" lon="-4.552970"><ele>15.0</ele></trkpt>
    <trkpt lat="48.212010" lon="-4.552620"><ele>12.0</ele></trkpt>
    <trkpt lat="48.211760" lon="-4.552550"><ele>9.0</ele></trkpt>
    <trkpt lat="48.211580" lon="-4.552310"><ele>9.0</ele></trkpt>
    <trkpt lat="48.211550" lon="-4.552330"><ele>9.0</ele></trkpt>
    <trkpt lat="48.211490" lon="-4.552240"><ele>6.0</ele></trkpt>
    <trkpt lat="48.211360" lon="-4.552220"><ele>6.0</ele></trkpt>
    <trkpt lat="48.211250" lon="-4.552060"><ele>6.0</ele></trkpt>
    <trkpt lat="48.211200" lon="-4.552080"><ele>7.0</ele></trkpt>
    <trkpt lat="48.211070" lon="-4.551890"><ele>7.0</ele></trkpt>
    <trkpt lat="48.210940" lon="-4.551820"><ele>10.0</ele></trkpt>
    <trkpt lat="48.210740" lon="-4.551630"><ele>8.0</ele></trkpt>
    <trkpt lat="48.210490" lon="-4.551520"><ele>8.0</ele></trkpt>
    <trkpt lat="48.209460" lon="-4.551660"><ele>13.0</ele></trkpt>
    <trkpt lat="48.209180" lon="-4.551490"><ele>14.0</ele></trkpt>
    <trkpt lat="48.209070" lon="-4.551560"><ele>14.0</ele></trkpt>
    <trkpt lat="48.208780" lon="-4.551450"><ele>17.0</ele></trkpt>
    <trkpt lat="48.208620" lon="-4.551590"><ele>21.0</ele></trkpt>
    <trkpt lat="48.208580" lon="-4.551680"><ele>20.0</ele></trkpt>
    <trkpt lat="48.208350" lon="-4.551680"><ele>21.0</ele></trkpt>
    <trkpt lat="48.208170" lon="-4.552060"><ele>22.0</ele></trkpt>
    <trkpt lat="48.207750" lon="-4.552330"><ele>23.0</ele></trkpt>
    <trkpt lat="48.207700" lon="-4.552460"><ele>22.0</ele></trkpt>
    <trkpt lat="48.207300" lon="-4.552910"><ele>20.0</ele></trkpt>
    <trkpt lat="48.207240" lon="-4.553070"><ele>19.0</ele></trkpt>
    <trkpt lat="48.207160" lon="-4.553180"><ele>19.0</ele></trkpt>
    <trkpt lat="48.207090" lon="-4.553210"><ele>19.0</ele></trkpt>
    <trkpt lat="48.206750" lon="-4.553180"><ele>19.0</ele></trkpt>
    <trkpt lat="48.206650" lon="-4.553160"><ele>14.0</ele></trkpt>
    <trkpt lat="48.206640" lon="-4.553070"><ele>13.0</ele></trkpt>
    <trkpt lat="48.206690" lon="-4.552950"><ele>14.0</ele></trkpt>
    <trkpt lat="48.206610" lon="-4.552810"><ele>15.0</ele></trkpt>
    <trkpt lat="48.206580" lon="-4.552640"><ele>12.0</ele></trkpt>
    <trkpt lat="48.206470" lon="-4.552460"><ele>14.0</ele></trkpt>
    <trkpt lat="48.206280" lon="-4.552340"><ele>11.0</ele></trkpt>
    <trkpt lat="48.206120" lon="-4.552320"><ele>9.0</ele></trkpt>
    <trkpt lat="48.205840" lon="-4.552180"><ele>12.0</ele></trkpt>
    <trkpt lat="48.205660" lon="-4.552010"><ele>13.0</ele></trkpt>
    <trkpt lat="48.205480" lon="-4.552060"><ele>12.0</ele></trkpt>
    <trkpt lat="48.205360" lon="-4.552030"><ele>12.0</ele></trkpt>
    <trkpt lat="48.205300" lon="-4.552100"><ele>12.0</ele></trkpt>
    <trkpt lat="48.205130" lon="-4.552150"><ele>12.0</ele></trkpt>
    <trkpt lat="48.204970" lon="-4.552030"><ele>14.0</ele></trkpt>
    <trkpt lat="48.204570" lon="-4.551890"><ele>17.0</ele></trkpt>
    <trkpt lat="48.204290" lon="-4.551710"><ele>18.0</ele></trkpt>
    <trkpt lat="48.204230" lon="-4.551540"><ele>20.0</ele></trkpt>
    <trkpt lat="48.204230" lon="-4.551400"><ele>21.0</ele></trkpt>
    <trkpt lat="48.203960" lon="-4.551240"><ele>21.0</ele></trkpt>
    <trkpt lat="48.203640" lon="-4.551160"><ele>22.0</ele></trkpt>
    <trkpt lat="48.203450" lon="-4.551050"><ele>22.0</ele></trkpt>
    <trkpt lat="48.203210" lon="-4.550800"><ele>21.0</ele></trkpt>
    <trkpt lat="48.203150" lon="-4.551290"><ele>20.0</ele></trkpt>
    <trkpt lat="48.203150" lon="-4.551590"><ele>14.0</ele></trkpt>
    <trkpt lat="48.202960" lon="-4.551610"><ele>14.0</ele></trkpt>
    <trkpt lat="48.202670" lon="-4.551420"><ele>14.0</ele></trkpt>
    <trkpt lat="48.202620" lon="-4.551450"><ele>14.0</ele></trkpt>
    <trkpt lat="48.202540" lon="-4.551370"><ele>14.0</ele></trkpt>
    <trkpt lat="48.202340" lon="-4.551450"><ele>11.0</ele></trkpt>
    <trkpt lat="48.202130" lon="-4.551460"><ele>10.0</ele></trkpt>
    <trkpt lat="48.201480" lon="-4.551170"><ele>11.0</ele></trkpt>
    <trkpt lat="48.201150" lon="-4.551140"><ele>9.0</ele></trkpt>
    <trkpt lat="48.200820" lon="-4.550950"><ele>9.0</ele></trkpt>
    <trkpt lat="48.200710" lon="-4.550810"><ele>9.0</ele></trkpt>
    <trkpt lat="48.200440" lon="-4.550910"><ele>9.0</ele></trkpt>
    <trkpt lat="48.200480" lon="-4.550710"><ele>7.0</ele></trkpt>
    <trkpt lat="48.200340" lon="-4.550670"><ele>7.0</ele></trkpt>
    <trkpt lat="48.200090" lon="-4.550470"><ele>8.0</ele></trkpt>
    <trkpt lat="48.199700" lon="-4.550440"><ele>9.0</ele></trkpt>
    <trkpt lat="48.198980" lon="-4.550180"><ele>11.0</ele></trkpt>
    <trkpt lat="48.198240" lon="-4.550320"><ele>14.0</ele></trkpt>
    <trkpt lat="48.197600" lon="-4.550180"><ele>17.0</ele></trkpt>
    <trkpt lat="48.196940" lon="-4.549830"><ele>18.0</ele></trkpt>
    <trkpt lat="48.196860" lon="-4.549830"><ele>21.0</ele></trkpt>
    <trkpt lat="48.196680" lon="-4.549740"><ele>19.0</ele></trkpt>
    <trkpt lat="48.196500" lon="-4.549640"><ele>19.0</ele></trkpt>
    <trkpt lat="48.196280" lon="-4.549450"><ele>20.0</ele></trkpt>
    <trkpt lat="48.196170" lon="-4.549410"><ele>20.0</ele></trkpt>
    <trkpt lat="48.195930" lon="-4.549380"><ele>25.0</ele></trkpt>
    <trkpt lat="48.195770" lon="-4.549430"><ele>26.0</ele></trkpt>
    <trkpt lat="48.195610" lon="-4.549410"><ele>26.0</ele></trkpt>
    <trkpt lat="48.195490" lon="-4.549290"><ele>28.0</ele></trkpt>
    <trkpt lat="48.195370" lon="-4.549240"><ele>28.0</ele></trkpt>
    <trkpt lat="48.194810" lon="-4.549290"><ele>30.0</ele></trkpt>
    <trkpt lat="48.194770" lon="-4.549240"><ele>29.0</ele></trkpt>
    <trkpt lat="48.194620" lon="-4.549220"><ele>30.0</ele></trkpt>
    <trkpt lat="48.194400" lon="-4.549080"><ele>31.0</ele></trkpt>
    <trkpt lat="48.194290" lon="-4.549050"><ele>37.0</ele></trkpt>
    <trkpt lat="48.194210" lon="-4.549100"><ele>32.0</ele></trkpt>
    <trkpt lat="48.194030" lon="-4.549050"><ele>40.0</ele></trkpt>
    <trkpt lat="48.193860" lon="-4.548910"><ele>42.0</ele></trkpt>
    <trkpt lat="48.193830" lon="-4.548840"><ele>43.0</ele></trkpt>
    <trkpt lat="48.193850" lon="-4.548680"><ele>44.0</ele></trkpt>
    <trkpt lat="48.193790" lon="-4.548580"><ele>43.0</ele></trkpt>
    <trkpt lat="48.193600" lon="-4.548730"><ele>42.0</ele></trkpt>
    <trkpt lat="48.193230" lon="-4.548870"><ele>40.0</ele></trkpt>
    <trkpt lat="48.193010" lon="-4.548820"><ele>39.0</ele></trkpt>
    <trkpt lat="48.192420" lon="-4.548540"><ele>39.0</ele></trkpt>
    <trkpt lat="48.192330" lon="-4.548540"><ele>41.0</ele></trkpt>
    <trkpt lat="48.192240" lon="-4.548650"><ele>44.0</ele></trkpt>
    <trkpt lat="48.192190" lon="-4.549550"><ele>46.0</ele></trkpt>
    <trkpt lat="48.192100" lon="-4.549760"><ele>43.0</ele></trkpt>
    <trkpt lat="48.191690" lon="-4.550130"><ele>46.0</ele></trkpt>
    <trkpt lat="48.191300" lon="-4.550370"><ele>48.0</ele></trkpt>
    <trkpt lat="48.191170" lon="-4.550560"><ele>49.0</ele></trkpt>
    <trkpt lat="48.191040" lon="-4.550980"><ele>49.0</ele></trkpt>
    <trkpt lat="48.191020" lon="-4.551260"><ele>47.0</ele></trkpt>
    <trkpt lat="48.190960" lon="-4.551540"><ele>47.0</ele></trkpt>
    <trkpt lat="48.190870" lon="-4.551800"><ele>45.0</ele></trkpt>
    <trkpt lat="48.190750" lon="-4.551960"><ele>45.0</ele></trkpt>
    <trkpt lat="48.190380" lon="-4.552170"><ele>44.0</ele></trkpt>
    <trkpt lat="48.190210" lon="-4.552170"><ele>43.0</ele></trkpt>
    <trkpt lat="48.190030" lon="-4.552130"><ele>43.0</ele></trkpt>
    <trkpt lat="48.189950" lon="-4.551990"><ele>42.0</ele></trkpt>
    <trkpt lat="48.189900" lon="-4.551490"><ele>35.0</ele></trkpt>
    <trkpt lat="48.189730" lon="-4.550630"><ele>42.0</ele></trkpt>
    <trkpt lat="48.189430" lon="-4.549800"><ele>50.0</ele></trkpt>
    <trkpt lat="48.189150" lon="-4.549240"><ele>55.0</ele></trkpt>
    <trkpt lat="48.188930" lon="-4.548890"><ele>63.0</ele></trkpt>
    <trkpt lat="48.188890" lon="-4.548750"><ele>65.0</ele></trkpt>
    <trkpt lat="48.188810" lon="-4.548660"><ele>67.0</ele></trkpt>
    <trkpt lat="48.188790" lon="-4.548480"><ele>73.0</ele></trkpt>
    <trkpt lat="48.188720" lon="-4.548510"><ele>71.0</ele></trkpt>
    <trkpt lat="48.188610" lon="-4.548820"><ele>73.0</ele></trkpt>
    <trkpt lat="48.188260" lon="-4.549360"><ele>71.0</ele></trkpt>
    <trkpt lat="48.188030" lon="-4.549410"><ele>72.0</ele></trkpt>
    <trkpt lat="48.187940" lon="-4.549340"><ele>73.0</ele></trkpt>
    <trkpt lat="48.187670" lon="-4.549500"><ele>72.0</ele></trkpt>
    <trkpt lat="48.187370" lon="-4.549410"><ele>72.0</ele></trkpt>
    <trkpt lat="48.187070" lon="-4.549430"><ele>77.0</ele></trkpt>
    <trkpt lat="48.186600" lon="-4.549990"><ele>76.0</ele></trkpt>
    <trkpt lat="48.186220" lon="-4.550300"><ele>74.0</ele></trkpt>
    <trkpt lat="48.186070" lon="-4.550370"><ele>79.0</ele></trkpt>
    <trkpt lat="48.185900" lon="-4.550580"><ele>78.0</ele></trkpt>
    <trkpt lat="48.185820" lon="-4.550720"><ele>79.0</ele></trkpt>
    <trkpt lat="48.185560" lon="-4.551440"><ele>79.0</ele></trkpt>
    <trkpt lat="48.185360" lon="-4.551680"><ele>78.0</ele></trkpt>
    <trkpt lat="48.185110" lon="-4.551860"><ele>72.0</ele></trkpt>
    <trkpt lat="48.184650" lon="-4.551520"><ele>74.0</ele></trkpt>
    <trkpt lat="48.184250" lon="-4.551330"><ele>75.0</ele></trkpt>
    <trkpt lat="48.184140" lon="-4.551190"><ele>79.0</ele></trkpt>
    <trkpt lat="48.183920" lon="-4.551160"><ele>79.0</ele></trkpt>
    <trkpt lat="48.183870" lon="-4.551050"><ele>81.0</ele></trkpt>
    <trkpt lat="48.183730" lon="-4.550910"><ele>83.0</ele></trkpt>
    <trkpt lat="48.183540" lon="-4.550560"><ele>83.0</ele></trkpt>
    <trkpt lat="48.183430" lon="-4.550200"><ele>84.0</ele></trkpt>
    <trkpt lat="48.182980" lon="-4.549170"><ele>84.0</ele></trkpt>
    <trkpt lat="48.182890" lon="-4.548860"><ele>85.0</ele></trkpt>
    <trkpt lat="48.182320" lon="-4.548070"><ele>85.0</ele></trkpt>
    <trkpt lat="48.182160" lon="-4.547620"><ele>85.0</ele></trkpt>
    <trkpt lat="48.182090" lon="-4.547760"><ele>84.0</ele></trkpt>
    <trkpt lat="48.181930" lon="-4.547930"><ele>80.0</ele></trkpt>
    <trkpt lat="48.181690" lon="-4.548510"><ele>68.0</ele></trkpt>
    <trkpt lat="48.181450" lon="-4.548610"><ele>73.0</ele></trkpt>
    <trkpt lat="48.181400" lon="-4.548560"><ele>74.0</ele></trkpt>
    <trkpt lat="48.181270" lon="-4.548630"><ele>71.0</ele></trkpt>
    <trkpt lat="48.181240" lon="-4.548840"><ele>71.0</ele></trkpt>
    <trkpt lat="48.181080" lon="-4.549120"><ele>69.0</ele></trkpt>
    <trkpt lat="48.181020" lon="-4.549340"><ele>66.0</ele></trkpt>
    <trkpt lat="48.180830" lon="-4.549660"><ele>63.0</ele></trkpt>
    <trkpt lat="48.180720" lon="-4.550110"><ele>59.0</ele></trkpt>
    <trkpt lat="48.180570" lon="-4.550300"><ele>53.0</ele></trkpt>
    <trkpt lat="48.180530" lon="-4.550440"><ele>52.0</ele></trkpt>
    <trkpt lat="48.180370" lon="-4.550630"><ele>55.0</ele></trkpt>
    <trkpt lat="48.180290" lon="-4.551140"><ele>62.0</ele></trkpt>
    <trkpt lat="48.180240" lon="-4.551170"><ele>62.0</ele></trkpt>
    <trkpt lat="48.180070" lon="-4.551140"><ele>71.0</ele></trkpt>
    <trkpt lat="48.179800" lon="-4.551440"><ele>74.0</ele></trkpt>
    <trkpt lat="48.179310" lon="-4.551730"><ele>76.0</ele></trkpt>
    <trkpt lat="48.178950" lon="-4.551790"><ele>81.0</ele></trkpt>
    <trkpt lat="48.178680" lon="-4.552130"><ele>83.0</ele></trkpt>
    <trkpt lat="48.178570" lon="-4.552320"><ele>83.0</ele></trkpt>
    <trkpt lat="48.178480" lon="-4.552670"><ele>84.0</ele></trkpt>
    <trkpt lat="48.178390" lon="-4.552810"><ele>85.0</ele></trkpt>
    <trkpt lat="48.178320" lon="-4.552830"><ele>85.0</ele></trkpt>
    <trkpt lat="48.177800" lon="-4.553860"><ele>91.0</ele></trkpt>
    <trkpt lat="48.177400" lon="-4.554310"><ele>93.0</ele></trkpt>
    <trkpt lat="48.177400" lon="-4.554500"><ele>93.0</ele></trkpt>
    <trkpt lat="48.177480" lon="-4.554870"><ele>92.0</ele></trkpt>
    <trkpt lat="48.177470" lon="-4.555040"><ele>92.0</ele></trkpt>
    <trkpt lat="48.177320" lon="-4.555600"><ele>91.0</ele></trkpt>
    <trkpt lat="48.176960" lon="-4.556350"><ele>90.0</ele></trkpt>
    <trkpt lat="48.176830" lon="-4.556700"><ele>90.0</ele></trkpt>
    <trkpt lat="48.176640" lon="-4.556960"><ele>91.0</ele></trkpt>
    <trkpt lat="48.176510" lon="-4.557220"><ele>91.0</ele></trkpt>
    <trkpt lat="48.176330" lon="-4.557400"><ele>91.0</ele></trkpt>
    <trkpt lat="48.176260" lon="-4.557660"><ele>91.0</ele></trkpt>
    <trkpt lat="48.176100" lon="-4.557900"><ele>90.0</ele></trkpt>
    <trkpt lat="48.175860" lon="-4.557690"><ele>88.0</ele></trkpt>
    <trkpt lat="48.175720" lon="-4.557220"><ele>89.0</ele></trkpt>
    <trkpt lat="48.175720" lon="-4.557080"><ele>90.0</ele></trkpt>
    <trkpt lat="48.175530" lon="-4.556680"><ele>84.0</ele></trkpt>
    <trkpt lat="48.175430" lon="-4.556540"><ele>83.0</ele></trkpt>
    <trkpt lat="48.175100" lon="-4.556280"><ele>83.0</ele></trkpt>
    <trkpt lat="48.174900" lon="-4.556050"><ele>83.0</ele></trkpt>
    <trkpt lat="48.174630" lon="-4.555900"><ele>79.0</ele></trkpt>
    <trkpt lat="48.174500" lon="-4.555880"><ele>76.0</ele></trkpt>
    <trkpt lat="48.174480" lon="-4.555830"><ele>76.0</ele></trkpt>
    <trkpt lat="48.174260" lon="-4.555830"><ele>71.0</ele></trkpt>
    <trkpt lat="48.174140" lon="-4.555720"><ele>67.0</ele></trkpt>
    <trkpt lat="48.173920" lon="-4.555650"><ele>63.0</ele></trkpt>
    <trkpt lat="48.173780" lon="-4.555670"><ele>62.0</ele></trkpt>
    <trkpt lat="48.173470" lon="-4.555830"><ele>68.0</ele></trkpt>
    <trkpt lat="48.173160" lon="-4.555930"><ele>74.0</ele></trkpt>
    <trkpt lat="48.172980" lon="-4.555820"><ele>85.0</ele></trkpt>
    <trkpt lat="48.172920" lon="-4.555880"><ele>85.0</ele></trkpt>
    <trkpt lat="48.172820" lon="-4.556350"><ele>85.0</ele></trkpt>
    <trkpt lat="48.172660" lon="-4.556470"><ele>86.0</ele></trkpt>
    <trkpt lat="48.172430" lon="-4.556490"><ele>86.0</ele></trkpt>
    <trkpt lat="48.171870" lon="-4.556420"><ele>85.0</ele></trkpt>
    <trkpt lat="48.171760" lon="-4.556470"><ele>85.0</ele></trkpt>
    <trkpt lat="48.171570" lon="-4.556470"><ele>86.0</ele></trkpt>
    <trkpt lat="48.170630" lon="-4.556090"><ele>85.0</ele></trkpt>
    <trkpt lat="48.170590" lon="-4.555990"><ele>89.0</ele></trkpt>
    <trkpt lat="48.170520" lon="-4.555930"><ele>89.0</ele></trkpt>
    <trkpt lat="48.170380" lon="-4.555620"><ele>87.0</ele></trkpt>
    <trkpt lat="48.170360" lon="-4.555340"><ele>90.0</ele></trkpt>
    <trkpt lat="48.169970" lon="-4.554590"><ele>91.0</ele></trkpt>
    <trkpt lat="48.169810" lon="-4.553830"><ele>90.0</ele></trkpt>
    <trkpt lat="48.169120" lon="-4.553630"><ele>87.0</ele></trkpt>
    <trkpt lat="48.168960" lon="-4.552910"><ele>86.0</ele></trkpt>
    <trkpt lat="48.169090" lon="-4.551790"><ele>90.0</ele></trkpt>
    <trkpt lat="48.169120" lon="-4.551110"><ele>92.0</ele></trkpt>
    <trkpt lat="48.169280" lon="-4.550170"><ele>91.0</ele></trkpt>
    <trkpt lat="48.169270" lon="-4.549520"><ele>91.0</ele></trkpt>
    <trkpt lat="48.169190" lon="-4.548840"><ele>89.0</ele></trkpt>
    <trkpt lat="48.169330" lon="-4.548280"><ele>88.0</ele></trkpt>
    <trkpt lat="48.169440" lon="-4.547670"><ele>88.0</ele></trkpt>
    <trkpt lat="48.169490" lon="-4.546870"><ele>85.0</ele></trkpt>
    <trkpt lat="48.169550" lon="-4.546500"><ele>85.0</ele></trkpt>
    <trkpt lat="48.169650" lon="-4.546150"><ele>85.0</ele></trkpt>
    <trkpt lat="48.169690" lon="-4.546050"><ele>83.0</ele></trkpt>
    <trkpt lat="48.169760" lon="-4.545990"><ele>85.0</ele></trkpt>
    <trkpt lat="48.169920" lon="-4.545960"><ele>88.0</ele></trkpt>
    <trkpt lat="48.170040" lon="-4.545990"><ele>90.0</ele></trkpt>
    <trkpt lat="48.170120" lon="-4.545650"><ele>89.0</ele></trkpt>
    <trkpt lat="48.170140" lon="-4.545300"><ele>90.0</ele></trkpt>
    <trkpt lat="48.170080" lon="-4.544960"><ele>90.0</ele></trkpt>
    <trkpt lat="48.170090" lon="-4.544100"><ele>89.0</ele></trkpt>
    <trkpt lat="48.170030" lon="-4.543780"><ele>88.0</ele></trkpt>
    <trkpt lat="48.169900" lon="-4.543520"><ele>86.0</ele></trkpt>
    <trkpt lat="48.169770" lon="-4.543110"><ele>84.0</ele></trkpt>
    <trkpt lat="48.169790" lon="-4.543010"><ele>82.0</ele></trkpt>
    <trkpt lat="48.170140" lon="-4.542630"><ele>83.0</ele></trkpt>
    <trkpt lat="48.170380" lon="-4.542300"><ele>83.0</ele></trkpt>
    <trkpt lat="48.170450" lon="-4.541410"><ele>80.0</ele></trkpt>
    <trkpt lat="48.170490" lon="-4.541190"><ele>73.0</ele></trkpt>
    <trkpt lat="48.170570" lon="-4.540870"><ele>77.0</ele></trkpt>
    <trkpt lat="48.170640" lon="-4.540800"><ele>79.0</ele></trkpt>
    <trkpt lat="48.170750" lon="-4.540590"><ele>76.0</ele></trkpt>
    <trkpt lat="48.170860" lon="-4.540520"><ele>71.0</ele></trkpt>
    <trkpt lat="48.171020" lon="-4.540700"><ele>74.0</ele></trkpt>
    <trkpt lat="48.171220" lon="-4.541010"><ele>71.0</ele></trkpt>
    <trkpt lat="48.171620" lon="-4.541430"><ele>71.0</ele></trkpt>
    <trkpt lat="48.171840" lon="-4.541830"><ele>67.0</ele></trkpt>
    <trkpt lat="48.172050" lon="-4.542340"><ele>63.0</ele></trkpt>
    <trkpt lat="48.172070" lon="-4.542370"><ele>63.0</ele></trkpt>
    <trkpt lat="48.172090" lon="-4.542340"><ele>63.0</ele></trkpt>
    <trkpt lat="48.172060" lon="-4.542200"><ele>62.0</ele></trkpt>
    <trkpt lat="48.172080" lon="-4.542160"><ele>61.0</ele></trkpt>
    <trkpt lat="48.172230" lon="-4.542560"><ele>58.0</ele></trkpt>
    <trkpt lat="48.172470" lon="-4.542930"><ele>55.0</ele></trkpt>
    <trkpt lat="48.172760" lon="-4.543190"><ele>54.0</ele></trkpt>
    <trkpt lat="48.172950" lon="-4.543260"><ele>54.0</ele></trkpt>
    <trkpt lat="48.173260" lon="-4.543170"><ele>55.0</ele></trkpt>
    <trkpt lat="48.173460" lon="-4.542980"><ele>55.0</ele></trkpt>
    <trkpt lat="48.173640" lon="-4.542900"><ele>63.0</ele></trkpt>
    <trkpt lat="48.173950" lon="-4.542810"><ele>67.0</ele></trkpt>
    <trkpt lat="48.174710" lon="-4.542700"><ele>78.0</ele></trkpt>
    <trkpt lat="48.174790" lon="-4.542530"><ele>70.0</ele></trkpt>
    <trkpt lat="48.174830" lon="-4.542230"><ele>68.0</ele></trkpt>
    <trkpt lat="48.175090" lon="-4.541900"><ele>66.0</ele></trkpt>
    <trkpt lat="48.175790" lon="-4.541430"><ele>65.0</ele></trkpt>
    <trkpt lat="48.176410" lon="-4.540610"><ele>65.0</ele></trkpt>
    <trkpt lat="48.176590" lon="-4.540300"><ele>64.0</ele></trkpt>
    <trkpt lat="48.176610" lon="-4.540070"><ele>64.0</ele></trkpt>
    <trkpt lat="48.176700" lon="-4.539930"><ele>64.0</ele></trkpt>
    <trkpt lat="48.176690" lon="-4.539830"><ele>62.0</ele></trkpt>
    <trkpt lat="48.177140" lon="-4.540020"><ele>61.0</ele></trkpt>
    <trkpt lat="48.177550" lon="-4.540280"><ele>51.0</ele></trkpt>
    <trkpt lat="48.177960" lon="-4.540870"><ele>49.0</ele></trkpt>
    <trkpt lat="48.178150" lon="-4.540980"><ele>48.0</ele></trkpt>
    <trkpt lat="48.178230" lon="-4.540940"><ele>46.0</ele></trkpt>
    <trkpt lat="48.178360" lon="-4.541150"><ele>48.0</ele></trkpt>
    <trkpt lat="48.178390" lon="-4.541380"><ele>51.0</ele></trkpt>
    <trkpt lat="48.178450" lon="-4.541410"><ele>47.0</ele></trkpt>
    <trkpt lat="48.178550" lon="-4.541550"><ele>47.0</ele></trkpt>
    <trkpt lat="48.178650" lon="-4.541430"><ele>44.0</ele></trkpt>
    <trkpt lat="48.178860" lon="-4.541380"><ele>46.0</ele></trkpt>
    <trkpt lat="48.179110" lon="-4.541360"><ele>46.0</ele></trkpt>
    <trkpt lat="48.179240" lon="-4.541430"><ele>46.0</ele></trkpt>
    <trkpt lat="48.179480" lon="-4.541450"><ele>46.0</ele></trkpt>
    <trkpt lat="48.179690" lon="-4.541410"><ele>49.0</ele></trkpt>
    <trkpt lat="48.179910" lon="-4.541450"><ele>53.0</ele></trkpt>
    <trkpt lat="48.179980" lon="-4.541410"><ele>53.0</ele></trkpt>
    <trkpt lat="48.180060" lon="-4.541480"><ele>54.0</ele></trkpt>
    <trkpt lat="48.180200" lon="-4.541380"><ele>54.0</ele></trkpt>
    <trkpt lat="48.180400" lon="-4.541340"><ele>56.0</ele></trkpt>
    <trkpt lat="48.180820" lon="-4.541340"><ele>63.0</ele></trkpt>
    <trkpt lat="48.181050" lon="-4.541100"><ele>58.0</ele></trkpt>
    <trkpt lat="48.181300" lon="-4.540730"><ele>57.0</ele></trkpt>
    <trkpt lat="48.181380" lon="-4.540490"><ele>49.0</ele></trkpt>
    <trkpt lat="48.181390" lon="-4.540000"><ele>39.0</ele></trkpt>
    <trkpt lat="48.181440" lon="-4.539810"><ele>48.0</ele></trkpt>
    <trkpt lat="48.181500" lon="-4.539620"><ele>28.0</ele></trkpt>
    <trkpt lat="48.181790" lon="-4.539200"><ele>48.0</ele></trkpt>
    <trkpt lat="48.181880" lon="-4.538730"><ele>46.0</ele></trkpt>
    <trkpt lat="48.182020" lon="-4.538430"><ele>50.0</ele></trkpt>
    <trkpt lat="48.182470" lon="-4.538170"><ele>52.0</ele></trkpt>
    <trkpt lat="48.182730" lon="-4.538240"><ele>65.0</ele></trkpt>
    <trkpt lat="48.182940" lon="-4.538230"><ele>67.0</ele></trkpt>
    <trkpt lat="48.183060" lon="-4.538030"><ele>57.0</ele></trkpt>
    <trkpt lat="48.183220" lon="-4.537860"><ele>59.0</ele></trkpt>
    <trkpt lat="48.183440" lon="-4.537490"><ele>61.0</ele></trkpt>
    <trkpt lat="48.183530" lon="-4.537460"><ele>65.0</ele></trkpt>
    <trkpt lat="48.183570" lon="-4.537490"><ele>65.0</ele></trkpt>
    <trkpt lat="48.183740" lon="-4.537280"><ele>69.0</ele></trkpt>
    <trkpt lat="48.184010" lon="-4.537110"><ele>80.0</ele></trkpt>
    <trkpt lat="48.184030" lon="-4.537020"><ele>75.0</ele></trkpt>
    <trkpt lat="48.183970" lon="-4.536200"><ele>72.0</ele></trkpt>
    <trkpt lat="48.183870" lon="-4.536060"><ele>71.0</ele></trkpt>
    <trkpt lat="48.183800" lon="-4.535820"><ele>73.0</ele></trkpt>
    <trkpt lat="48.183760" lon="-4.535610"><ele>72.0</ele></trkpt>
    <trkpt lat="48.183790" lon="-4.535450"><ele>75.0</ele></trkpt>
    <trkpt lat="48.184090" lon="-4.534910"><ele>80.0</ele></trkpt>
    <trkpt lat="48.184300" lon="-4.534410"><ele>79.0</ele></trkpt>
    <trkpt lat="48.184490" lon="-4.533730"><ele>79.0</ele></trkpt>
    <trkpt lat="48.184620" lon="-4.533460"><ele>82.0</ele></trkpt>
    <trkpt lat="48.184760" lon="-4.533190"><ele>85.0</ele></trkpt>
    <trkpt lat="48.185560" lon="-4.532000"><ele>89.0</ele></trkpt>
    <trkpt lat="48.185640" lon="-4.531220"><ele>86.0</ele></trkpt>
    <trkpt lat="48.185810" lon="-4.531220"><ele>88.0</ele></trkpt>
    <trkpt lat="48.186120" lon="-4.530860"><ele>89.0</ele></trkpt>
    <trkpt lat="48.186150" lon="-4.530730"><ele>88.0</ele></trkpt>
    <trkpt lat="48.186210" lon="-4.530680"><ele>89.0</ele></trkpt>
    <trkpt lat="48.186290" lon="-4.530700"><ele>90.0</ele></trkpt>
    <trkpt lat="48.186740" lon="-4.529860"><ele>92.0</ele></trkpt>
    <trkpt lat="48.186790" lon="-4.529110"><ele>93.0</ele></trkpt>
    <trkpt lat="48.186890" lon="-4.528950"><ele>91.0</ele></trkpt>
    <trkpt lat="48.187010" lon="-4.528850"><ele>92.0</ele></trkpt>
    <trkpt lat="48.187010" lon="-4.528600"><ele>93.0</ele></trkpt>
    <trkpt lat="48.187320" lon="-4.528060"><ele>91.0</ele></trkpt>
    <trkpt lat="48.187390" lon="-4.527820"><ele>87.0</ele></trkpt>
    <trkpt lat="48.187730" lon="-4.527380"><ele>85.0</ele></trkpt>
    <trkpt lat="48.187940" lon="-4.527210"><ele>82.0</ele></trkpt>
    <trkpt lat="48.187940" lon="-4.527140"><ele>79.0</ele></trkpt>
    <trkpt lat="48.188060" lon="-4.526930"><ele>73.0</ele></trkpt>
    <trkpt lat="48.188420" lon="-4.526740"><ele>70.0</ele></trkpt>
    <trkpt lat="48.188560" lon="-4.526770"><ele>66.0</ele></trkpt>
    <trkpt lat="48.188650" lon="-4.526840"><ele>70.0</ele></trkpt>
    <trkpt lat="48.188800" lon="-4.527070"><ele>70.0</ele></trkpt>
    <trkpt lat="48.188960" lon="-4.527050"><ele>70.0</ele></trkpt>
    <trkpt lat="48.188940" lon="-4.527000"><ele>70.0</ele></trkpt>
    <trkpt lat="48.188970" lon="-4.526980"><ele>68.0</ele></trkpt>
    <trkpt lat="48.188920" lon="-4.526980"><ele>68.0</ele></trkpt>
    <trkpt lat="48.188990" lon="-4.526810"><ele>72.0</ele></trkpt>
    <trkpt lat="48.189220" lon="-4.526810"><ele>75.0</ele></trkpt>
    <trkpt lat="48.189360" lon="-4.526720"><ele>83.0</ele></trkpt>
    <trkpt lat="48.189760" lon="-4.526340"><ele>95.0</ele></trkpt>
    <trkpt lat="48.189880" lon="-4.526110"><ele>97.0</ele></trkpt>
    <trkpt lat="48.190110" lon="-4.525450"><ele>99.0</ele></trkpt>
    <trkpt lat="48.190190" lon="-4.525100"><ele>98.0</ele></trkpt>
    <trkpt lat="48.190590" lon="-4.524400"><ele>94.0</ele></trkpt>
    <trkpt lat="48.190650" lon="-4.524400"><ele>94.0</ele></trkpt>
    <trkpt lat="48.190720" lon="-4.524470"><ele>93.0</ele></trkpt>
    <trkpt lat="48.191680" lon="-4.524190"><ele>90.0</ele></trkpt>
    <trkpt lat="48.192190" lon="-4.523720"><ele>93.0</ele></trkpt>
    <trkpt lat="48.192510" lon="-4.523320"><ele>93.0</ele></trkpt>
    <trkpt lat="48.192630" lon="-4.523220"><ele>94.0</ele></trkpt>
    <trkpt lat="48.192720" lon="-4.523180"><ele>93.0</ele></trkpt>
    <trkpt lat="48.192790" lon="-4.523200"><ele>94.0</ele></trkpt>
    <trkpt lat="48.193210" lon="-4.523620"><ele>94.0</ele></trkpt>
    <trkpt lat="48.193650" lon="-4.523670"><ele>91.0</ele></trkpt>
    <trkpt lat="48.194110" lon="-4.523650"><ele>91.0</ele></trkpt>
    <trkpt lat="48.194630" lon="-4.523690"><ele>93.0</ele></trkpt>
    <trkpt lat="48.194730" lon="-4.523650"><ele>94.0</ele></trkpt>
    <trkpt lat="48.194960" lon="-4.523650"><ele>95.0</ele></trkpt>
    <trkpt lat="48.195030" lon="-4.523580"><ele>94.0</ele></trkpt>
    <trkpt lat="48.195170" lon="-4.523580"><ele>95.0</ele></trkpt>
    <trkpt lat="48.195610" lon="-4.523460"><ele>95.0</ele></trkpt>
    <trkpt lat="48.195950" lon="-4.522920"><ele>93.0</ele></trkpt>
    <trkpt lat="48.196130" lon="-4.522520"><ele>91.0</ele></trkpt>
    <trkpt lat="48.196360" lon="-4.522240"><ele>87.0</ele></trkpt>
    <trkpt lat="48.196510" lon="-4.521840"><ele>86.0</ele></trkpt>
    <trkpt lat="48.196570" lon="-4.521790"><ele>81.0</ele></trkpt>
    <trkpt lat="48.196730" lon="-4.521500"><ele>85.0</ele></trkpt>
    <trkpt lat="48.196980" lon="-4.521020"><ele>84.0</ele></trkpt>
    <trkpt lat="48.197000" lon="-4.520920"><ele>81.0</ele></trkpt>
    <trkpt lat="48.197070" lon="-4.520880"><ele>84.0</ele></trkpt>
    <trkpt lat="48.197230" lon="-4.520370"><ele>87.0</ele></trkpt>
    <trkpt lat="48.197310" lon="-4.520380"><ele>88.0</ele></trkpt>
    <trkpt lat="48.197420" lon="-4.520530"><ele>87.0</ele></trkpt>
    <trkpt lat="48.197580" lon="-4.520620"><ele>89.0</ele></trkpt>
    <trkpt lat="48.197710" lon="-4.520640"><ele>87.0</ele></trkpt>
    <trkpt lat="48.197910" lon="-4.520550"><ele>88.0</ele></trkpt>
    <trkpt lat="48.198080" lon="-4.520340"><ele>88.0</ele></trkpt>
    <trkpt lat="48.198400" lon="-4.520290"><ele>88.0</ele></trkpt>
    <trkpt lat="48.198640" lon="-4.520150"><ele>90.0</ele></trkpt>
    <trkpt lat="48.198860" lon="-4.520130"><ele>90.0</ele></trkpt>
    <trkpt lat="48.199100" lon="-4.519990"><ele>90.0</ele></trkpt>
    <trkpt lat="48.199370" lon="-4.519740"><ele>88.0</ele></trkpt>
    <trkpt lat="48.199610" lon="-4.519090"><ele>89.0</ele></trkpt>
    <trkpt lat="48.199800" lon="-4.518020"><ele>89.0</ele></trkpt>
    <trkpt lat="48.199770" lon="-4.517660"><ele>87.0</ele></trkpt>
    <trkpt lat="48.199790" lon="-4.517590"><ele>84.0</ele></trkpt>
    <trkpt lat="48.200060" lon="-4.517290"><ele>87.0</ele></trkpt>
    <trkpt lat="48.200230" lon="-4.517260"><ele>81.0</ele></trkpt>
    <trkpt lat="48.200320" lon="-4.516790"><ele>75.0</ele></trkpt>
    <trkpt lat="48.200540" lon="-4.516130"><ele>64.0</ele></trkpt>
    <trkpt lat="48.201020" lon="-4.515650"><ele>67.0</ele></trkpt>
    <trkpt lat="48.201360" lon="-4.515380"><ele>64.0</ele></trkpt>
    <trkpt lat="48.201510" lon="-4.514270"><ele>49.0</ele></trkpt>
    <trkpt lat="48.201820" lon="-4.514580"><ele>47.0</ele></trkpt>
    <trkpt lat="48.203580" lon="-4.515570"><ele>48.0</ele></trkpt>
    <trkpt lat="48.203750" lon="-4.515820"><ele>53.0</ele></trkpt>
    <trkpt lat="48.204540" lon="-4.516140"><ele>64.0</ele></trkpt>
    <trkpt lat="48.204710" lon="-4.516290"><ele>70.0</ele></trkpt>
    <trkpt lat="48.204860" lon="-4.518410"><ele>75.0</ele></trkpt>
    <trkpt lat="48.204900" lon="-4.518650"><ele>75.0</ele></trkpt>
    <trkpt lat="48.204080" lon="-4.518940"><ele>78.0</ele></trkpt>
    <trkpt lat="48.203230" lon="-4.519320"><ele>84.0</ele></trkpt>
    <trkpt lat="48.203070" lon="-4.519560"><ele>84.0</ele></trkpt>
    <trkpt lat="48.203250" lon="-4.521190"><ele>78.0</ele></trkpt>
    <trkpt lat="48.203680" lon="-4.525850"><ele>63.0</ele></trkpt>
    <trkpt lat="48.203750" lon="-4.526980"><ele>60.0</ele></trkpt>
    <trkpt lat="48.203730" lon="-4.527120"><ele>60.0</ele></trkpt>
    <trkpt lat="48.203810" lon="-4.527300"><ele>59.0</ele></trkpt>
    <trkpt lat="48.203820" lon="-4.527480"><ele>58.0</ele></trkpt>
    <trkpt lat="48.204150" lon="-4.527890"><ele>56.0</ele></trkpt>
    <trkpt lat="48.204000" lon="-4.528200"><ele>56.0</ele></trkpt>
    <trkpt lat="48.203720" lon="-4.528490"><ele>56.0</ele></trkpt>
    <trkpt lat="48.203580" lon="-4.528240"><ele>56.0</ele></trkpt>
    <trkpt lat="48.203720" lon="-4.528490"><ele>56.0</ele></trkpt>
    <trkpt lat="48.204000" lon="-4.528200"><ele>56.0</ele></trkpt>
    <trkpt lat="48.204150" lon="-4.527890"><ele>56.0</ele></trkpt>
    <trkpt lat="48.203820" lon="-4.527480"><ele>58.0</ele></trkpt>
    <trkpt lat="48.203070" lon="-4.519560"><ele>83.0</ele></trkpt>
    <trkpt lat="48.204080" lon="-4.518940"><ele>78.0</ele></trkpt>
    <trkpt lat="48.206250" lon="-4.518400"><ele>69.0</ele></trkpt>
    <trkpt lat="48.206890" lon="-4.518030"><ele>68.0</ele></trkpt>
    <trkpt lat="48.207960" lon="-4.517990"><ele>67.0</ele></trkpt>
    <trkpt lat="48.208000" lon="-4.517740"><ele>67.0</ele></trkpt>
    <trkpt lat="48.207770" lon="-4.517100"><ele>67.0</ele></trkpt>
    <trkpt lat="48.207600" lon="-4.516800"><ele>67.0</ele></trkpt>
    <trkpt lat="48.207350" lon="-4.515190"><ele>53.0</ele></trkpt>
    <trkpt lat="48.207280" lon="-4.514030"><ele>43.0</ele></trkpt>
    <trkpt lat="48.207370" lon="-4.513980"><ele>33.0</ele></trkpt>
    <trkpt lat="48.207450" lon="-4.514000"><ele>36.0</ele></trkpt>
    <trkpt lat="48.207640" lon="-4.513750"><ele>53.0</ele></trkpt>
    <trkpt lat="48.208320" lon="-4.513820"><ele>68.0</ele></trkpt>
    <trkpt lat="48.208450" lon="-4.513780"><ele>68.0</ele></trkpt>
    <trkpt lat="48.208620" lon="-4.513630"><ele>70.0</ele></trkpt>
    <trkpt lat="48.208750" lon="-4.513350"><ele>72.0</ele></trkpt>
    <trkpt lat="48.209090" lon="-4.512880"><ele>74.0</ele></trkpt>
    <trkpt lat="48.209140" lon="-4.512720"><ele>76.0</ele></trkpt>
    <trkpt lat="48.209280" lon="-4.512570"><ele>78.0</ele></trkpt>
    <trkpt lat="48.209970" lon="-4.512410"><ele>83.0</ele></trkpt>
    <trkpt lat="48.210410" lon="-4.512360"><ele>85.0</ele></trkpt>
    <trkpt lat="48.211030" lon="-4.512060"><ele>85.0</ele></trkpt>
    <trkpt lat="48.211090" lon="-4.511990"><ele>84.0</ele></trkpt>
    <trkpt lat="48.211570" lon="-4.511730"><ele>85.0</ele></trkpt>
    <trkpt lat="48.211990" lon="-4.511380"><ele>82.0</ele></trkpt>
    <trkpt lat="48.212910" lon="-4.510410"><ele>81.0</ele></trkpt>
    <trkpt lat="48.213150" lon="-4.510060"><ele>83.0</ele></trkpt>
    <trkpt lat="48.213470" lon="-4.509330"><ele>84.0</ele></trkpt>
    <trkpt lat="48.213610" lon="-4.509100"><ele>88.0</ele></trkpt>
    <trkpt lat="48.213760" lon="-4.508650"><ele>90.0</ele></trkpt>
    <trkpt lat="48.213810" lon="-4.508400"><ele>92.0</ele></trkpt>
    <trkpt lat="48.213880" lon="-4.508370"><ele>91.0</ele></trkpt>
    <trkpt lat="48.213910" lon="-4.508440"><ele>92.0</ele></trkpt>
    <trkpt lat="48.213970" lon="-4.508400"><ele>92.0</ele></trkpt>
    <trkpt lat="48.214130" lon="-4.508110"><ele>91.0</ele></trkpt>
    <trkpt lat="48.214320" lon="-4.508040"><ele>91.0</ele></trkpt>
    <trkpt lat="48.214420" lon="-4.507880"><ele>92.0</ele></trkpt>
    <trkpt lat="48.214470" lon="-4.507670"><ele>89.0</ele></trkpt>
    <trkpt lat="48.214590" lon="-4.507460"><ele>90.0</ele></trkpt>
    <trkpt lat="48.214870" lon="-4.507200"><ele>90.0</ele></trkpt>
    <trkpt lat="48.215090" lon="-4.506890"><ele>88.0</ele></trkpt>
    <trkpt lat="48.215310" lon="-4.506380"><ele>86.0</ele></trkpt>
    <trkpt lat="48.215320" lon="-4.506300"><ele>86.0</ele></trkpt>
    <trkpt lat="48.215280" lon="-4.506310"><ele>84.0</ele></trkpt>
    <trkpt lat="48.215500" lon="-4.506140"><ele>86.0</ele></trkpt>
    <trkpt lat="48.215730" lon="-4.505750"><ele>85.0</ele></trkpt>
    <trkpt lat="48.216010" lon="-4.505850"><ele>85.0</ele></trkpt>
    <trkpt lat="48.216250" lon="-4.506200"><ele>85.0</ele></trkpt>
    <trkpt lat="48.217200" lon="-4.503730"><ele>86.0</ele></trkpt>
    <trkpt lat="48.216690" lon="-4.503200"><ele>79.0</ele></trkpt>
    <trkpt lat="48.216870" lon="-4.502990"><ele>81.0</ele></trkpt>
    <trkpt lat="48.216930" lon="-4.502740"><ele>76.0</ele></trkpt>
    <trkpt lat="48.217110" lon="-4.502490"><ele>81.0</ele></trkpt>
    <trkpt lat="48.217130" lon="-4.501180"><ele>81.0</ele></trkpt>
    <trkpt lat="48.217290" lon="-4.500880"><ele>81.0</ele></trkpt>
    <trkpt lat="48.217480" lon="-4.500080"><ele>81.0</ele></trkpt>
    <trkpt lat="48.217640" lon="-4.500090"><ele>81.0</ele></trkpt>
    <trkpt lat="48.217720" lon="-4.499690"><ele>81.0</ele></trkpt>
    <trkpt lat="48.217880" lon="-4.499670"><ele>81.0</ele></trkpt>
    <trkpt lat="48.217940" lon="-4.499390"><ele>80.0</ele></trkpt>
    <trkpt lat="48.218140" lon="-4.499290"><ele>80.0</ele></trkpt>
    <trkpt lat="48.218190" lon="-4.499180"><ele>80.0</ele></trkpt>
    <trkpt lat="48.218350" lon="-4.499290"><ele>80.0</ele></trkpt>
    <trkpt lat="48.218510" lon="-4.499050"><ele>79.0</ele></trkpt>
    <trkpt lat="48.218470" lon="-4.498760"><ele>79.0</ele></trkpt>
    <trkpt lat="48.219070" lon="-4.498870"><ele>77.0</ele></trkpt>
    <trkpt lat="48.219970" lon="-4.496450"><ele>67.0</ele></trkpt>
    <trkpt lat="48.219800" lon="-4.496260"><ele>66.0</ele></trkpt>
    <trkpt lat="48.219800" lon="-4.496050"><ele>62.0</ele></trkpt>
    <trkpt lat="48.219620" lon="-4.496060"><ele>58.0</ele></trkpt>
    <trkpt lat="48.219610" lon="-4.495990"><ele>56.0</ele></trkpt>
    <trkpt lat="48.219650" lon="-4.495890"><ele>54.0</ele></trkpt>
    <trkpt lat="48.219560" lon="-4.495870"><ele>47.0</ele></trkpt>
    <trkpt lat="48.219540" lon="-4.495800"><ele>47.0</ele></trkpt>
    <trkpt lat="48.219570" lon="-4.495660"><ele>49.0</ele></trkpt>
    <trkpt lat="48.219620" lon="-4.495590"><ele>42.0</ele></trkpt>
    <trkpt lat="48.219910" lon="-4.495420"><ele>45.0</ele></trkpt>
    <trkpt lat="48.220100" lon="-4.495090"><ele>41.0</ele></trkpt>
    <trkpt lat="48.220200" lon="-4.494980"><ele>30.0</ele></trkpt>
    <trkpt lat="48.220290" lon="-4.495020"><ele>38.0</ele></trkpt>
    <trkpt lat="48.220510" lon="-4.494740"><ele>36.0</ele></trkpt>
    <trkpt lat="48.220650" lon="-4.494720"><ele>33.0</ele></trkpt>
    <trkpt lat="48.220930" lon="-4.494860"><ele>33.0</ele></trkpt>
    <trkpt lat="48.221050" lon="-4.494880"><ele>34.0</ele></trkpt>
    <trkpt lat="48.221130" lon="-4.494950"><ele>35.0</ele></trkpt>
    <trkpt lat="48.221240" lon="-4.494910"><ele>34.0</ele></trkpt>
    <trkpt lat="48.221450" lon="-4.495090"><ele>34.0</ele></trkpt>
    <trkpt lat="48.221570" lon="-4.495490"><ele>38.0</ele></trkpt>
    <trkpt lat="48.221770" lon="-4.496360"><ele>39.0</ele></trkpt>
    <trkpt lat="48.221860" lon="-4.496560"><ele>42.0</ele></trkpt>
    <trkpt lat="48.222280" lon="-4.496950"><ele>34.0</ele></trkpt>
    <trkpt lat="48.222500" lon="-4.497210"><ele>34.0</ele></trkpt>
    <trkpt lat="48.222630" lon="-4.497440"><ele>28.0</ele></trkpt>
    <trkpt lat="48.222850" lon="-4.498100"><ele>23.0</ele></trkpt>
    <trkpt lat="48.222940" lon="-4.498980"><ele>20.0</ele></trkpt>
    <trkpt lat="48.223130" lon="-4.499270"><ele>17.0</ele></trkpt>
    <trkpt lat="48.223270" lon="-4.499420"><ele>14.0</ele></trkpt>
    <trkpt lat="48.223360" lon="-4.499830"><ele>14.0</ele></trkpt>
    <trkpt lat="48.223420" lon="-4.499880"><ele>12.0</ele></trkpt>
    <trkpt lat="48.223520" lon="-4.500110"><ele>9.0</ele></trkpt>
    <trkpt lat="48.223570" lon="-4.500090"><ele>6.0</ele></trkpt>
    <trkpt lat="48.223800" lon="-4.501550"><ele>5.0</ele></trkpt>
    <trkpt lat="48.224220" lon="-4.502420"><ele>4.0</ele></trkpt>
    <trkpt lat="48.224460" lon="-4.502810"><ele>5.0</ele></trkpt>
    <trkpt lat="48.224670" lon="-4.503540"><ele>5.0</ele></trkpt>
    <trkpt lat="48.225110" lon="-4.504140"><ele>4.0</ele></trkpt>
    <trkpt lat="48.225770" lon="-4.504250"><ele>5.0</ele></trkpt>
    <trkpt lat="48.226620" lon="-4.503440"><ele>4.0</ele></trkpt>
    <trkpt lat="48.227390" lon="-4.503030"><ele>4.0</ele></trkpt>
    <trkpt lat="48.227850" lon="-4.502880"><ele>4.0</ele></trkpt>
    <trkpt lat="48.228870" lon="-4.502440"><ele>4.0</ele></trkpt>
    <trkpt lat="48.230130" lon="-4.501610"><ele>5.0</ele></trkpt>
    <trkpt lat="48.230450" lon="-4.501460"><ele>5.0</ele></trkpt>
    <trkpt lat="48.230710" lon="-4.501220"><ele>5.0</ele></trkpt>
    <trkpt lat="48.231040" lon="-4.501090"><ele>6.0</ele></trkpt>
    <trkpt lat="48.231400" lon="-4.500680"><ele>5.0</ele></trkpt>
    <trkpt lat="48.232700" lon="-4.498960"><ele>5.0</ele></trkpt>
    <trkpt lat="48.232760" lon="-4.499020"><ele>7.0</ele></trkpt>
    <trkpt lat="48.233040" lon="-4.498610"><ele>6.0</ele></trkpt>
    <trkpt lat="48.233330" lon="-4.498340"><ele>6.0</ele></trkpt>
    <trkpt lat="48.233350" lon="-4.498210"><ele>6.0</ele></trkpt>
    <trkpt lat="48.233510" lon="-4.497840"><ele>5.0</ele></trkpt>
    <trkpt lat="48.233740" lon="-4.497440"><ele>4.0</ele></trkpt>
    <trkpt lat="48.233850" lon="-4.497460"><ele>4.0</ele></trkpt>
    <trkpt lat="48.234120" lon="-4.497300"><ele>4.0</ele></trkpt>
    <trkpt lat="48.234400" lon="-4.496850"><ele>4.0</ele></trkpt>
    <trkpt lat="48.234660" lon="-4.496600"><ele>5.0</ele></trkpt>
    <trkpt lat="48.235060" lon="-4.496670"><ele>9.0</ele></trkpt>
    <trkpt lat="48.235240" lon="-4.496550"><ele>11.0</ele></trkpt>
    <trkpt lat="48.235400" lon="-4.496340"><ele>14.0</ele></trkpt>
    <trkpt lat="48.238100" lon="-4.487150"><ele>41.0</ele></trkpt>
    <trkpt lat="48.237450" lon="-4.486320"><ele>44.0</ele></trkpt>
    <trkpt lat="48.237310" lon="-4.486180"><ele>45.0</ele></trkpt>
    <trkpt lat="48.237100" lon="-4.486080"><ele>47.0</ele></trkpt>
    <trkpt lat="48.237280" lon="-4.485150"><ele>53.0</ele></trkpt>
    <trkpt lat="48.237520" lon="-4.483560"><ele>57.0</ele></trkpt>
    <trkpt lat="48.237320" lon="-4.483670"><ele>56.0</ele></trkpt>
    <trkpt lat="48.237140" lon="-4.483630"><ele>56.0</ele></trkpt>
    <trkpt lat="48.236990" lon="-4.483360"><ele>56.0</ele></trkpt>
    <trkpt lat="48.236890" lon="-4.483250"><ele>56.0</ele></trkpt>
    <trkpt lat="48.236780" lon="-4.482960"><ele>57.0</ele></trkpt>
    <trkpt lat="48.236740" lon="-4.482730"><ele>58.0</ele></trkpt>
    <trkpt lat="48.236770" lon="-4.482400"><ele>60.0</ele></trkpt>
    <trkpt lat="48.236680" lon="-4.482050"><ele>63.0</ele></trkpt>
    <trkpt lat="48.236680" lon="-4.481860"><ele>65.0</ele></trkpt>
    <trkpt lat="48.236810" lon="-4.481110"><ele>64.0</ele></trkpt>
    <trkpt lat="48.236810" lon="-4.480880"><ele>67.0</ele></trkpt>
    <trkpt lat="48.236740" lon="-4.480380"><ele>66.0</ele></trkpt>
    <trkpt lat="48.236530" lon="-4.479660"><ele>66.0</ele></trkpt>
    <trkpt lat="48.236560" lon="-4.479540"><ele>60.0</ele></trkpt>
    <trkpt lat="48.236620" lon="-4.479490"><ele>67.0</ele></trkpt>
    <trkpt lat="48.236840" lon="-4.479030"><ele>72.0</ele></trkpt>
    <trkpt lat="48.237010" lon="-4.478850"><ele>74.0</ele></trkpt>
    <trkpt lat="48.236970" lon="-4.478170"><ele>76.0</ele></trkpt>
    <trkpt lat="48.236790" lon="-4.477850"><ele>76.0</ele></trkpt>
    <trkpt lat="48.236690" lon="-4.477540"><ele>76.0</ele></trkpt>
    <trkpt lat="48.236710" lon="-4.477330"><ele>78.0</ele></trkpt>
    <trkpt lat="48.236830" lon="-4.476910"><ele>79.0</ele></trkpt>
    <trkpt lat="48.236750" lon="-4.476440"><ele>76.0</ele></trkpt>
    <trkpt lat="48.236720" lon="-4.476420"><ele>76.0</ele></trkpt>
    <trkpt lat="48.236870" lon="-4.475620"><ele>66.0</ele></trkpt>
    <trkpt lat="48.236950" lon="-4.475500"><ele>66.0</ele></trkpt>
    <trkpt lat="48.236990" lon="-4.475360"><ele>60.0</ele></trkpt>
    <trkpt lat="48.237110" lon="-4.474640"><ele>54.0</ele></trkpt>
    <trkpt lat="48.237070" lon="-4.474500"><ele>49.0</ele></trkpt>
    <trkpt lat="48.236870" lon="-4.474120"><ele>41.0</ele></trkpt>
    <trkpt lat="48.236890" lon="-4.474050"><ele>30.0</ele></trkpt>
    <trkpt lat="48.237150" lon="-4.473520"><ele>31.0</ele></trkpt>
    <trkpt lat="48.237460" lon="-4.472990"><ele>29.0</ele></trkpt>
    <trkpt lat="48.237840" lon="-4.472640"><ele>33.0</ele></trkpt>
    <trkpt lat="48.238180" lon="-4.471870"><ele>26.0</ele></trkpt>
    <trkpt lat="48.238170" lon="-4.471590"><ele>22.0</ele></trkpt>
    <trkpt lat="48.238080" lon="-4.471450"><ele>10.0</ele></trkpt>
    <trkpt lat="48.237910" lon="-4.471380"><ele>18.0</ele></trkpt>
    <trkpt lat="48.237980" lon="-4.470840"><ele>18.0</ele></trkpt>
    <trkpt lat="48.238020" lon="-4.470720"><ele>18.0</ele></trkpt>
    <trkpt lat="48.238270" lon="-4.470590"><ele>14.0</ele></trkpt>
    <trkpt lat="48.238260" lon="-4.470510"><ele>14.0</ele></trkpt>
    <trkpt lat="48.238180" lon="-4.470460"><ele>12.0</ele></trkpt>
    <trkpt lat="48.238180" lon="-4.470370"><ele>9.0</ele></trkpt>
    <trkpt lat="48.238120" lon="-4.470310"><ele>9.0</ele></trkpt>
    <trkpt lat="48.238140" lon="-4.469990"><ele>9.0</ele></trkpt>
    <trkpt lat="48.238120" lon="-4.469760"><ele>13.0</ele></trkpt>
    <trkpt lat="48.238190" lon="-4.469450"><ele>15.0</ele></trkpt>
    <trkpt lat="48.238310" lon="-4.469220"><ele>17.0</ele></trkpt>
    <trkpt lat="48.238390" lon="-4.468930"><ele>19.0</ele></trkpt>
    <trkpt lat="48.238370" lon="-4.468820"><ele>15.0</ele></trkpt>
    <trkpt lat="48.238460" lon="-4.468650"><ele>22.0</ele></trkpt>
    <trkpt lat="48.238580" lon="-4.468280"><ele>13.0</ele></trkpt>
    <trkpt lat="48.238550" lon="-4.468090"><ele>21.0</ele></trkpt>
    <trkpt lat="48.238500" lon="-4.468020"><ele>17.0</ele></trkpt>
    <trkpt lat="48.238610" lon="-4.467460"><ele>22.0</ele></trkpt>
    <trkpt lat="48.238790" lon="-4.467120"><ele>21.0</ele></trkpt>
    <trkpt lat="48.238800" lon="-4.466990"><ele>13.0</ele></trkpt>
    <trkpt lat="48.238720" lon="-4.466750"><ele>19.0</ele></trkpt>
    <trkpt lat="48.238850" lon="-4.466470"><ele>19.0</ele></trkpt>
    <trkpt lat="48.238870" lon="-4.466140"><ele>16.0</ele></trkpt>
    <trkpt lat="48.238960" lon="-4.465980"><ele>17.0</ele></trkpt>
    <trkpt lat="48.238950" lon="-4.465840"><ele>15.0</ele></trkpt>
    <trkpt lat="48.239090" lon="-4.465370"><ele>15.0</ele></trkpt>
    <trkpt lat="48.239170" lon="-4.465230"><ele>12.0</ele></trkpt>
    <trkpt lat="48.239460" lon="-4.464950"><ele>7.0</ele></trkpt>
    <trkpt lat="48.239510" lon="-4.464450"><ele>6.0</ele></trkpt>
    <trkpt lat="48.239550" lon="-4.464450"><ele>3.0</ele></trkpt>
    <trkpt lat="48.239540" lon="-4.463870"><ele>6.0</ele></trkpt>
    <trkpt lat="48.239380" lon="-4.463270"><ele>4.0</ele></trkpt>
    <trkpt lat="48.238990" lon="-4.462230"><ele>5.0</ele></trkpt>
    <trkpt lat="48.238870" lon="-4.462110"><ele>7.0</ele></trkpt>
    <trkpt lat="48.238670" lon="-4.462060"><ele>10.0</ele></trkpt>
    <trkpt lat="48.238490" lon="-4.462180"><ele>13.0</ele></trkpt>
    <trkpt lat="48.238430" lon="-4.462300"><ele>3.0</ele></trkpt>
    <trkpt lat="48.238320" lon="-4.462370"><ele>13.0</ele></trkpt>
    <trkpt lat="48.237650" lon="-4.461670"><ele>19.0</ele></trkpt>
    <trkpt lat="48.237480" lon="-4.461670"><ele>15.0</ele></trkpt>
    <trkpt lat="48.237410" lon="-4.460480"><ele>27.0</ele></trkpt>
    <trkpt lat="48.237110" lon="-4.460050"><ele>30.0</ele></trkpt>
    <trkpt lat="48.236660" lon="-4.459520"><ele>44.0</ele></trkpt>
    <trkpt lat="48.236380" lon="-4.459280"><ele>48.0</ele></trkpt>
    <trkpt lat="48.236330" lon="-4.458860"><ele>50.0</ele></trkpt>
    <trkpt lat="48.236470" lon="-4.458060"><ele>56.0</ele></trkpt>
    <trkpt lat="48.236670" lon="-4.455440"><ele>55.0</ele></trkpt>
    <trkpt lat="48.236750" lon="-4.454820"><ele>55.0</ele></trkpt>
    <trkpt lat="48.236830" lon="-4.453810"><ele>55.0</ele></trkpt>
    <trkpt lat="48.236790" lon="-4.453070"><ele>54.0</ele></trkpt>
    <trkpt lat="48.236930" lon="-4.452420"><ele>52.0</ele></trkpt>
    <trkpt lat="48.236770" lon="-4.451960"><ele>52.0</ele></trkpt>
    <trkpt lat="48.236890" lon="-4.451860"><ele>53.0</ele></trkpt>
    <trkpt lat="48.237070" lon="-4.451430"><ele>56.0</ele></trkpt>
    <trkpt lat="48.237540" lon="-4.451010"><ele>61.0</ele></trkpt>
    <trkpt lat="48.237900" lon="-4.450920"><ele>61.0</ele></trkpt>
    <trkpt lat="48.237900" lon="-4.450800"><ele>61.0</ele></trkpt>
    <trkpt lat="48.237960" lon="-4.450670"><ele>60.0</ele></trkpt>
    <trkpt lat="48.238060" lon="-4.449740"><ele>61.0</ele></trkpt>
    <trkpt lat="48.237900" lon="-4.448850"><ele>60.0</ele></trkpt>
    <trkpt lat="48.237960" lon="-4.447770"><ele>58.0</ele></trkpt>
    <trkpt lat="48.238100" lon="-4.447050"><ele>57.0</ele></trkpt>
    <trkpt lat="48.238090" lon="-4.446860"><ele>57.0</ele></trkpt>
    <trkpt lat="48.238120" lon="-4.446790"><ele>57.0</ele></trkpt>
    <trkpt lat="48.238150" lon="-4.446340"><ele>57.0</ele></trkpt>
    <trkpt lat="48.238110" lon="-4.446300"><ele>57.0</ele></trkpt>
    <trkpt lat="48.238070" lon="-4.446140"><ele>56.0</ele></trkpt>
    <trkpt lat="48.238090" lon="-4.446010"><ele>55.0</ele></trkpt>
    <trkpt lat="48.238390" lon="-4.445100"><ele>55.0</ele></trkpt>
    <trkpt lat="48.238700" lon="-4.442860"><ele>41.0</ele></trkpt>
    <trkpt lat="48.238850" lon="-4.442490"><ele>40.0</ele></trkpt>
    <trkpt lat="48.238840" lon="-4.441420"><ele>42.0</ele></trkpt>
    <trkpt lat="48.238870" lon="-4.440830"><ele>42.0</ele></trkpt>
    <trkpt lat="48.239250" lon="-4.438060"><ele>34.0</ele></trkpt>
    <trkpt lat="48.239500" lon="-4.436890"><ele>34.0</ele></trkpt>
    <trkpt lat="48.240000" lon="-4.435100"><ele>33.0</ele></trkpt>
    <trkpt lat="48.240150" lon="-4.434330"><ele>32.0</ele></trkpt>
    <trkpt lat="48.240160" lon="-4.432770"><ele>28.0</ele></trkpt>
    <trkpt lat="48.240060" lon="-4.432830"><ele>28.0</ele></trkpt>
    <trkpt lat="48.239650" lon="-4.432850"><ele>24.0</ele></trkpt>
    <trkpt lat="48.239250" lon="-4.432780"><ele>19.0</ele></trkpt>
    <trkpt lat="48.238360" lon="-4.432410"><ele>8.0</ele></trkpt>
    <trkpt lat="48.238030" lon="-4.432220"><ele>6.0</ele></trkpt>
    <trkpt lat="48.236260" lon="-4.430030"><ele>1.0</ele></trkpt>
    <trkpt lat="48.236090" lon="-4.429810"><ele>2.0</ele></trkpt>
    <trkpt lat="48.236160" lon="-4.429410"><ele>4.0</ele></trkpt>
    <trkpt lat="48.236370" lon="-4.429500"><ele>4.0</ele></trkpt>
    <trkpt lat="48.236760" lon="-4.428720"><ele>4.0</ele></trkpt>
    <trkpt lat="48.236820" lon="-4.428350"><ele>4.0</ele></trkpt>
    <trkpt lat="48.236420" lon="-4.427720"><ele>4.0</ele></trkpt>
    <trkpt lat="48.235840" lon="-4.427030"><ele>3.0</ele></trkpt>
    <trkpt lat="48.235610" lon="-4.426920"><ele>3.0</ele></trkpt>
    <trkpt lat="48.235290" lon="-4.427680"><ele>4.0</ele></trkpt>
    <trkpt lat="48.234970" lon="-4.428240"><ele>3.0</ele></trkpt>
    <trkpt lat="48.234630" lon="-4.428550"><ele>3.0</ele></trkpt>
    <trkpt lat="48.234310" lon="-4.428720"><ele>4.0</ele></trkpt>
    <trkpt lat="48.233470" lon="-4.429430"><ele>4.0</ele></trkpt>
    <trkpt lat="48.233170" lon="-4.429830"><ele>3.0</ele></trkpt>
    <trkpt lat="48.233070" lon="-4.430040"><ele>3.0</ele></trkpt>
    <trkpt lat="48.232170" lon="-4.430690"><ele>4.0</ele></trkpt>
    <trkpt lat="48.231410" lon="-4.431020"><ele>2.0</ele></trkpt>
    <trkpt lat="48.230930" lon="-4.430900"><ele>2.0</ele></trkpt>
    <trkpt lat="48.230590" lon="-4.430980"><ele>10.0</ele></trkpt>
    <trkpt lat="48.230600" lon="-4.430930"><ele>10.0</ele></trkpt>
    <trkpt lat="48.230550" lon="-4.430880"><ele>13.0</ele></trkpt>
    <trkpt lat="48.230110" lon="-4.431660"><ele>10.0</ele></trkpt>
    <trkpt lat="48.229980" lon="-4.431770"><ele>12.0</ele></trkpt>
    <trkpt lat="48.229930" lon="-4.432010"><ele>10.0</ele></trkpt>
    <trkpt lat="48.229690" lon="-4.432290"><ele>9.0</ele></trkpt>
    <trkpt lat="48.229480" lon="-4.432360"><ele>8.0</ele></trkpt>
    <trkpt lat="48.229130" lon="-4.432660"><ele>8.0</ele></trkpt>
    <trkpt lat="48.228960" lon="-4.432640"><ele>8.0</ele></trkpt>
    <trkpt lat="48.228820" lon="-4.432750"><ele>9.0</ele></trkpt>
    <trkpt lat="48.228950" lon="-4.432340"><ele>9.0</ele></trkpt>
    <trkpt lat="48.229210" lon="-4.430930"><ele>19.0</ele></trkpt>
    <trkpt lat="48.229590" lon="-4.430090"><ele>20.0</ele></trkpt>
    <trkpt lat="48.229860" lon="-4.429590"><ele>20.0</ele></trkpt>
    <trkpt lat="48.229490" lon="-4.429290"><ele>20.0</ele></trkpt>
    <trkpt lat="48.229240" lon="-4.429030"><ele>20.0</ele></trkpt>
    <trkpt lat="48.229230" lon="-4.428960"><ele>21.0</ele></trkpt>
    <trkpt lat="48.229430" lon="-4.427880"><ele>20.0</ele></trkpt>
    <trkpt lat="48.229720" lon="-4.427670"><ele>21.0</ele></trkpt>
    <trkpt lat="48.229920" lon="-4.427360"><ele>24.0</ele></trkpt>
    <trkpt lat="48.230000" lon="-4.427320"><ele>24.0</ele></trkpt>
    <trkpt lat="48.230010" lon="-4.427170"><ele>25.0</ele></trkpt>
    <trkpt lat="48.229930" lon="-4.427030"><ele>25.0</ele></trkpt>
    <trkpt lat="48.229980" lon="-4.426520"><ele>26.0</ele></trkpt>
    <trkpt lat="48.230030" lon="-4.426450"><ele>29.0</ele></trkpt>
    <trkpt lat="48.230060" lon="-4.426260"><ele>28.0</ele></trkpt>
    <trkpt lat="48.230090" lon="-4.425710"><ele>30.0</ele></trkpt>
    <trkpt lat="48.230050" lon="-4.425010"><ele>35.0</ele></trkpt>
    <trkpt lat="48.229870" lon="-4.424620"><ele>37.0</ele></trkpt>
    <trkpt lat="48.229830" lon="-4.424110"><ele>37.0</ele></trkpt>
    <trkpt lat="48.229730" lon="-4.423710"><ele>37.0</ele></trkpt>
    <trkpt lat="48.229690" lon="-4.423030"><ele>33.0</ele></trkpt>
    <trkpt lat="48.229220" lon="-4.420310"><ele>35.0</ele></trkpt>
    <trkpt lat="48.229070" lon="-4.419250"><ele>37.0</ele></trkpt>
    <trkpt lat="48.228920" lon="-4.418490"><ele>40.0</ele></trkpt>
    <trkpt lat="48.228930" lon="-4.417720"><ele>44.0</ele></trkpt>
    <trkpt lat="48.228130" lon="-4.417740"><ele>41.0</ele></trkpt>
    <trkpt lat="48.227700" lon="-4.417880"><ele>32.0</ele></trkpt>
    <trkpt lat="48.227610" lon="-4.417700"><ele>23.0</ele></trkpt>
    <trkpt lat="48.227560" lon="-4.417510"><ele>24.0</ele></trkpt>
    <trkpt lat="48.227590" lon="-4.417460"><ele>25.0</ele></trkpt>
    <trkpt lat="48.227510" lon="-4.417440"><ele>25.0</ele></trkpt>
    <trkpt lat="48.227470" lon="-4.417330"><ele>26.0</ele></trkpt>
    <trkpt lat="48.227410" lon="-4.416880"><ele>24.0</ele></trkpt>
    <trkpt lat="48.227350" lon="-4.416880"><ele>24.0</ele></trkpt>
    <trkpt lat="48.227290" lon="-4.416590"><ele>25.0</ele></trkpt>
    <trkpt lat="48.227210" lon="-4.416500"><ele>23.0</ele></trkpt>
    <trkpt lat="48.227040" lon="-4.415800"><ele>29.0</ele></trkpt>
    <trkpt lat="48.226930" lon="-4.415470"><ele>36.0</ele></trkpt>
    <trkpt lat="48.226940" lon="-4.415320"><ele>38.0</ele></trkpt>
    <trkpt lat="48.226850" lon="-4.414550"><ele>45.0</ele></trkpt>
    <trkpt lat="48.226290" lon="-4.413640"><ele>36.0</ele></trkpt>
    <trkpt lat="48.226240" lon="-4.413510"><ele>38.0</ele></trkpt>
    <trkpt lat="48.226190" lon="-4.413470"><ele>34.0</ele></trkpt>
    <trkpt lat="48.225860" lon="-4.412300"><ele>40.0</ele></trkpt>
    <trkpt lat="48.225730" lon="-4.412230"><ele>41.0</ele></trkpt>
    <trkpt lat="48.225490" lon="-4.412300"><ele>41.0</ele></trkpt>
    <trkpt lat="48.225180" lon="-4.413040"><ele>34.0</ele></trkpt>
    <trkpt lat="48.225160" lon="-4.413170"><ele>30.0</ele></trkpt>
    <trkpt lat="48.225020" lon="-4.413260"><ele>39.0</ele></trkpt>
    <trkpt lat="48.224660" lon="-4.412960"><ele>44.0</ele></trkpt>
    <trkpt lat="48.224460" lon="-4.412980"><ele>54.0</ele></trkpt>
    <trkpt lat="48.224390" lon="-4.412930"><ele>59.0</ele></trkpt>
    <trkpt lat="48.224310" lon="-4.412750"><ele>61.0</ele></trkpt>
    <trkpt lat="48.224220" lon="-4.412650"><ele>66.0</ele></trkpt>
    <trkpt lat="48.224210" lon="-4.412560"><ele>67.0</ele></trkpt>
    <trkpt lat="48.224250" lon="-4.412490"><ele>68.0</ele></trkpt>
    <trkpt lat="48.224230" lon="-4.412440"><ele>68.0</ele></trkpt>
    <trkpt lat="48.224030" lon="-4.412300"><ele>66.0</ele></trkpt>
    <trkpt lat="48.223990" lon="-4.412160"><ele>70.0</ele></trkpt>
    <trkpt lat="48.223930" lon="-4.412090"><ele>70.0</ele></trkpt>
    <trkpt lat="48.223850" lon="-4.411830"><ele>64.0</ele></trkpt>
    <trkpt lat="48.223860" lon="-4.411760"><ele>63.0</ele></trkpt>
    <trkpt lat="48.223790" lon="-4.411360"><ele>63.0</ele></trkpt>
    <trkpt lat="48.223760" lon="-4.410800"><ele>65.0</ele></trkpt>
    <trkpt lat="48.223700" lon="-4.410560"><ele>67.0</ele></trkpt>
    <trkpt lat="48.223730" lon="-4.410450"><ele>73.0</ele></trkpt>
    <trkpt lat="48.223890" lon="-4.410170"><ele>74.0</ele></trkpt>
    <trkpt lat="48.223920" lon="-4.409930"><ele>81.0</ele></trkpt>
    <trkpt lat="48.223950" lon="-4.409480"><ele>83.0</ele></trkpt>
    <trkpt lat="48.223940" lon="-4.409110"><ele>86.0</ele></trkpt>
    <trkpt lat="48.223900" lon="-4.408870"><ele>80.0</ele></trkpt>
    <trkpt lat="48.223920" lon="-4.408660"><ele>86.0</ele></trkpt>
    <trkpt lat="48.223890" lon="-4.408480"><ele>80.0</ele></trkpt>
    <trkpt lat="48.224120" lon="-4.407940"><ele>83.0</ele></trkpt>
    <trkpt lat="48.224200" lon="-4.407020"><ele>79.0</ele></trkpt>
    <trkpt lat="48.224140" lon="-4.406600"><ele>82.0</ele></trkpt>
    <trkpt lat="48.224040" lon="-4.406250"><ele>83.0</ele></trkpt>
    <trkpt lat="48.223870" lon="-4.405290"><ele>87.0</ele></trkpt>
    <trkpt lat="48.223350" lon="-4.403950"><ele>89.0</ele></trkpt>
    <trkpt lat="48.223130" lon="-4.402870"><ele>88.0</ele></trkpt>
    <trkpt lat="48.223010" lon="-4.402590"><ele>88.0</ele></trkpt>
    <trkpt lat="48.222760" lon="-4.402280"><ele>87.0</ele></trkpt>
    <trkpt lat="48.222710" lon="-4.402170"><ele>89.0</ele></trkpt>
    <trkpt lat="48.222600" lon="-4.402090"><ele>86.0</ele></trkpt>
    <trkpt lat="48.222530" lon="-4.401930"><ele>83.0</ele></trkpt>
    <trkpt lat="48.222430" lon="-4.401840"><ele>86.0</ele></trkpt>
    <trkpt lat="48.222220" lon="-4.401480"><ele>88.0</ele></trkpt>
    <trkpt lat="48.221700" lon="-4.400970"><ele>84.0</ele></trkpt>
    <trkpt lat="48.221290" lon="-4.399680"><ele>79.0</ele></trkpt>
    <trkpt lat="48.221260" lon="-4.398930"><ele>78.0</ele></trkpt>
    <trkpt lat="48.221340" lon="-4.398790"><ele>83.0</ele></trkpt>
    <trkpt lat="48.221750" lon="-4.398390"><ele>90.0</ele></trkpt>
    <trkpt lat="48.221830" lon="-4.398210"><ele>92.0</ele></trkpt>
    <trkpt lat="48.221860" lon="-4.397900"><ele>91.0</ele></trkpt>
    <trkpt lat="48.221840" lon="-4.397570"><ele>91.0</ele></trkpt>
    <trkpt lat="48.221720" lon="-4.397360"><ele>89.0</ele></trkpt>
    <trkpt lat="48.221600" lon="-4.397290"><ele>82.0</ele></trkpt>
    <trkpt lat="48.221590" lon="-4.396890"><ele>85.0</ele></trkpt>
    <trkpt lat="48.221470" lon="-4.396070"><ele>76.0</ele></trkpt>
    <trkpt lat="48.221390" lon="-4.395760"><ele>63.0</ele></trkpt>
    <trkpt lat="48.221330" lon="-4.395670"><ele>63.0</ele></trkpt>
    <trkpt lat="48.221290" lon="-4.395670"><ele>57.0</ele></trkpt>
    <trkpt lat="48.221170" lon="-4.395270"><ele>52.0</ele></trkpt>
    <trkpt lat="48.221000" lon="-4.395290"><ele>42.0</ele></trkpt>
    <trkpt lat="48.220950" lon="-4.395190"><ele>43.0</ele></trkpt>
    <trkpt lat="48.220870" lon="-4.395380"><ele>38.0</ele></trkpt>
    <trkpt lat="48.220790" lon="-4.395260"><ele>28.0</ele></trkpt>
    <trkpt lat="48.220720" lon="-4.394770"><ele>28.0</ele></trkpt>
    <trkpt lat="48.220730" lon="-4.393300"><ele>32.0</ele></trkpt>
    <trkpt lat="48.220690" lon="-4.393180"><ele>30.0</ele></trkpt>
    <trkpt lat="48.220760" lon="-4.392520"><ele>31.0</ele></trkpt>
    <trkpt lat="48.220540" lon="-4.391980"><ele>35.0</ele></trkpt>
    <trkpt lat="48.220140" lon="-4.391680"><ele>28.0</ele></trkpt>
    <trkpt lat="48.220050" lon="-4.391490"><ele>31.0</ele></trkpt>
    <trkpt lat="48.219910" lon="-4.391400"><ele>30.0</ele></trkpt>
    <trkpt lat="48.219750" lon="-4.391370"><ele>25.0</ele></trkpt>
    <trkpt lat="48.219540" lon="-4.391400"><ele>25.0</ele></trkpt>
    <trkpt lat="48.219260" lon="-4.391280"><ele>24.0</ele></trkpt>
    <trkpt lat="48.219120" lon="-4.391280"><ele>26.0</ele></trkpt>
    <trkpt lat="48.218670" lon="-4.391750"><ele>21.0</ele></trkpt>
    <trkpt lat="48.218630" lon="-4.392010"><ele>18.0</ele></trkpt>
    <trkpt lat="48.218650" lon="-4.392100"><ele>18.0</ele></trkpt>
    <trkpt lat="48.218610" lon="-4.392170"><ele>18.0</ele></trkpt>
    <trkpt lat="48.218540" lon="-4.392170"><ele>17.0</ele></trkpt>
    <trkpt lat="48.218420" lon="-4.392080"><ele>18.0</ele></trkpt>
    <trkpt lat="48.218350" lon="-4.391910"><ele>12.0</ele></trkpt>
    <trkpt lat="48.218350" lon="-4.391840"><ele>15.0</ele></trkpt>
    <trkpt lat="48.218280" lon="-4.391750"><ele>5.0</ele></trkpt>
    <trkpt lat="48.218220" lon="-4.391440"><ele>21.0</ele></trkpt>
    <trkpt lat="48.218020" lon="-4.391500"><ele>20.0</ele></trkpt>
    <trkpt lat="48.217950" lon="-4.391350"><ele>21.0</ele></trkpt>
    <trkpt lat="48.217830" lon="-4.391280"><ele>19.0</ele></trkpt>
    <trkpt lat="48.217770" lon="-4.391120"><ele>14.0</ele></trkpt>
    <trkpt lat="48.217860" lon="-4.390790"><ele>14.0</ele></trkpt>
    <trkpt lat="48.217990" lon="-4.390480"><ele>14.0</ele></trkpt>
    <trkpt lat="48.217980" lon="-4.390270"><ele>13.0</ele></trkpt>
    <trkpt lat="48.218030" lon="-4.389970"><ele>14.0</ele></trkpt>
    <trkpt lat="48.218320" lon="-4.389730"><ele>16.0</ele></trkpt>
    <trkpt lat="48.218460" lon="-4.389540"><ele>17.0</ele></trkpt>
    <trkpt lat="48.218730" lon="-4.389450"><ele>20.0</ele></trkpt>
    <trkpt lat="48.219040" lon="-4.389140"><ele>21.0</ele></trkpt>
    <trkpt lat="48.219130" lon="-4.388840"><ele>21.0</ele></trkpt>
    <trkpt lat="48.219200" lon="-4.388770"><ele>20.0</ele></trkpt>
    <trkpt lat="48.219370" lon="-4.388370"><ele>13.0</ele></trkpt>
    <trkpt lat="48.219410" lon="-4.388160"><ele>21.0</ele></trkpt>
    <trkpt lat="48.219480" lon="-4.387990"><ele>16.0</ele></trkpt>
    <trkpt lat="48.219710" lon="-4.386540"><ele>25.0</ele></trkpt>
    <trkpt lat="48.219690" lon="-4.386420"><ele>13.0</ele></trkpt>
    <trkpt lat="48.219720" lon="-4.386350"><ele>27.0</ele></trkpt>
    <trkpt lat="48.219710" lon="-4.386260"><ele>28.0</ele></trkpt>
    <trkpt lat="48.219760" lon="-4.386240"><ele>28.0</ele></trkpt>
    <trkpt lat="48.219780" lon="-4.386080"><ele>30.0</ele></trkpt>
    <trkpt lat="48.219800" lon="-4.385530"><ele>34.0</ele></trkpt>
    <trkpt lat="48.219780" lon="-4.385030"><ele>31.0</ele></trkpt>
    <trkpt lat="48.219410" lon="-4.385320"><ele>27.0</ele></trkpt>
    <trkpt lat="48.219370" lon="-4.385040"><ele>28.0</ele></trkpt>
    <trkpt lat="48.219400" lon="-4.384910"><ele>25.0</ele></trkpt>
    <trkpt lat="48.219360" lon="-4.384870"><ele>26.0</ele></trkpt>
    <trkpt lat="48.219310" lon="-4.384640"><ele>27.0</ele></trkpt>
    <trkpt lat="48.219280" lon="-4.384640"><ele>21.0</ele></trkpt>
    <trkpt lat="48.219240" lon="-4.384480"><ele>25.0</ele></trkpt>
    <trkpt lat="48.219270" lon="-4.384330"><ele>24.0</ele></trkpt>
    <trkpt lat="48.219260" lon="-4.384190"><ele>21.0</ele></trkpt>
    <trkpt lat="48.219210" lon="-4.383980"><ele>29.0</ele></trkpt>
    <trkpt lat="48.219170" lon="-4.383940"><ele>25.0</ele></trkpt>
    <trkpt lat="48.219140" lon="-4.383580"><ele>29.0</ele></trkpt>
    <trkpt lat="48.219250" lon="-4.383210"><ele>29.0</ele></trkpt>
    <trkpt lat="48.219250" lon="-4.383070"><ele>32.0</ele></trkpt>
    <trkpt lat="48.219150" lon="-4.382880"><ele>29.0</ele></trkpt>
    <trkpt lat="48.219070" lon="-4.382360"><ele>32.0</ele></trkpt>
    <trkpt lat="48.219040" lon="-4.381610"><ele>32.0</ele></trkpt>
    <trkpt lat="48.218940" lon="-4.381570"><ele>22.0</ele></trkpt>
    <trkpt lat="48.218940" lon="-4.381310"><ele>24.0</ele></trkpt>
    <trkpt lat="48.218850" lon="-4.381070"><ele>20.0</ele></trkpt>
    <trkpt lat="48.218870" lon="-4.380910"><ele>17.0</ele></trkpt>
    <trkpt lat="48.218850" lon="-4.380300"><ele>16.0</ele></trkpt>
    <trkpt lat="48.218890" lon="-4.379950"><ele>19.0</ele></trkpt>
    <trkpt lat="48.218960" lon="-4.379810"><ele>23.0</ele></trkpt>
    <trkpt lat="48.218960" lon="-4.379200"><ele>13.0</ele></trkpt>
    <trkpt lat="48.219020" lon="-4.378920"><ele>13.0</ele></trkpt>
    <trkpt lat="48.219010" lon="-4.378210"><ele>14.0</ele></trkpt>
    <trkpt lat="48.218950" lon="-4.377840"><ele>11.0</ele></trkpt>
    <trkpt lat="48.218650" lon="-4.377410"><ele>14.0</ele></trkpt>
    <trkpt lat="48.218320" lon="-4.377200"><ele>4.0</ele></trkpt>
    <trkpt lat="48.217980" lon="-4.376830"><ele>4.0</ele></trkpt>
    <trkpt lat="48.217910" lon="-4.376580"><ele>6.0</ele></trkpt>
    <trkpt lat="48.217770" lon="-4.376480"><ele>10.0</ele></trkpt>
    <trkpt lat="48.217630" lon="-4.376310"><ele>8.0</ele></trkpt>
    <trkpt lat="48.217290" lon="-4.375820"><ele>8.0</ele></trkpt>
    <trkpt lat="48.217210" lon="-4.375540"><ele>8.0</ele></trkpt>
    <trkpt lat="48.217020" lon="-4.375230"><ele>6.0</ele></trkpt>
    <trkpt lat="48.216940" lon="-4.375180"><ele>6.0</ele></trkpt>
    <trkpt lat="48.216820" lon="-4.375200"><ele>5.0</ele></trkpt>
    <trkpt lat="48.216640" lon="-4.375380"><ele>3.0</ele></trkpt>
    <trkpt lat="48.216010" lon="-4.374500"><ele>3.0</ele></trkpt>
    <trkpt lat="48.215640" lon="-4.374060"><ele>2.0</ele></trkpt>
    <trkpt lat="48.215280" lon="-4.373750"><ele>2.0</ele></trkpt>
    <trkpt lat="48.213880" lon="-4.372350"><ele>3.0</ele></trkpt>
    <trkpt lat="48.212760" lon="-4.371300"><ele>3.0</ele></trkpt>
    <trkpt lat="48.211770" lon="-4.370270"><ele>3.0</ele></trkpt>
    <trkpt lat="48.211330" lon="-4.369860"><ele>3.0</ele></trkpt>
    <trkpt lat="48.210640" lon="-4.369400"><ele>5.0</ele></trkpt>
    <trkpt lat="48.210520" lon="-4.369260"><ele>4.0</ele></trkpt>
    <trkpt lat="48.210510" lon="-4.369150"><ele>7.0</ele></trkpt>
    <trkpt lat="48.209720" lon="-4.368740"><ele>14.0</ele></trkpt>
    <trkpt lat="48.210030" lon="-4.368100"><ele>15.0</ele></trkpt>
  </trkseg></trk>
</gpx>
