<?xml version="1.0" encoding="UTF-8"?>
<gpx version="1.1" creator="tcap-parcours" xmlns="http://www.topografix.com/GPX/1/1">
  <metadata><name>grf-166</name></metadata>
  <trk><name>grf-166</name><trkseg>
    <trkpt lat="48.210030" lon="-4.368100"><ele>15.0</ele></trkpt>
    <trkpt lat="48.209720" lon="-4.368740"><ele>15.0</ele></trkpt>
    <trkpt lat="48.209480" lon="-4.368610"><ele>18.0</ele></trkpt>
    <trkpt lat="48.209700" lon="-4.367950"><ele>27.0</ele></trkpt>
    <trkpt lat="48.209870" lon="-4.367110"><ele>28.0</ele></trkpt>
    <trkpt lat="48.210140" lon="-4.366010"><ele>30.0</ele></trkpt>
    <trkpt lat="48.210220" lon="-4.365160"><ele>36.0</ele></trkpt>
    <trkpt lat="48.210110" lon="-4.364800"><ele>37.0</ele></trkpt>
    <trkpt lat="48.209300" lon="-4.363720"><ele>39.0</ele></trkpt>
    <trkpt lat="48.209090" lon="-4.363390"><ele>40.0</ele></trkpt>
    <trkpt lat="48.209010" lon="-4.363060"><ele>41.0</ele></trkpt>
    <trkpt lat="48.209260" lon="-4.362150"><ele>43.0</ele></trkpt>
    <trkpt lat="48.209700" lon="-4.360880"><ele>46.0</ele></trkpt>
    <trkpt lat="48.209820" lon="-4.360380"><ele>46.0</ele></trkpt>
    <trkpt lat="48.209820" lon="-4.359970"><ele>48.0</ele></trkpt>
    <trkpt lat="48.210020" lon="-4.359350"><ele>49.0</ele></trkpt>
    <trkpt lat="48.210140" lon="-4.359170"><ele>49.0</ele></trkpt>
    <trkpt lat="48.210840" lon="-4.360000"><ele>45.0</ele></trkpt>
    <trkpt lat="48.211160" lon="-4.360170"><ele>43.0</ele></trkpt>
    <trkpt lat="48.211430" lon="-4.360380"><ele>43.0</ele></trkpt>
    <trkpt lat="48.211330" lon="-4.361560"><ele>31.0</ele></trkpt>
    <trkpt lat="48.211350" lon="-4.361740"><ele>30.0</ele></trkpt>
    <trkpt lat="48.211560" lon="-4.362090"><ele>29.0</ele></trkpt>
    <trkpt lat="48.211370" lon="-4.362480"><ele>29.0</ele></trkpt>
    <trkpt lat="48.211340" lon="-4.363350"><ele>27.0</ele></trkpt>
    <trkpt lat="48.211420" lon="-4.364490"><ele>22.0</ele></trkpt>
    <trkpt lat="48.211370" lon="-4.366880"><ele>14.0</ele></trkpt>
    <trkpt lat="48.211400" lon="-4.368370"><ele>10.0</ele></trkpt>
    <trkpt lat="48.211490" lon="-4.368920"><ele>8.0</ele></trkpt>
    <trkpt lat="48.211740" lon="-4.369460"><ele>7.0</ele></trkpt>
    <trkpt lat="48.211510" lon="-4.369840"><ele>6.0</ele></trkpt>
    <trkpt lat="48.210840" lon="-4.369340"><ele>6.0</ele></trkpt>
    <trkpt lat="48.210580" lon="-4.369190"><ele>7.0</ele></trkpt>
    <trkpt lat="48.209550" lon="-4.368760"><ele>14.0</ele></trkpt>
    <trkpt lat="48.209420" lon="-4.368760"><ele>14.0</ele></trkpt>
    <trkpt lat="48.209300" lon="-4.368980"><ele>17.0</ele></trkpt>
    <trkpt lat="48.209250" lon="-4.369180"><ele>25.0</ele></trkpt>
    <trkpt lat="48.208960" lon="-4.369480"><ele>25.0</ele></trkpt>
    <trkpt lat="48.208630" lon="-4.369570"><ele>26.0</ele></trkpt>
    <trkpt lat="48.208410" lon="-4.370020"><ele>28.0</ele></trkpt>
    <trkpt lat="48.208140" lon="-4.370730"><ele>29.0</ele></trkpt>
    <trkpt lat="48.208040" lon="-4.371100"><ele>29.0</ele></trkpt>
    <trkpt lat="48.207870" lon="-4.371380"><ele>28.0</ele></trkpt>
    <trkpt lat="48.207830" lon="-4.371500"><ele>28.0</ele></trkpt>
    <trkpt lat="48.207760" lon="-4.371900"><ele>28.0</ele></trkpt>
    <trkpt lat="48.207740" lon="-4.372280"><ele>28.0</ele></trkpt>
    <trkpt lat="48.207670" lon="-4.372530"><ele>28.0</ele></trkpt>
    <trkpt lat="48.207400" lon="-4.372980"><ele>25.0</ele></trkpt>
    <trkpt lat="48.207160" lon="-4.373170"><ele>25.0</ele></trkpt>
    <trkpt lat="48.206940" lon="-4.373260"><ele>25.0</ele></trkpt>
    <trkpt lat="48.206900" lon="-4.373190"><ele>19.0</ele></trkpt>
    <trkpt lat="48.206820" lon="-4.372700"><ele>25.0</ele></trkpt>
    <trkpt lat="48.206720" lon="-4.372420"><ele>25.0</ele></trkpt>
    <trkpt lat="48.206680" lon="-4.371970"><ele>27.0</ele></trkpt>
    <trkpt lat="48.206530" lon="-4.371740"><ele>29.0</ele></trkpt>
    <trkpt lat="48.206480" lon="-4.370870"><ele>26.0</ele></trkpt>
    <trkpt lat="48.206360" lon="-4.370700"><ele>26.0</ele></trkpt>
    <trkpt lat="48.206280" lon="-4.370280"><ele>18.0</ele></trkpt>
    <trkpt lat="48.206030" lon="-4.369980"><ele>19.0</ele></trkpt>
    <trkpt lat="48.205900" lon="-4.369950"><ele>13.0</ele></trkpt>
    <trkpt lat="48.205830" lon="-4.369880"><ele>18.0</ele></trkpt>
    <trkpt lat="48.205750" lon="-4.369620"><ele>17.0</ele></trkpt>
    <trkpt lat="48.205590" lon="-4.369300"><ele>11.0</ele></trkpt>
    <trkpt lat="48.205490" lon="-4.368850"><ele>11.0</ele></trkpt>
    <trkpt lat="48.205460" lon="-4.367960"><ele>7.0</ele></trkpt>
    <trkpt lat="48.205600" lon="-4.367560"><ele>16.0</ele></trkpt>
    <trkpt lat="48.205700" lon="-4.367440"><ele>13.0</ele></trkpt>
    <trkpt lat="48.205790" lon="-4.367110"><ele>17.0</ele></trkpt>
    <trkpt lat="48.206110" lon="-4.366670"><ele>19.0</ele></trkpt>
    <trkpt lat="48.206170" lon="-4.366530"><ele>19.0</ele></trkpt>
    <trkpt lat="48.206220" lon="-4.366320"><ele>18.0</ele></trkpt>
    <trkpt lat="48.206190" lon="-4.366080"><ele>3.0</ele></trkpt>
    <trkpt lat="48.206280" lon="-4.365800"><ele>18.0</ele></trkpt>
    <trkpt lat="48.206310" lon="-4.365380"><ele>18.0</ele></trkpt>
    <trkpt lat="48.206350" lon="-4.365210"><ele>17.0</ele></trkpt>
    <trkpt lat="48.206430" lon="-4.365100"><ele>17.0</ele></trkpt>
    <trkpt lat="48.206740" lon="-4.365100"><ele>20.0</ele></trkpt>
    <trkpt lat="48.206750" lon="-4.364910"><ele>19.0</ele></trkpt>
    <trkpt lat="48.206690" lon="-4.364770"><ele>16.0</ele></trkpt>
    <trkpt lat="48.206590" lon="-4.364650"><ele>15.0</ele></trkpt>
    <trkpt lat="48.206610" lon="-4.364530"><ele>16.0</ele></trkpt>
    <trkpt lat="48.206740" lon="-4.364300"><ele>16.0</ele></trkpt>
    <trkpt lat="48.206780" lon="-4.364020"><ele>15.0</ele></trkpt>
    <trkpt lat="48.206760" lon="-4.363970"><ele>17.0</ele></trkpt>
    <trkpt lat="48.206560" lon="-4.363990"><ele>14.0</ele></trkpt>
    <trkpt lat="48.206550" lon="-4.363880"><ele>16.0</ele></trkpt>
    <trkpt lat="48.206610" lon="-4.363360"><ele>12.0</ele></trkpt>
    <trkpt lat="48.206810" lon="-4.362560"><ele>10.0</ele></trkpt>
    <trkpt lat="48.206860" lon="-4.362120"><ele>8.0</ele></trkpt>
    <trkpt lat="48.206830" lon="-4.361910"><ele>6.0</ele></trkpt>
    <trkpt lat="48.206860" lon="-4.361770"><ele>8.0</ele></trkpt>
    <trkpt lat="48.206760" lon="-4.361390"><ele>12.0</ele></trkpt>
    <trkpt lat="48.206660" lon="-4.361160"><ele>16.0</ele></trkpt>
    <trkpt lat="48.206530" lon="-4.361010"><ele>16.0</ele></trkpt>
    <trkpt lat="48.206520" lon="-4.360800"><ele>20.0</ele></trkpt>
    <trkpt lat="48.206340" lon="-4.360550"><ele>22.0</ele></trkpt>
    <trkpt lat="48.206320" lon="-4.360430"><ele>24.0</ele></trkpt>
    <trkpt lat="48.206530" lon="-4.359470"><ele>30.0</ele></trkpt>
    <trkpt lat="48.206560" lon="-4.359160"><ele>31.0</ele></trkpt>
    <trkpt lat="48.206540" lon="-4.358890"><ele>32.0</ele></trkpt>
    <trkpt lat="48.206580" lon="-4.358030"><ele>32.0</ele></trkpt>
    <trkpt lat="48.205710" lon="-4.357540"><ele>22.0</ele></trkpt>
    <trkpt lat="48.206170" lon="-4.355410"><ele>28.0</ele></trkpt>
    <trkpt lat="48.206330" lon="-4.354870"><ele>27.0</ele></trkpt>
    <trkpt lat="48.206440" lon="-4.354330"><ele>27.0</ele></trkpt>
    <trkpt lat="48.206490" lon="-4.353840"><ele>30.0</ele></trkpt>
    <trkpt lat="48.206460" lon="-4.353620"><ele>26.0</ele></trkpt>
    <trkpt lat="48.206720" lon="-4.352450"><ele>33.0</ele></trkpt>
    <trkpt lat="48.206580" lon="-4.352220"><ele>32.0</ele></trkpt>
    <trkpt lat="48.206560" lon="-4.351490"><ele>28.0</ele></trkpt>
    <trkpt lat="48.206510" lon="-4.351440"><ele>28.0</ele></trkpt>
    <trkpt lat="48.206490" lon="-4.351280"><ele>22.0</ele></trkpt>
    <trkpt lat="48.206820" lon="-4.350360"><ele>14.0</ele></trkpt>
    <trkpt lat="48.206890" lon="-4.349990"><ele>13.0</ele></trkpt>
    <trkpt lat="48.206960" lon="-4.349780"><ele>13.0</ele></trkpt>
    <trkpt lat="48.207100" lon="-4.349610"><ele>13.0</ele></trkpt>
    <trkpt lat="48.207550" lon="-4.349200"><ele>13.0</ele></trkpt>
    <trkpt lat="48.207300" lon="-4.348350"><ele>4.0</ele></trkpt>
    <trkpt lat="48.207290" lon="-4.348280"><ele>6.0</ele></trkpt>
    <trkpt lat="48.207340" lon="-4.348060"><ele>10.0</ele></trkpt>
    <trkpt lat="48.207300" lon="-4.348090"><ele>10.0</ele></trkpt>
    <trkpt lat="48.207000" lon="-4.348030"><ele>16.0</ele></trkpt>
    <trkpt lat="48.206850" lon="-4.348110"><ele>11.0</ele></trkpt>
    <trkpt lat="48.206650" lon="-4.347900"><ele>12.0</ele></trkpt>
    <trkpt lat="48.206560" lon="-4.347900"><ele>15.0</ele></trkpt>
    <trkpt lat="48.206460" lon="-4.347970"><ele>14.0</ele></trkpt>
    <trkpt lat="48.206410" lon="-4.347950"><ele>14.0</ele></trkpt>
    <trkpt lat="48.206370" lon="-4.347880"><ele>14.0</ele></trkpt>
    <trkpt lat="48.206370" lon="-4.347670"><ele>14.0</ele></trkpt>
    <trkpt lat="48.206220" lon="-4.347550"><ele>10.0</ele></trkpt>
    <trkpt lat="48.206190" lon="-4.347220"><ele>11.0</ele></trkpt>
    <trkpt lat="48.206260" lon="-4.346870"><ele>15.0</ele></trkpt>
    <trkpt lat="48.206260" lon="-4.346730"><ele>9.0</ele></trkpt>
    <trkpt lat="48.206350" lon="-4.346370"><ele>17.0</ele></trkpt>
    <trkpt lat="48.206330" lon="-4.346120"><ele>21.0</ele></trkpt>
    <trkpt lat="48.206470" lon="-4.345110"><ele>14.0</ele></trkpt>
    <trkpt lat="48.206560" lon="-4.344900"><ele>28.0</ele></trkpt>
    <trkpt lat="48.206620" lon="-4.344580"><ele>19.0</ele></trkpt>
    <trkpt lat="48.206570" lon="-4.344360"><ele>25.0</ele></trkpt>
    <trkpt lat="48.206580" lon="-4.344010"><ele>25.0</ele></trkpt>
    <trkpt lat="48.206430" lon="-4.343470"><ele>28.0</ele></trkpt>
    <trkpt lat="48.206410" lon="-4.343300"><ele>28.0</ele></trkpt>
    <trkpt lat="48.206390" lon="-4.342360"><ele>30.0</ele></trkpt>
    <trkpt lat="48.206450" lon="-4.341680"><ele>32.0</ele></trkpt>
    <trkpt lat="48.206520" lon="-4.341240"><ele>33.0</ele></trkpt>
    <trkpt lat="48.206500" lon="-4.341070"><ele>27.0</ele></trkpt>
    <trkpt lat="48.206380" lon="-4.340860"><ele>21.0</ele></trkpt>
    <trkpt lat="48.206320" lon="-4.340840"><ele>35.0</ele></trkpt>
    <trkpt lat="48.206240" lon="-4.340930"><ele>24.0</ele></trkpt>
    <trkpt lat="48.206200" lon="-4.340910"><ele>24.0</ele></trkpt>
    <trkpt lat="48.206010" lon="-4.340670"><ele>28.0</ele></trkpt>
    <trkpt lat="48.205880" lon="-4.340670"><ele>20.0</ele></trkpt>
    <trkpt lat="48.205750" lon="-4.340460"><ele>16.0</ele></trkpt>
    <trkpt lat="48.205650" lon="-4.339690"><ele>12.0</ele></trkpt>
    <trkpt lat="48.205770" lon="-4.339150"><ele>13.0</ele></trkpt>
    <trkpt lat="48.205780" lon="-4.338750"><ele>11.0</ele></trkpt>
    <trkpt lat="48.205560" lon="-4.338730"><ele>11.0</ele></trkpt>
    <trkpt lat="48.205530" lon="-4.338660"><ele>13.0</ele></trkpt>
    <trkpt lat="48.205630" lon="-4.337690"><ele>11.0</ele></trkpt>
    <trkpt lat="48.205890" lon="-4.337370"><ele>14.0</ele></trkpt>
    <trkpt lat="48.206170" lon="-4.337440"><ele>16.0</ele></trkpt>
    <trkpt lat="48.206500" lon="-4.337390"><ele>19.0</ele></trkpt>
    <trkpt lat="48.206740" lon="-4.337070"><ele>23.0</ele></trkpt>
    <trkpt lat="48.207820" lon="-4.336310"><ele>27.0</ele></trkpt>
    <trkpt lat="48.207950" lon="-4.335820"><ele>30.0</ele></trkpt>
    <trkpt lat="48.208430" lon="-4.335580"><ele>31.0</ele></trkpt>
    <trkpt lat="48.207300" lon="-4.333800"><ele>16.0</ele></trkpt>
    <trkpt lat="48.207040" lon="-4.333280"><ele>14.0</ele></trkpt>
    <trkpt lat="48.206800" lon="-4.332300"><ele>10.0</ele></trkpt>
    <trkpt lat="48.206800" lon="-4.331850"><ele>9.0</ele></trkpt>
    <trkpt lat="48.206690" lon="-4.331520"><ele>9.0</ele></trkpt>
    <trkpt lat="48.206260" lon="-4.331270"><ele>10.0</ele></trkpt>
    <trkpt lat="48.206050" lon="-4.331200"><ele>11.0</ele></trkpt>
    <trkpt lat="48.205940" lon="-4.331100"><ele>9.0</ele></trkpt>
    <trkpt lat="48.205840" lon="-4.330940"><ele>13.0</ele></trkpt>
    <trkpt lat="48.205780" lon="-4.330570"><ele>14.0</ele></trkpt>
    <trkpt lat="48.205330" lon="-4.329830"><ele>15.0</ele></trkpt>
    <trkpt lat="48.205000" lon="-4.328970"><ele>13.0</ele></trkpt>
    <trkpt lat="48.204610" lon="-4.327190"><ele>17.0</ele></trkpt>
    <trkpt lat="48.204520" lon="-4.326930"><ele>18.0</ele></trkpt>
    <trkpt lat="48.204360" lon="-4.326620"><ele>22.0</ele></trkpt>
    <trkpt lat="48.204010" lon="-4.326160"><ele>26.0</ele></trkpt>
    <trkpt lat="48.203730" lon="-4.326410"><ele>27.0</ele></trkpt>
    <trkpt lat="48.203350" lon="-4.327040"><ele>25.0</ele></trkpt>
    <trkpt lat="48.203050" lon="-4.327090"><ele>25.0</ele></trkpt>
    <trkpt lat="48.202620" lon="-4.327610"><ele>20.0</ele></trkpt>
    <trkpt lat="48.202330" lon="-4.327680"><ele>16.0</ele></trkpt>
    <trkpt lat="48.202270" lon="-4.327560"><ele>19.0</ele></trkpt>
    <trkpt lat="48.202250" lon="-4.325820"><ele>18.0</ele></trkpt>
    <trkpt lat="48.202810" lon="-4.324130"><ele>23.0</ele></trkpt>
    <trkpt lat="48.202770" lon="-4.323880"><ele>24.0</ele></trkpt>
    <trkpt lat="48.202810" lon="-4.323360"><ele>19.0</ele></trkpt>
    <trkpt lat="48.202890" lon="-4.323090"><ele>15.0</ele></trkpt>
    <trkpt lat="48.203050" lon="-4.322800"><ele>15.0</ele></trkpt>
    <trkpt lat="48.203570" lon="-4.322070"><ele>8.0</ele></trkpt>
    <trkpt lat="48.203840" lon="-4.321830"><ele>7.0</ele></trkpt>
    <trkpt lat="48.204020" lon="-4.321770"><ele>7.0</ele></trkpt>
    <trkpt lat="48.204110" lon="-4.321030"><ele>5.0</ele></trkpt>
    <trkpt lat="48.204210" lon="-4.320940"><ele>5.0</ele></trkpt>
    <trkpt lat="48.204140" lon="-4.320690"><ele>9.0</ele></trkpt>
    <trkpt lat="48.204180" lon="-4.320590"><ele>9.0</ele></trkpt>
    <trkpt lat="48.204130" lon="-4.319930"><ele>14.0</ele></trkpt>
    <trkpt lat="48.204070" lon="-4.319810"><ele>11.0</ele></trkpt>
    <trkpt lat="48.204090" lon="-4.319470"><ele>14.0</ele></trkpt>
    <trkpt lat="48.204130" lon="-4.319180"><ele>14.0</ele></trkpt>
    <trkpt lat="48.204220" lon="-4.318830"><ele>14.0</ele></trkpt>
    <trkpt lat="48.204350" lon="-4.318360"><ele>16.0</ele></trkpt>
    <trkpt lat="48.204430" lon="-4.318200"><ele>11.0</ele></trkpt>
    <trkpt lat="48.204310" lon="-4.317060"><ele>24.0</ele></trkpt>
    <trkpt lat="48.204100" lon="-4.316160"><ele>29.0</ele></trkpt>
    <trkpt lat="48.204030" lon="-4.315990"><ele>33.0</ele></trkpt>
    <trkpt lat="48.203860" lon="-4.315740"><ele>31.0</ele></trkpt>
    <trkpt lat="48.203640" lon="-4.315570"><ele>32.0</ele></trkpt>
    <trkpt lat="48.203480" lon="-4.315590"><ele>35.0</ele></trkpt>
    <trkpt lat="48.202840" lon="-4.315270"><ele>33.0</ele></trkpt>
    <trkpt lat="48.201860" lon="-4.314440"><ele>30.0</ele></trkpt>
    <trkpt lat="48.200000" lon="-4.311760"><ele>26.0</ele></trkpt>
    <trkpt lat="48.199200" lon="-4.310740"><ele>30.0</ele></trkpt>
    <trkpt lat="48.199030" lon="-4.310420"><ele>30.0</ele></trkpt>
    <trkpt lat="48.197770" lon="-4.308440"><ele>35.0</ele></trkpt>
    <trkpt lat="48.196910" lon="-4.306630"><ele>34.0</ele></trkpt>
    <trkpt lat="48.196930" lon="-4.306280"><ele>33.0</ele></trkpt>
    <trkpt lat="48.196710" lon="-4.306050"><ele>30.0</ele></trkpt>
    <trkpt lat="48.196600" lon="-4.305580"><ele>21.0</ele></trkpt>
    <trkpt lat="48.196530" lon="-4.304150"><ele>7.0</ele></trkpt>
    <trkpt lat="48.196450" lon="-4.303550"><ele>7.0</ele></trkpt>
    <trkpt lat="48.196210" lon="-4.303460"><ele>6.0</ele></trkpt>
    <trkpt lat="48.196100" lon="-4.303350"><ele>4.0</ele></trkpt>
    <trkpt lat="48.196020" lon="-4.302970"><ele>5.0</ele></trkpt>
    <trkpt lat="48.195980" lon="-4.302940"><ele>5.0</ele></trkpt>
    <trkpt lat="48.195660" lon="-4.303100"><ele>5.0</ele></trkpt>
    <trkpt lat="48.195270" lon="-4.303420"><ele>3.0</ele></trkpt>
    <trkpt lat="48.193030" lon="-4.302160"><ele>3.0</ele></trkpt>
    <trkpt lat="48.190420" lon="-4.300590"><ele>3.0</ele></trkpt>
    <trkpt lat="48.187300" lon="-4.298400"><ele>4.0</ele></trkpt>
    <trkpt lat="48.184970" lon="-4.296690"><ele>3.0</ele></trkpt>
    <trkpt lat="48.177690" lon="-4.292920"><ele>3.0</ele></trkpt>
    <trkpt lat="48.175580" lon="-4.291030"><ele>5.0</ele></trkpt>
    <trkpt lat="48.175310" lon="-4.290230"><ele>6.0</ele></trkpt>
    <trkpt lat="48.174170" lon="-4.289100"><ele>24.0</ele></trkpt>
    <trkpt lat="48.173650" lon="-4.289740"><ele>24.0</ele></trkpt>
    <trkpt lat="48.173000" lon="-4.290890"><ele>24.0</ele></trkpt>
    <trkpt lat="48.172280" lon="-4.291360"><ele>12.0</ele></trkpt>
    <trkpt lat="48.172160" lon="-4.291730"><ele>5.0</ele></trkpt>
    <trkpt lat="48.171620" lon="-4.291710"><ele>3.0</ele></trkpt>
    <trkpt lat="48.171190" lon="-4.291640"><ele>3.0</ele></trkpt>
    <trkpt lat="48.170860" lon="-4.291640"><ele>2.0</ele></trkpt>
    <trkpt lat="48.170280" lon="-4.291720"><ele>2.0</ele></trkpt>
    <trkpt lat="48.168980" lon="-4.292250"><ele>2.0</ele></trkpt>
    <trkpt lat="48.167740" lon="-4.293660"><ele>2.0</ele></trkpt>
    <trkpt lat="48.167560" lon="-4.293690"><ele>5.0</ele></trkpt>
    <trkpt lat="48.167500" lon="-4.293920"><ele>18.0</ele></trkpt>
    <trkpt lat="48.167410" lon="-4.293900"><ele>9.0</ele></trkpt>
    <trkpt lat="48.167550" lon="-4.294130"><ele>13.0</ele></trkpt>
    <trkpt lat="48.167620" lon="-4.294480"><ele>14.0</ele></trkpt>
    <trkpt lat="48.167770" lon="-4.294740"><ele>13.0</ele></trkpt>
    <trkpt lat="48.167930" lon="-4.294880"><ele>13.0</ele></trkpt>
    <trkpt lat="48.168080" lon="-4.294930"><ele>14.0</ele></trkpt>
    <trkpt lat="48.168190" lon="-4.295110"><ele>13.0</ele></trkpt>
    <trkpt lat="48.168240" lon="-4.295370"><ele>12.0</ele></trkpt>
    <trkpt lat="48.168440" lon="-4.295960"><ele>12.0</ele></trkpt>
    <trkpt lat="48.168610" lon="-4.297150"><ele>14.0</ele></trkpt>
    <trkpt lat="48.168610" lon="-4.297320"><ele>12.0</ele></trkpt>
    <trkpt lat="48.168400" lon="-4.297720"><ele>24.0</ele></trkpt>
    <trkpt lat="48.168170" lon="-4.298020"><ele>24.0</ele></trkpt>
    <trkpt lat="48.167950" lon="-4.298210"><ele>21.0</ele></trkpt>
    <trkpt lat="48.167760" lon="-4.298560"><ele>21.0</ele></trkpt>
    <trkpt lat="48.167700" lon="-4.298580"><ele>16.0</ele></trkpt>
    <trkpt lat="48.167540" lon="-4.298490"><ele>21.0</ele></trkpt>
    <trkpt lat="48.167270" lon="-4.298120"><ele>19.0</ele></trkpt>
    <trkpt lat="48.167140" lon="-4.297370"><ele>19.0</ele></trkpt>
    <trkpt lat="48.167040" lon="-4.297340"><ele>19.0</ele></trkpt>
    <trkpt lat="48.166930" lon="-4.297390"><ele>15.0</ele></trkpt>
    <trkpt lat="48.166730" lon="-4.297180"><ele>16.0</ele></trkpt>
    <trkpt lat="48.166640" lon="-4.297150"><ele>16.0</ele></trkpt>
    <trkpt lat="48.165510" lon="-4.297300"><ele>13.0</ele></trkpt>
    <trkpt lat="48.165370" lon="-4.297080"><ele>13.0</ele></trkpt>
    <trkpt lat="48.165420" lon="-4.296610"><ele>14.0</ele></trkpt>
    <trkpt lat="48.165500" lon="-4.296350"><ele>14.0</ele></trkpt>
    <trkpt lat="48.165630" lon="-4.295540"><ele>16.0</ele></trkpt>
    <trkpt lat="48.165470" lon="-4.295240"><ele>10.0</ele></trkpt>
    <trkpt lat="48.165210" lon="-4.295020"><ele>8.0</ele></trkpt>
    <trkpt lat="48.165100" lon="-4.294850"><ele>8.0</ele></trkpt>
    <trkpt lat="48.164910" lon="-4.294670"><ele>5.0</ele></trkpt>
    <trkpt lat="48.164760" lon="-4.294200"><ele>12.0</ele></trkpt>
    <trkpt lat="48.164730" lon="-4.293990"><ele>16.0</ele></trkpt>
    <trkpt lat="48.164610" lon="-4.293660"><ele>20.0</ele></trkpt>
    <trkpt lat="48.164300" lon="-4.293470"><ele>23.0</ele></trkpt>
    <trkpt lat="48.164210" lon="-4.293490"><ele>23.0</ele></trkpt>
    <trkpt lat="48.164140" lon="-4.293560"><ele>11.0</ele></trkpt>
    <trkpt lat="48.163760" lon="-4.293590"><ele>23.0</ele></trkpt>
    <trkpt lat="48.163550" lon="-4.293530"><ele>23.0</ele></trkpt>
    <trkpt lat="48.163500" lon="-4.293560"><ele>23.0</ele></trkpt>
    <trkpt lat="48.163190" lon="-4.293450"><ele>24.0</ele></trkpt>
    <trkpt lat="48.162930" lon="-4.293450"><ele>24.0</ele></trkpt>
    <trkpt lat="48.162530" lon="-4.293380"><ele>25.0</ele></trkpt>
    <trkpt lat="48.162230" lon="-4.293470"><ele>26.0</ele></trkpt>
    <trkpt lat="48.162110" lon="-4.293530"><ele>28.0</ele></trkpt>
    <trkpt lat="48.161690" lon="-4.294150"><ele>26.0</ele></trkpt>
    <trkpt lat="48.161200" lon="-4.295250"><ele>22.0</ele></trkpt>
    <trkpt lat="48.160830" lon="-4.295110"><ele>25.0</ele></trkpt>
    <trkpt lat="48.160700" lon="-4.294760"><ele>29.0</ele></trkpt>
    <trkpt lat="48.160460" lon="-4.294940"><ele>32.0</ele></trkpt>
    <trkpt lat="48.160280" lon="-4.295360"><ele>35.0</ele></trkpt>
    <trkpt lat="48.160070" lon="-4.295490"><ele>37.0</ele></trkpt>
    <trkpt lat="48.159700" lon="-4.295220"><ele>36.0</ele></trkpt>
    <trkpt lat="48.158640" lon="-4.293940"><ele>32.0</ele></trkpt>
    <trkpt lat="48.158590" lon="-4.293240"><ele>28.0</ele></trkpt>
    <trkpt lat="48.158900" lon="-4.292520"><ele>26.0</ele></trkpt>
    <trkpt lat="48.159440" lon="-4.291890"><ele>26.0</ele></trkpt>
    <trkpt lat="48.160310" lon="-4.291650"><ele>28.0</ele></trkpt>
    <trkpt lat="48.160690" lon="-4.291040"><ele>30.0</ele></trkpt>
    <trkpt lat="48.160860" lon="-4.290180"><ele>28.0</ele></trkpt>
    <trkpt lat="48.160640" lon="-4.289860"><ele>24.0</ele></trkpt>
    <trkpt lat="48.160280" lon="-4.289110"><ele>17.0</ele></trkpt>
    <trkpt lat="48.159490" lon="-4.287300"><ele>14.0</ele></trkpt>
    <trkpt lat="48.159400" lon="-4.287210"><ele>14.0</ele></trkpt>
    <trkpt lat="48.159280" lon="-4.287210"><ele>16.0</ele></trkpt>
    <trkpt lat="48.159040" lon="-4.287320"><ele>18.0</ele></trkpt>
    <trkpt lat="48.158910" lon="-4.287330"><ele>20.0</ele></trkpt>
    <trkpt lat="48.158190" lon="-4.286400"><ele>30.0</ele></trkpt>
    <trkpt lat="48.157620" lon="-4.285040"><ele>32.0</ele></trkpt>
    <trkpt lat="48.158210" lon="-4.284480"><ele>36.0</ele></trkpt>
    <trkpt lat="48.158270" lon="-4.282790"><ele>41.0</ele></trkpt>
    <trkpt lat="48.157940" lon="-4.282130"><ele>42.0</ele></trkpt>
    <trkpt lat="48.157900" lon="-4.280910"><ele>47.0</ele></trkpt>
    <trkpt lat="48.158090" lon="-4.277910"><ele>58.0</ele></trkpt>
    <trkpt lat="48.158760" lon="-4.272070"><ele>48.0</ele></trkpt>
    <trkpt lat="48.158180" lon="-4.271770"><ele>42.0</ele></trkpt>
    <trkpt lat="48.156960" lon="-4.271900"><ele>25.0</ele></trkpt>
    <trkpt lat="48.156400" lon="-4.272460"><ele>16.0</ele></trkpt>
    <trkpt lat="48.155330" lon="-4.274000"><ele>5.0</ele></trkpt>
    <trkpt lat="48.151980" lon="-4.271740"><ele>4.0</ele></trkpt>
    <trkpt lat="48.152370" lon="-4.270340"><ele>5.0</ele></trkpt>
    <trkpt lat="48.153890" lon="-4.266950"><ele>5.0</ele></trkpt>
    <trkpt lat="48.153920" lon="-4.263690"><ele>7.0</ele></trkpt>
    <trkpt lat="48.152240" lon="-4.263030"><ele>14.0</ele></trkpt>
    <trkpt lat="48.152700" lon="-4.261430"><ele>15.0</ele></trkpt>
    <trkpt lat="48.151650" lon="-4.259710"><ele>22.0</ele></trkpt>
    <trkpt lat="48.151710" lon="-4.258710"><ele>25.0</ele></trkpt>
    <trkpt lat="48.151890" lon="-4.258130"><ele>28.0</ele></trkpt>
    <trkpt lat="48.151790" lon="-4.257540"><ele>32.0</ele></trkpt>
    <trkpt lat="48.152680" lon="-4.256310"><ele>36.0</ele></trkpt>
    <trkpt lat="48.153380" lon="-4.254410"><ele>43.0</ele></trkpt>
    <trkpt lat="48.153730" lon="-4.252640"><ele>44.0</ele></trkpt>
    <trkpt lat="48.156600" lon="-4.254970"><ele>16.0</ele></trkpt>
    <trkpt lat="48.157050" lon="-4.254060"><ele>16.0</ele></trkpt>
    <trkpt lat="48.157480" lon="-4.253900"><ele>14.0</ele></trkpt>
    <trkpt lat="48.158020" lon="-4.252600"><ele>13.0</ele></trkpt>
    <trkpt lat="48.158840" lon="-4.251950"><ele>9.0</ele></trkpt>
    <trkpt lat="48.159790" lon="-4.250740"><ele>9.0</ele></trkpt>
    <trkpt lat="48.160020" lon="-4.250800"><ele>8.0</ele></trkpt>
    <trkpt lat="48.160160" lon="-4.253910"><ele>9.0</ele></trkpt>
    <trkpt lat="48.160730" lon="-4.253630"><ele>12.0</ele></trkpt>
    <trkpt lat="48.161060" lon="-4.253140"><ele>16.0</ele></trkpt>
    <trkpt lat="48.162060" lon="-4.254910"><ele>33.0</ele></trkpt>
    <trkpt lat="48.163930" lon="-4.253120"><ele>43.0</ele></trkpt>
    <trkpt lat="48.166230" lon="-4.254830"><ele>53.0</ele></trkpt>
    <trkpt lat="48.167900" lon="-4.253500"><ele>44.0</ele></trkpt>
    <trkpt lat="48.168380" lon="-4.253020"><ele>44.0</ele></trkpt>
    <trkpt lat="48.169520" lon="-4.250510"><ele>46.0</ele></trkpt>
    <trkpt lat="48.170020" lon="-4.250970"><ele>49.0</ele></trkpt>
    <trkpt lat="48.170760" lon="-4.250090"><ele>47.0</ele></trkpt>
    <trkpt lat="48.170740" lon="-4.249460"><ele>45.0</ele></trkpt>
    <trkpt lat="48.170860" lon="-4.248660"><ele>43.0</ele></trkpt>
    <trkpt lat="48.171270" lon="-4.247650"><ele>48.0</ele></trkpt>
    <trkpt lat="48.171350" lon="-4.247630"><ele>49.0</ele></trkpt>
    <trkpt lat="48.173040" lon="-4.248660"><ele>57.0</ele></trkpt>
    <trkpt lat="48.174410" lon="-4.249670"><ele>60.0</ele></trkpt>
    <trkpt lat="48.174560" lon="-4.249690"><ele>60.0</ele></trkpt>
    <trkpt lat="48.175440" lon="-4.250230"><ele>61.0</ele></trkpt>
    <trkpt lat="48.175920" lon="-4.250400"><ele>63.0</ele></trkpt>
    <trkpt lat="48.176730" lon="-4.250570"><ele>63.0</ele></trkpt>
    <trkpt lat="48.176910" lon="-4.250650"><ele>63.0</ele></trkpt>
    <trkpt lat="48.177300" lon="-4.250980"><ele>62.0</ele></trkpt>
    <trkpt lat="48.178090" lon="-4.251800"><ele>58.0</ele></trkpt>
    <trkpt lat="48.178500" lon="-4.252060"><ele>57.0</ele></trkpt>
    <trkpt lat="48.178810" lon="-4.252160"><ele>57.0</ele></trkpt>
    <trkpt lat="48.180910" lon="-4.252400"><ele>55.0</ele></trkpt>
    <trkpt lat="48.180990" lon="-4.251690"><ele>55.0</ele></trkpt>
    <trkpt lat="48.180930" lon="-4.249740"><ele>57.0</ele></trkpt>
    <trkpt lat="48.180960" lon="-4.249370"><ele>58.0</ele></trkpt>
    <trkpt lat="48.181130" lon="-4.249150"><ele>58.0</ele></trkpt>
    <trkpt lat="48.181300" lon="-4.248720"><ele>59.0</ele></trkpt>
    <trkpt lat="48.182120" lon="-4.248610"><ele>60.0</ele></trkpt>
    <trkpt lat="48.182210" lon="-4.248540"><ele>60.0</ele></trkpt>
    <trkpt lat="48.182860" lon="-4.248570"><ele>57.0</ele></trkpt>
    <trkpt lat="48.183680" lon="-4.248850"><ele>52.0</ele></trkpt>
    <trkpt lat="48.184030" lon="-4.249040"><ele>51.0</ele></trkpt>
    <trkpt lat="48.184470" lon="-4.249390"><ele>50.0</ele></trkpt>
    <trkpt lat="48.185110" lon="-4.250000"><ele>50.0</ele></trkpt>
    <trkpt lat="48.185510" lon="-4.250540"><ele>50.0</ele></trkpt>
    <trkpt lat="48.185660" lon="-4.250820"><ele>49.0</ele></trkpt>
    <trkpt lat="48.185830" lon="-4.251290"><ele>49.0</ele></trkpt>
    <trkpt lat="48.185930" lon="-4.251400"><ele>50.0</ele></trkpt>
    <trkpt lat="48.185960" lon="-4.251800"><ele>51.0</ele></trkpt>
    <trkpt lat="48.186100" lon="-4.252300"><ele>52.0</ele></trkpt>
    <trkpt lat="48.186190" lon="-4.252390"><ele>52.0</ele></trkpt>
    <trkpt lat="48.186190" lon="-4.252460"><ele>52.0</ele></trkpt>
    <trkpt lat="48.186260" lon="-4.252410"><ele>52.0</ele></trkpt>
    <trkpt lat="48.186610" lon="-4.252350"><ele>55.0</ele></trkpt>
    <trkpt lat="48.186890" lon="-4.252390"><ele>56.0</ele></trkpt>
    <trkpt lat="48.187610" lon="-4.252320"><ele>62.0</ele></trkpt>
    <trkpt lat="48.188540" lon="-4.248800"><ele>65.0</ele></trkpt>
    <trkpt lat="48.188590" lon="-4.248710"><ele>65.0</ele></trkpt>
    <trkpt lat="48.188780" lon="-4.248650"><ele>66.0</ele></trkpt>
    <trkpt lat="48.188830" lon="-4.248570"><ele>67.0</ele></trkpt>
    <trkpt lat="48.189050" lon="-4.246920"><ele>69.0</ele></trkpt>
    <trkpt lat="48.189080" lon="-4.246060"><ele>69.0</ele></trkpt>
    <trkpt lat="48.189110" lon="-4.245870"><ele>69.0</ele></trkpt>
    <trkpt lat="48.189540" lon="-4.245140"><ele>73.0</ele></trkpt>
    <trkpt lat="48.189730" lon="-4.244400"><ele>75.0</ele></trkpt>
    <trkpt lat="48.189790" lon="-4.244340"><ele>76.0</ele></trkpt>
    <trkpt lat="48.190930" lon="-4.244370"><ele>82.0</ele></trkpt>
    <trkpt lat="48.190960" lon="-4.244320"><ele>82.0</ele></trkpt>
    <trkpt lat="48.190830" lon="-4.242610"><ele>89.0</ele></trkpt>
    <trkpt lat="48.191130" lon="-4.240780"><ele>100.0</ele></trkpt>
    <trkpt lat="48.191830" lon="-4.240960"><ele>109.0</ele></trkpt>
    <trkpt lat="48.194290" lon="-4.241370"><ele>146.0</ele></trkpt>
    <trkpt lat="48.196400" lon="-4.241320"><ele>164.0</ele></trkpt>
    <trkpt lat="48.196480" lon="-4.241250"><ele>165.0</ele></trkpt>
    <trkpt lat="48.196520" lon="-4.240960"><ele>165.0</ele></trkpt>
    <trkpt lat="48.196610" lon="-4.239090"><ele>174.0</ele></trkpt>
    <trkpt lat="48.196690" lon="-4.239020"><ele>174.0</ele></trkpt>
    <trkpt lat="48.197520" lon="-4.238780"><ele>177.0</ele></trkpt>
    <trkpt lat="48.199210" lon="-4.238340"><ele>184.0</ele></trkpt>
    <trkpt lat="48.200220" lon="-4.237660"><ele>190.0</ele></trkpt>
    <trkpt lat="48.200340" lon="-4.237430"><ele>191.0</ele></trkpt>
    <trkpt lat="48.200680" lon="-4.236510"><ele>194.0</ele></trkpt>
    <trkpt lat="48.200820" lon="-4.235030"><ele>194.0</ele></trkpt>
    <trkpt lat="48.200850" lon="-4.234980"><ele>194.0</ele></trkpt>
    <trkpt lat="48.201590" lon="-4.234910"><ele>195.0</ele></trkpt>
    <trkpt lat="48.201830" lon="-4.234790"><ele>195.0</ele></trkpt>
    <trkpt lat="48.202020" lon="-4.234280"><ele>194.0</ele></trkpt>
    <trkpt lat="48.202150" lon="-4.234170"><ele>194.0</ele></trkpt>
    <trkpt lat="48.202190" lon="-4.234240"><ele>194.0</ele></trkpt>
    <trkpt lat="48.202310" lon="-4.234040"><ele>193.0</ele></trkpt>
    <trkpt lat="48.202660" lon="-4.234210"><ele>192.0</ele></trkpt>
    <trkpt lat="48.203120" lon="-4.234260"><ele>189.0</ele></trkpt>
    <trkpt lat="48.203320" lon="-4.234210"><ele>188.0</ele></trkpt>
    <trkpt lat="48.204040" lon="-4.233790"><ele>183.0</ele></trkpt>
    <trkpt lat="48.204210" lon="-4.233740"><ele>183.0</ele></trkpt>
    <trkpt lat="48.204540" lon="-4.233810"><ele>182.0</ele></trkpt>
    <trkpt lat="48.205420" lon="-4.234260"><ele>177.0</ele></trkpt>
    <trkpt lat="48.205580" lon="-4.234300"><ele>178.0</ele></trkpt>
    <trkpt lat="48.205890" lon="-4.234230"><ele>173.0</ele></trkpt>
    <trkpt lat="48.206010" lon="-4.234090"><ele>173.0</ele></trkpt>
    <trkpt lat="48.206190" lon="-4.233550"><ele>170.0</ele></trkpt>
    <trkpt lat="48.206170" lon="-4.233220"><ele>170.0</ele></trkpt>
    <trkpt lat="48.205590" lon="-4.230870"><ele>161.0</ele></trkpt>
    <trkpt lat="48.205470" lon="-4.230030"><ele>161.0</ele></trkpt>
    <trkpt lat="48.205470" lon="-4.229090"><ele>158.0</ele></trkpt>
    <trkpt lat="48.205610" lon="-4.228320"><ele>155.0</ele></trkpt>
    <trkpt lat="48.205950" lon="-4.228180"><ele>153.0</ele></trkpt>
    <trkpt lat="48.206050" lon="-4.228080"><ele>153.0</ele></trkpt>
    <trkpt lat="48.206390" lon="-4.227550"><ele>152.0</ele></trkpt>
    <trkpt lat="48.206830" lon="-4.226720"><ele>153.0</ele></trkpt>
    <trkpt lat="48.207270" lon="-4.227100"><ele>155.0</ele></trkpt>
    <trkpt lat="48.207390" lon="-4.227050"><ele>156.0</ele></trkpt>
    <trkpt lat="48.209750" lon="-4.225030"><ele>156.0</ele></trkpt>
    <trkpt lat="48.210020" lon="-4.224730"><ele>160.0</ele></trkpt>
    <trkpt lat="48.210520" lon="-4.224500"><ele>165.0</ele></trkpt>
    <trkpt lat="48.210810" lon="-4.224540"><ele>169.0</ele></trkpt>
    <trkpt lat="48.211450" lon="-4.223970"><ele>169.0</ele></trkpt>
    <trkpt lat="48.211650" lon="-4.224000"><ele>173.0</ele></trkpt>
    <trkpt lat="48.211760" lon="-4.224140"><ele>174.0</ele></trkpt>
    <trkpt lat="48.211840" lon="-4.224350"><ele>178.0</ele></trkpt>
    <trkpt lat="48.211860" lon="-4.225480"><ele>187.0</ele></trkpt>
    <trkpt lat="48.211960" lon="-4.226020"><ele>190.0</ele></trkpt>
    <trkpt lat="48.212080" lon="-4.226140"><ele>192.0</ele></trkpt>
    <trkpt lat="48.212540" lon="-4.226180"><ele>195.0</ele></trkpt>
    <trkpt lat="48.212750" lon="-4.226400"><ele>198.0</ele></trkpt>
    <trkpt lat="48.212850" lon="-4.226440"><ele>198.0</ele></trkpt>
    <trkpt lat="48.213060" lon="-4.226210"><ele>198.0</ele></trkpt>
    <trkpt lat="48.213750" lon="-4.225180"><ele>198.0</ele></trkpt>
    <trkpt lat="48.213930" lon="-4.225180"><ele>198.0</ele></trkpt>
    <trkpt lat="48.214180" lon="-4.225360"><ele>201.0</ele></trkpt>
    <trkpt lat="48.214430" lon="-4.225390"><ele>204.0</ele></trkpt>
    <trkpt lat="48.214770" lon="-4.225290"><ele>206.0</ele></trkpt>
    <trkpt lat="48.214960" lon="-4.225180"><ele>208.0</ele></trkpt>
    <trkpt lat="48.215010" lon="-4.225130"><ele>208.0</ele></trkpt>
    <trkpt lat="48.215140" lon="-4.224840"><ele>208.0</ele></trkpt>
    <trkpt lat="48.215520" lon="-4.223910"><ele>207.0</ele></trkpt>
    <trkpt lat="48.215640" lon="-4.223740"><ele>207.0</ele></trkpt>
    <trkpt lat="48.215710" lon="-4.223700"><ele>207.0</ele></trkpt>
    <trkpt lat="48.216240" lon="-4.223770"><ele>212.0</ele></trkpt>
    <trkpt lat="48.216890" lon="-4.224140"><ele>219.0</ele></trkpt>
    <trkpt lat="48.217180" lon="-4.224140"><ele>220.0</ele></trkpt>
    <trkpt lat="48.217590" lon="-4.224240"><ele>225.0</ele></trkpt>
    <trkpt lat="48.217850" lon="-4.224100"><ele>225.0</ele></trkpt>
    <trkpt lat="48.217960" lon="-4.224240"><ele>227.0</ele></trkpt>
    <trkpt lat="48.218050" lon="-4.224210"><ele>229.0</ele></trkpt>
    <trkpt lat="48.218140" lon="-4.224350"><ele>229.0</ele></trkpt>
    <trkpt lat="48.218180" lon="-4.224350"><ele>229.0</ele></trkpt>
    <trkpt lat="48.218300" lon="-4.224500"><ele>234.0</ele></trkpt>
    <trkpt lat="48.218420" lon="-4.224890"><ele>237.0</ele></trkpt>
    <trkpt lat="48.218480" lon="-4.224920"><ele>239.0</ele></trkpt>
    <trkpt lat="48.218570" lon="-4.224920"><ele>242.0</ele></trkpt>
    <trkpt lat="48.218820" lon="-4.224750"><ele>245.0</ele></trkpt>
    <trkpt lat="48.219000" lon="-4.224520"><ele>249.0</ele></trkpt>
    <trkpt lat="48.219210" lon="-4.224330"><ele>254.0</ele></trkpt>
    <trkpt lat="48.219290" lon="-4.224310"><ele>254.0</ele></trkpt>
    <trkpt lat="48.219940" lon="-4.223840"><ele>260.0</ele></trkpt>
    <trkpt lat="48.220030" lon="-4.223840"><ele>260.0</ele></trkpt>
    <trkpt lat="48.220370" lon="-4.223700"><ele>260.0</ele></trkpt>
    <trkpt lat="48.220590" lon="-4.224570"><ele>271.0</ele></trkpt>
    <trkpt lat="48.220870" lon="-4.224820"><ele>271.0</ele></trkpt>
    <trkpt lat="48.221300" lon="-4.224960"><ele>271.0</ele></trkpt>
    <trkpt lat="48.221320" lon="-4.225110"><ele>270.0</ele></trkpt>
    <trkpt lat="48.221090" lon="-4.225670"><ele>276.0</ele></trkpt>
    <trkpt lat="48.220920" lon="-4.226250"><ele>281.0</ele></trkpt>
    <trkpt lat="48.220810" lon="-4.226440"><ele>284.0</ele></trkpt>
    <trkpt lat="48.220780" lon="-4.226940"><ele>289.0</ele></trkpt>
    <trkpt lat="48.220840" lon="-4.227520"><ele>290.0</ele></trkpt>
    <trkpt lat="48.220810" lon="-4.227550"><ele>290.0</ele></trkpt>
    <trkpt lat="48.220560" lon="-4.227480"><ele>294.0</ele></trkpt>
    <trkpt lat="48.220490" lon="-4.227570"><ele>297.0</ele></trkpt>
    <trkpt lat="48.220620" lon="-4.228300"><ele>303.0</ele></trkpt>
    <trkpt lat="48.220620" lon="-4.228440"><ele>303.0</ele></trkpt>
    <trkpt lat="48.220370" lon="-4.229400"><ele>312.0</ele></trkpt>
    <trkpt lat="48.220330" lon="-4.229870"><ele>312.0</ele></trkpt>
    <trkpt lat="48.220350" lon="-4.230500"><ele>315.0</ele></trkpt>
    <trkpt lat="48.220190" lon="-4.231490"><ele>318.0</ele></trkpt>
    <trkpt lat="48.220070" lon="-4.232050"><ele>320.0</ele></trkpt>
    <trkpt lat="48.219900" lon="-4.232590"><ele>323.0</ele></trkpt>
    <trkpt lat="48.220020" lon="-4.233760"><ele>328.0</ele></trkpt>
    <trkpt lat="48.220010" lon="-4.233970"><ele>328.0</ele></trkpt>
    <trkpt lat="48.219790" lon="-4.235120"><ele>327.0</ele></trkpt>
    <trkpt lat="48.219650" lon="-4.235310"><ele>326.0</ele></trkpt>
    <trkpt lat="48.219770" lon="-4.235690"><ele>324.0</ele></trkpt>
    <trkpt lat="48.219720" lon="-4.235980"><ele>321.0</ele></trkpt>
    <trkpt lat="48.219690" lon="-4.236590"><ele>315.0</ele></trkpt>
    <trkpt lat="48.219680" lon="-4.238500"><ele>300.0</ele></trkpt>
    <trkpt lat="48.219760" lon="-4.239340"><ele>279.0</ele></trkpt>
    <trkpt lat="48.219750" lon="-4.240310"><ele>259.0</ele></trkpt>
    <trkpt lat="48.219800" lon="-4.241190"><ele>253.0</ele></trkpt>
    <trkpt lat="48.220130" lon="-4.241040"><ele>251.0</ele></trkpt>
    <trkpt lat="48.220370" lon="-4.240870"><ele>251.0</ele></trkpt>
    <trkpt lat="48.220960" lon="-4.240350"><ele>244.0</ele></trkpt>
    <trkpt lat="48.221400" lon="-4.240190"><ele>241.0</ele></trkpt>
    <trkpt lat="48.221710" lon="-4.240170"><ele>238.0</ele></trkpt>
    <trkpt lat="48.221870" lon="-4.240170"><ele>236.0</ele></trkpt>
    <trkpt lat="48.222480" lon="-4.240430"><ele>232.0</ele></trkpt>
    <trkpt lat="48.223920" lon="-4.240590"><ele>221.0</ele></trkpt>
    <trkpt lat="48.224100" lon="-4.240640"><ele>220.0</ele></trkpt>
    <trkpt lat="48.224270" lon="-4.240750"><ele>219.0</ele></trkpt>
    <trkpt lat="48.224480" lon="-4.240960"><ele>218.0</ele></trkpt>
    <trkpt lat="48.224620" lon="-4.241010"><ele>217.0</ele></trkpt>
    <trkpt lat="48.224770" lon="-4.240930"><ele>216.0</ele></trkpt>
    <trkpt lat="48.224820" lon="-4.240050"><ele>213.0</ele></trkpt>
    <trkpt lat="48.224910" lon="-4.239750"><ele>210.0</ele></trkpt>
    <trkpt lat="48.225140" lon="-4.239490"><ele>207.0</ele></trkpt>
    <trkpt lat="48.225240" lon="-4.239020"><ele>204.0</ele></trkpt>
    <trkpt lat="48.225370" lon="-4.237920"><ele>203.0</ele></trkpt>
    <trkpt lat="48.225630" lon="-4.237020"><ele>197.0</ele></trkpt>
    <trkpt lat="48.226230" lon="-4.235170"><ele>191.0</ele></trkpt>
    <trkpt lat="48.226280" lon="-4.234790"><ele>191.0</ele></trkpt>
    <trkpt lat="48.226260" lon="-4.234370"><ele>191.0</ele></trkpt>
    <trkpt lat="48.226280" lon="-4.233950"><ele>190.0</ele></trkpt>
    <trkpt lat="48.226420" lon="-4.233270"><ele>189.0</ele></trkpt>
    <trkpt lat="48.226460" lon="-4.232710"><ele>189.0</ele></trkpt>
    <trkpt lat="48.226630" lon="-4.231910"><ele>189.0</ele></trkpt>
    <trkpt lat="48.226660" lon="-4.231630"><ele>189.0</ele></trkpt>
    <trkpt lat="48.226630" lon="-4.230810"><ele>190.0</ele></trkpt>
    <trkpt lat="48.226580" lon="-4.230290"><ele>191.0</ele></trkpt>
    <trkpt lat="48.226170" lon="-4.228720"><ele>190.0</ele></trkpt>
    <trkpt lat="48.225610" lon="-4.227400"><ele>190.0</ele></trkpt>
    <trkpt lat="48.225620" lon="-4.226940"><ele>189.0</ele></trkpt>
    <trkpt lat="48.225670" lon="-4.226710"><ele>189.0</ele></trkpt>
    <trkpt lat="48.225740" lon="-4.226630"><ele>188.0</ele></trkpt>
    <trkpt lat="48.225960" lon="-4.226510"><ele>187.0</ele></trkpt>
    <trkpt lat="48.226210" lon="-4.225830"><ele>187.0</ele></trkpt>
    <trkpt lat="48.226680" lon="-4.225150"><ele>182.0</ele></trkpt>
    <trkpt lat="48.226750" lon="-4.224960"><ele>183.0</ele></trkpt>
    <trkpt lat="48.227080" lon="-4.223460"><ele>181.0</ele></trkpt>
    <trkpt lat="48.227200" lon="-4.222690"><ele>180.0</ele></trkpt>
    <trkpt lat="48.227400" lon="-4.221700"><ele>178.0</ele></trkpt>
    <trkpt lat="48.227700" lon="-4.220690"><ele>172.0</ele></trkpt>
    <trkpt lat="48.227730" lon="-4.220460"><ele>172.0</ele></trkpt>
    <trkpt lat="48.227720" lon="-4.219760"><ele>170.0</ele></trkpt>
    <trkpt lat="48.227750" lon="-4.219050"><ele>170.0</ele></trkpt>
    <trkpt lat="48.227700" lon="-4.218230"><ele>168.0</ele></trkpt>
    <trkpt lat="48.227560" lon="-4.217410"><ele>169.0</ele></trkpt>
    <trkpt lat="48.227350" lon="-4.216520"><ele>169.0</ele></trkpt>
    <trkpt lat="48.226740" lon="-4.214200"><ele>165.0</ele></trkpt>
    <trkpt lat="48.226500" lon="-4.212820"><ele>157.0</ele></trkpt>
    <trkpt lat="48.226530" lon="-4.212250"><ele>153.0</ele></trkpt>
    <trkpt lat="48.226340" lon="-4.211370"><ele>146.0</ele></trkpt>
    <trkpt lat="48.225920" lon="-4.210400"><ele>140.0</ele></trkpt>
    <trkpt lat="48.225700" lon="-4.210090"><ele>140.0</ele></trkpt>
    <trkpt lat="48.225420" lon="-4.209480"><ele>137.0</ele></trkpt>
    <trkpt lat="48.225310" lon="-4.208890"><ele>132.0</ele></trkpt>
    <trkpt lat="48.225010" lon="-4.206550"><ele>116.0</ele></trkpt>
    <trkpt lat="48.224640" lon="-4.205160"><ele>105.0</ele></trkpt>
    <trkpt lat="48.224420" lon="-4.204830"><ele>100.0</ele></trkpt>
    <trkpt lat="48.224390" lon="-4.204720"><ele>97.0</ele></trkpt>
    <trkpt lat="48.224550" lon="-4.203500"><ele>83.0</ele></trkpt>
    <trkpt lat="48.224590" lon="-4.202840"><ele>78.0</ele></trkpt>
    <trkpt lat="48.224520" lon="-4.202140"><ele>72.0</ele></trkpt>
    <trkpt lat="48.224540" lon="-4.201810"><ele>70.0</ele></trkpt>
    <trkpt lat="48.224920" lon="-4.200750"><ele>61.0</ele></trkpt>
    <trkpt lat="48.225080" lon="-4.200450"><ele>58.0</ele></trkpt>
    <trkpt lat="48.225100" lon="-4.200350"><ele>58.0</ele></trkpt>
    <trkpt lat="48.225060" lon="-4.200170"><ele>55.0</ele></trkpt>
    <trkpt lat="48.224840" lon="-4.199840"><ele>54.0</ele></trkpt>
    <trkpt lat="48.224680" lon="-4.199430"><ele>46.0</ele></trkpt>
    <trkpt lat="48.225120" lon="-4.198990"><ele>42.0</ele></trkpt>
    <trkpt lat="48.225140" lon="-4.198410"><ele>37.0</ele></trkpt>
    <trkpt lat="48.224970" lon="-4.197450"><ele>33.0</ele></trkpt>
    <trkpt lat="48.225100" lon="-4.196710"><ele>29.0</ele></trkpt>
    <trkpt lat="48.225170" lon="-4.196370"><ele>28.0</ele></trkpt>
    <trkpt lat="48.225760" lon="-4.196200"><ele>25.0</ele></trkpt>
    <trkpt lat="48.226100" lon="-4.196270"><ele>25.0</ele></trkpt>
    <trkpt lat="48.226430" lon="-4.196480"><ele>25.0</ele></trkpt>
    <trkpt lat="48.227030" lon="-4.197370"><ele>25.0</ele></trkpt>
    <trkpt lat="48.229390" lon="-4.201330"><ele>18.0</ele></trkpt>
    <trkpt lat="48.229890" lon="-4.201950"><ele>16.0</ele></trkpt>
    <trkpt lat="48.230690" lon="-4.202680"><ele>15.0</ele></trkpt>
    <trkpt lat="48.231490" lon="-4.203080"><ele>15.0</ele></trkpt>
    <trkpt lat="48.232120" lon="-4.203450"><ele>14.0</ele></trkpt>
    <trkpt lat="48.232330" lon="-4.203620"><ele>14.0</ele></trkpt>
    <trkpt lat="48.232690" lon="-4.204130"><ele>12.0</ele></trkpt>
    <trkpt lat="48.232930" lon="-4.204300"><ele>12.0</ele></trkpt>
    <trkpt lat="48.233220" lon="-4.204440"><ele>12.0</ele></trkpt>
    <trkpt lat="48.233700" lon="-4.204550"><ele>11.0</ele></trkpt>
    <trkpt lat="48.235580" lon="-4.204460"><ele>8.0</ele></trkpt>
    <trkpt lat="48.235840" lon="-4.204480"><ele>8.0</ele></trkpt>
    <trkpt lat="48.236880" lon="-4.204920"><ele>7.0</ele></trkpt>
    <trkpt lat="48.236900" lon="-4.205060"><ele>6.0</ele></trkpt>
    <trkpt lat="48.236850" lon="-4.205520"><ele>8.0</ele></trkpt>
    <trkpt lat="48.236860" lon="-4.205660"><ele>8.0</ele></trkpt>
    <trkpt lat="48.237200" lon="-4.206240"><ele>10.0</ele></trkpt>
    <trkpt lat="48.237450" lon="-4.206570"><ele>10.0</ele></trkpt>
    <trkpt lat="48.238330" lon="-4.207230"><ele>10.0</ele></trkpt>
    <trkpt lat="48.239380" lon="-4.208100"><ele>13.0</ele></trkpt>
    <trkpt lat="48.239790" lon="-4.208570"><ele>14.0</ele></trkpt>
    <trkpt lat="48.240180" lon="-4.208750"><ele>16.0</ele></trkpt>
    <trkpt lat="48.240680" lon="-4.209250"><ele>19.0</ele></trkpt>
    <trkpt lat="48.241240" lon="-4.209670"><ele>23.0</ele></trkpt>
    <trkpt lat="48.241470" lon="-4.209950"><ele>25.0</ele></trkpt>
    <trkpt lat="48.242380" lon="-4.212040"><ele>25.0</ele></trkpt>
    <trkpt lat="48.242460" lon="-4.212530"><ele>24.0</ele></trkpt>
    <trkpt lat="48.242240" lon="-4.214200"><ele>17.0</ele></trkpt>
    <trkpt lat="48.242150" lon="-4.214590"><ele>17.0</ele></trkpt>
    <trkpt lat="48.241610" lon="-4.215490"><ele>13.0</ele></trkpt>
    <trkpt lat="48.241590" lon="-4.215800"><ele>13.0</ele></trkpt>
    <trkpt lat="48.241630" lon="-4.215980"><ele>13.0</ele></trkpt>
    <trkpt lat="48.241930" lon="-4.216590"><ele>18.0</ele></trkpt>
    <trkpt lat="48.242020" lon="-4.216990"><ele>18.0</ele></trkpt>
    <trkpt lat="48.242030" lon="-4.217220"><ele>20.0</ele></trkpt>
    <trkpt lat="48.241900" lon="-4.217980"><ele>24.0</ele></trkpt>
    <trkpt lat="48.242110" lon="-4.218070"><ele>26.0</ele></trkpt>
    <trkpt lat="48.242280" lon="-4.218020"><ele>25.0</ele></trkpt>
    <trkpt lat="48.242410" lon="-4.217830"><ele>26.0</ele></trkpt>
    <trkpt lat="48.242890" lon="-4.216890"><ele>30.0</ele></trkpt>
    <trkpt lat="48.243050" lon="-4.216760"><ele>34.0</ele></trkpt>
    <trkpt lat="48.243700" lon="-4.217010"><ele>43.0</ele></trkpt>
    <trkpt lat="48.244110" lon="-4.217270"><ele>50.0</ele></trkpt>
    <trkpt lat="48.244560" lon="-4.217810"><ele>55.0</ele></trkpt>
    <trkpt lat="48.246030" lon="-4.218860"><ele>60.0</ele></trkpt>
    <trkpt lat="48.246410" lon="-4.219080"><ele>60.0</ele></trkpt>
    <trkpt lat="48.247460" lon="-4.219470"><ele>60.0</ele></trkpt>
    <trkpt lat="48.247640" lon="-4.219620"><ele>60.0</ele></trkpt>
    <trkpt lat="48.248520" lon="-4.220880"><ele>60.0</ele></trkpt>
    <trkpt lat="48.248570" lon="-4.221060"><ele>61.0</ele></trkpt>
    <trkpt lat="48.248920" lon="-4.220530"><ele>53.0</ele></trkpt>
    <trkpt lat="48.249340" lon="-4.220180"><ele>49.0</ele></trkpt>
    <trkpt lat="48.249690" lon="-4.220040"><ele>45.0</ele></trkpt>
    <trkpt lat="48.250010" lon="-4.219980"><ele>43.0</ele></trkpt>
    <trkpt lat="48.251290" lon="-4.220250"><ele>34.0</ele></trkpt>
    <trkpt lat="48.251560" lon="-4.220460"><ele>33.0</ele></trkpt>
    <trkpt lat="48.251640" lon="-4.220570"><ele>33.0</ele></trkpt>
    <trkpt lat="48.251780" lon="-4.221140"><ele>32.0</ele></trkpt>
    <trkpt lat="48.251760" lon="-4.221430"><ele>31.0</ele></trkpt>
    <trkpt lat="48.251360" lon="-4.222740"><ele>27.0</ele></trkpt>
    <trkpt lat="48.251300" lon="-4.223060"><ele>28.0</ele></trkpt>
    <trkpt lat="48.251290" lon="-4.224890"><ele>23.0</ele></trkpt>
    <trkpt lat="48.250960" lon="-4.225740"><ele>21.0</ele></trkpt>
    <trkpt lat="48.250520" lon="-4.227480"><ele>20.0</ele></trkpt>
    <trkpt lat="48.250400" lon="-4.228190"><ele>20.0</ele></trkpt>
    <trkpt lat="48.250670" lon="-4.228320"><ele>12.0</ele></trkpt>
    <trkpt lat="48.250640" lon="-4.228600"><ele>10.0</ele></trkpt>
    <trkpt lat="48.250710" lon="-4.228740"><ele>10.0</ele></trkpt>
    <trkpt lat="48.251140" lon="-4.229010"><ele>6.0</ele></trkpt>
    <trkpt lat="48.251000" lon="-4.229450"><ele>5.0</ele></trkpt>
    <trkpt lat="48.250450" lon="-4.231590"><ele>4.0</ele></trkpt>
    <trkpt lat="48.250120" lon="-4.232680"><ele>6.0</ele></trkpt>
    <trkpt lat="48.249990" lon="-4.233460"><ele>13.0</ele></trkpt>
    <trkpt lat="48.249970" lon="-4.233860"><ele>14.0</ele></trkpt>
    <trkpt lat="48.250020" lon="-4.235100"><ele>18.0</ele></trkpt>
    <trkpt lat="48.250100" lon="-4.235780"><ele>18.0</ele></trkpt>
    <trkpt lat="48.250380" lon="-4.237200"><ele>20.0</ele></trkpt>
    <trkpt lat="48.250770" lon="-4.237630"><ele>19.0</ele></trkpt>
    <trkpt lat="48.250850" lon="-4.237990"><ele>14.0</ele></trkpt>
    <trkpt lat="48.250850" lon="-4.238290"><ele>14.0</ele></trkpt>
    <trkpt lat="48.250780" lon="-4.238970"><ele>18.0</ele></trkpt>
    <trkpt lat="48.250790" lon="-4.240030"><ele>15.0</ele></trkpt>
    <trkpt lat="48.250740" lon="-4.240730"><ele>15.0</ele></trkpt>
    <trkpt lat="48.250660" lon="-4.241270"><ele>15.0</ele></trkpt>
    <trkpt lat="48.250500" lon="-4.241970"><ele>16.0</ele></trkpt>
    <trkpt lat="48.250280" lon="-4.242680"><ele>9.0</ele></trkpt>
    <trkpt lat="48.250100" lon="-4.242940"><ele>6.0</ele></trkpt>
    <trkpt lat="48.249840" lon="-4.243150"><ele>4.0</ele></trkpt>
    <trkpt lat="48.249510" lon="-4.243220"><ele>2.0</ele></trkpt>
    <trkpt lat="48.249220" lon="-4.243120"><ele>2.0</ele></trkpt>
    <trkpt lat="48.248790" lon="-4.242840"><ele>4.0</ele></trkpt>
    <trkpt lat="48.248760" lon="-4.242950"><ele>4.0</ele></trkpt>
    <trkpt lat="48.248760" lon="-4.243040"><ele>4.0</ele></trkpt>
    <trkpt lat="48.248850" lon="-4.243150"><ele>5.0</ele></trkpt>
    <trkpt lat="48.248950" lon="-4.243480"><ele>6.0</ele></trkpt>
    <trkpt lat="48.249110" lon="-4.243850"><ele>11.0</ele></trkpt>
    <trkpt lat="48.249400" lon="-4.244040"><ele>11.0</ele></trkpt>
    <trkpt lat="48.249860" lon="-4.244160"><ele>12.0</ele></trkpt>
    <trkpt lat="48.250130" lon="-4.244300"><ele>13.0</ele></trkpt>
    <trkpt lat="48.250350" lon="-4.244530"><ele>11.0</ele></trkpt>
    <trkpt lat="48.250690" lon="-4.244770"><ele>9.0</ele></trkpt>
    <trkpt lat="48.250780" lon="-4.244910"><ele>10.0</ele></trkpt>
    <trkpt lat="48.250790" lon="-4.245050"><ele>10.0</ele></trkpt>
    <trkpt lat="48.250750" lon="-4.245520"><ele>7.0</ele></trkpt>
    <trkpt lat="48.250840" lon="-4.245990"><ele>6.0</ele></trkpt>
    <trkpt lat="48.250730" lon="-4.246480"><ele>6.0</ele></trkpt>
    <trkpt lat="48.250760" lon="-4.246830"><ele>6.0</ele></trkpt>
    <trkpt lat="48.250610" lon="-4.247670"><ele>6.0</ele></trkpt>
    <trkpt lat="48.250630" lon="-4.247840"><ele>5.0</ele></trkpt>
    <trkpt lat="48.250580" lon="-4.248140"><ele>6.0</ele></trkpt>
    <trkpt lat="48.250470" lon="-4.248460"><ele>6.0</ele></trkpt>
    <trkpt lat="48.250450" lon="-4.248610"><ele>6.0</ele></trkpt>
    <trkpt lat="48.250480" lon="-4.248710"><ele>7.0</ele></trkpt>
    <trkpt lat="48.250600" lon="-4.248820"><ele>8.0</ele></trkpt>
    <trkpt lat="48.250620" lon="-4.248940"><ele>13.0</ele></trkpt>
    <trkpt lat="48.250110" lon="-4.249860"><ele>17.0</ele></trkpt>
    <trkpt lat="48.249760" lon="-4.250330"><ele>17.0</ele></trkpt>
    <trkpt lat="48.249120" lon="-4.251310"><ele>23.0</ele></trkpt>
    <trkpt lat="48.248750" lon="-4.252010"><ele>30.0</ele></trkpt>
    <trkpt lat="48.248700" lon="-4.252230"><ele>28.0</ele></trkpt>
    <trkpt lat="48.248750" lon="-4.252480"><ele>33.0</ele></trkpt>
    <trkpt lat="48.248920" lon="-4.252250"><ele>34.0</ele></trkpt>
    <trkpt lat="48.249530" lon="-4.251690"><ele>33.0</ele></trkpt>
    <trkpt lat="48.250100" lon="-4.251240"><ele>38.0</ele></trkpt>
    <trkpt lat="48.250430" lon="-4.251080"><ele>41.0</ele></trkpt>
    <trkpt lat="48.250640" lon="-4.251080"><ele>45.0</ele></trkpt>
    <trkpt lat="48.250840" lon="-4.251200"><ele>47.0</ele></trkpt>
    <trkpt lat="48.250760" lon="-4.251360"><ele>50.0</ele></trkpt>
    <trkpt lat="48.250720" lon="-4.251640"><ele>52.0</ele></trkpt>
    <trkpt lat="48.250490" lon="-4.252110"><ele>56.0</ele></trkpt>
    <trkpt lat="48.250470" lon="-4.252410"><ele>60.0</ele></trkpt>
    <trkpt lat="48.250320" lon="-4.252850"><ele>60.0</ele></trkpt>
    <trkpt lat="48.250250" lon="-4.252930"><ele>60.0</ele></trkpt>
    <trkpt lat="48.250140" lon="-4.253230"><ele>60.0</ele></trkpt>
    <trkpt lat="48.250100" lon="-4.253660"><ele>60.0</ele></trkpt>
    <trkpt lat="48.250170" lon="-4.253850"><ele>62.0</ele></trkpt>
    <trkpt lat="48.250010" lon="-4.254680"><ele>65.0</ele></trkpt>
    <trkpt lat="48.249840" lon="-4.255370"><ele>68.0</ele></trkpt>
    <trkpt lat="48.249810" lon="-4.256030"><ele>68.0</ele></trkpt>
    <trkpt lat="48.249890" lon="-4.257080"><ele>68.0</ele></trkpt>
    <trkpt lat="48.249890" lon="-4.257390"><ele>67.0</ele></trkpt>
    <trkpt lat="48.249860" lon="-4.257760"><ele>66.0</ele></trkpt>
    <trkpt lat="48.249550" lon="-4.259100"><ele>64.0</ele></trkpt>
    <trkpt lat="48.249610" lon="-4.259100"><ele>65.0</ele></trkpt>
    <trkpt lat="48.249760" lon="-4.259230"><ele>64.0</ele></trkpt>
    <trkpt lat="48.249900" lon="-4.259450"><ele>64.0</ele></trkpt>
    <trkpt lat="48.250040" lon="-4.259870"><ele>64.0</ele></trkpt>
    <trkpt lat="48.250060" lon="-4.260200"><ele>65.0</ele></trkpt>
    <trkpt lat="48.250010" lon="-4.260830"><ele>68.0</ele></trkpt>
    <trkpt lat="48.250070" lon="-4.260910"><ele>70.0</ele></trkpt>
    <trkpt lat="48.250860" lon="-4.261190"><ele>72.0</ele></trkpt>
    <trkpt lat="48.251040" lon="-4.261380"><ele>74.0</ele></trkpt>
    <trkpt lat="48.252180" lon="-4.263020"><ele>67.0</ele></trkpt>
    <trkpt lat="48.252810" lon="-4.264190"><ele>53.0</ele></trkpt>
    <trkpt lat="48.252930" lon="-4.264540"><ele>50.0</ele></trkpt>
    <trkpt lat="48.253060" lon="-4.265430"><ele>46.0</ele></trkpt>
    <trkpt lat="48.253120" lon="-4.265580"><ele>46.0</ele></trkpt>
    <trkpt lat="48.253310" lon="-4.265780"><ele>43.0</ele></trkpt>
    <trkpt lat="48.253320" lon="-4.266260"><ele>43.0</ele></trkpt>
    <trkpt lat="48.253420" lon="-4.266560"><ele>41.0</ele></trkpt>
    <trkpt lat="48.253520" lon="-4.266800"><ele>39.0</ele></trkpt>
    <trkpt lat="48.253910" lon="-4.267170"><ele>37.0</ele></trkpt>
    <trkpt lat="48.254000" lon="-4.267330"><ele>36.0</ele></trkpt>
    <trkpt lat="48.254340" lon="-4.268840"><ele>32.0</ele></trkpt>
    <trkpt lat="48.254710" lon="-4.269730"><ele>24.0</ele></trkpt>
    <trkpt lat="48.255070" lon="-4.270810"><ele>21.0</ele></trkpt>
    <trkpt lat="48.255230" lon="-4.271020"><ele>18.0</ele></trkpt>
    <trkpt lat="48.255350" lon="-4.271090"><ele>17.0</ele></trkpt>
    <trkpt lat="48.256610" lon="-4.271600"><ele>9.0</ele></trkpt>
    <trkpt lat="48.257160" lon="-4.271930"><ele>8.0</ele></trkpt>
    <trkpt lat="48.257770" lon="-4.272360"><ele>9.0</ele></trkpt>
    <trkpt lat="48.258340" lon="-4.273130"><ele>15.0</ele></trkpt>
    <trkpt lat="48.258970" lon="-4.273840"><ele>16.0</ele></trkpt>
    <trkpt lat="48.259110" lon="-4.273600"><ele>16.0</ele></trkpt>
    <trkpt lat="48.259510" lon="-4.272640"><ele>14.0</ele></trkpt>
    <trkpt lat="48.259990" lon="-4.271160"><ele>17.0</ele></trkpt>
    <trkpt lat="48.260920" lon="-4.267320"><ele>23.0</ele></trkpt>
    <trkpt lat="48.261230" lon="-4.265810"><ele>23.0</ele></trkpt>
    <trkpt lat="48.261390" lon="-4.265650"><ele>26.0</ele></trkpt>
    <trkpt lat="48.261480" lon="-4.265690"><ele>28.0</ele></trkpt>
    <trkpt lat="48.261540" lon="-4.265780"><ele>29.0</ele></trkpt>
    <trkpt lat="48.261710" lon="-4.264920"><ele>28.0</ele></trkpt>
    <trkpt lat="48.261840" lon="-4.264030"><ele>30.0</ele></trkpt>
    <trkpt lat="48.262010" lon="-4.262410"><ele>29.0</ele></trkpt>
    <trkpt lat="48.262240" lon="-4.261560"><ele>26.0</ele></trkpt>
    <trkpt lat="48.262440" lon="-4.261070"><ele>25.0</ele></trkpt>
    <trkpt lat="48.263480" lon="-4.259260"><ele>18.0</ele></trkpt>
    <trkpt lat="48.263520" lon="-4.258940"><ele>17.0</ele></trkpt>
    <trkpt lat="48.263460" lon="-4.258420"><ele>17.0</ele></trkpt>
    <trkpt lat="48.263470" lon="-4.258140"><ele>18.0</ele></trkpt>
    <trkpt lat="48.263510" lon="-4.257680"><ele>20.0</ele></trkpt>
    <trkpt lat="48.263580" lon="-4.257480"><ele>23.0</ele></trkpt>
    <trkpt lat="48.263660" lon="-4.257390"><ele>19.0</ele></trkpt>
    <trkpt lat="48.264460" lon="-4.257460"><ele>9.0</ele></trkpt>
    <trkpt lat="48.264760" lon="-4.257580"><ele>7.0</ele></trkpt>
    <trkpt lat="48.264970" lon="-4.257840"><ele>6.0</ele></trkpt>
    <trkpt lat="48.265050" lon="-4.258000"><ele>4.0</ele></trkpt>
    <trkpt lat="48.265120" lon="-4.258350"><ele>6.0</ele></trkpt>
    <trkpt lat="48.265240" lon="-4.258700"><ele>8.0</ele></trkpt>
    <trkpt lat="48.265510" lon="-4.259220"><ele>8.0</ele></trkpt>
    <trkpt lat="48.265820" lon="-4.259500"><ele>8.0</ele></trkpt>
    <trkpt lat="48.266050" lon="-4.259620"><ele>9.0</ele></trkpt>
    <trkpt lat="48.266460" lon="-4.260060"><ele>6.0</ele></trkpt>
    <trkpt lat="48.266620" lon="-4.260340"><ele>6.0</ele></trkpt>
    <trkpt lat="48.266800" lon="-4.261140"><ele>11.0</ele></trkpt>
    <trkpt lat="48.267010" lon="-4.261610"><ele>10.0</ele></trkpt>
    <trkpt lat="48.267280" lon="-4.262850"><ele>11.0</ele></trkpt>
    <trkpt lat="48.267560" lon="-4.263850"><ele>12.0</ele></trkpt>
    <trkpt lat="48.267780" lon="-4.264920"><ele>14.0</ele></trkpt>
    <trkpt lat="48.267800" lon="-4.265250"><ele>13.0</ele></trkpt>
    <trkpt lat="48.268140" lon="-4.266770"><ele>12.0</ele></trkpt>
    <trkpt lat="48.268370" lon="-4.267050"><ele>13.0</ele></trkpt>
    <trkpt lat="48.268470" lon="-4.267660"><ele>20.0</ele></trkpt>
    <trkpt lat="48.268490" lon="-4.268170"><ele>21.0</ele></trkpt>
    <trkpt lat="48.268460" lon="-4.268770"><ele>21.0</ele></trkpt>
    <trkpt lat="48.268500" lon="-4.268880"><ele>23.0</ele></trkpt>
    <trkpt lat="48.268600" lon="-4.269000"><ele>21.0</ele></trkpt>
    <trkpt lat="48.269070" lon="-4.269280"><ele>21.0</ele></trkpt>
    <trkpt lat="48.269210" lon="-4.269560"><ele>22.0</ele></trkpt>
    <trkpt lat="48.269230" lon="-4.269820"><ele>23.0</ele></trkpt>
    <trkpt lat="48.269190" lon="-4.270060"><ele>22.0</ele></trkpt>
    <trkpt lat="48.269250" lon="-4.270150"><ele>20.0</ele></trkpt>
    <trkpt lat="48.269480" lon="-4.270200"><ele>21.0</ele></trkpt>
    <trkpt lat="48.269710" lon="-4.270430"><ele>25.0</ele></trkpt>
    <trkpt lat="48.270090" lon="-4.271230"><ele>25.0</ele></trkpt>
    <trkpt lat="48.270230" lon="-4.271420"><ele>22.0</ele></trkpt>
    <trkpt lat="48.270410" lon="-4.271560"><ele>22.0</ele></trkpt>
    <trkpt lat="48.270620" lon="-4.271890"><ele>22.0</ele></trkpt>
    <trkpt lat="48.270750" lon="-4.272290"><ele>22.0</ele></trkpt>
    <trkpt lat="48.270730" lon="-4.272450"><ele>19.0</ele></trkpt>
    <trkpt lat="48.271090" lon="-4.273410"><ele>22.0</ele></trkpt>
    <trkpt lat="48.271410" lon="-4.274770"><ele>22.0</ele></trkpt>
    <trkpt lat="48.271490" lon="-4.274870"><ele>20.0</ele></trkpt>
    <trkpt lat="48.271660" lon="-4.275920"><ele>20.0</ele></trkpt>
    <trkpt lat="48.271690" lon="-4.276440"><ele>20.0</ele></trkpt>
    <trkpt lat="48.271650" lon="-4.277990"><ele>15.0</ele></trkpt>
    <trkpt lat="48.271610" lon="-4.278390"><ele>16.0</ele></trkpt>
    <trkpt lat="48.271410" lon="-4.279140"><ele>13.0</ele></trkpt>
    <trkpt lat="48.271410" lon="-4.279460"><ele>13.0</ele></trkpt>
    <trkpt lat="48.271730" lon="-4.280820"><ele>31.0</ele></trkpt>
    <trkpt lat="48.272930" lon="-4.278860"><ele>26.0</ele></trkpt>
    <trkpt lat="48.273140" lon="-4.278830"><ele>23.0</ele></trkpt>
    <trkpt lat="48.273280" lon="-4.278850"><ele>23.0</ele></trkpt>
    <trkpt lat="48.273410" lon="-4.278970"><ele>23.0</ele></trkpt>
    <trkpt lat="48.273600" lon="-4.279060"><ele>25.0</ele></trkpt>
    <trkpt lat="48.273800" lon="-4.279250"><ele>28.0</ele></trkpt>
    <trkpt lat="48.273970" lon="-4.279510"><ele>29.0</ele></trkpt>
    <trkpt lat="48.274240" lon="-4.280190"><ele>28.0</ele></trkpt>
    <trkpt lat="48.274630" lon="-4.280680"><ele>25.0</ele></trkpt>
    <trkpt lat="48.274750" lon="-4.280940"><ele>23.0</ele></trkpt>
    <trkpt lat="48.274940" lon="-4.281930"><ele>22.0</ele></trkpt>
    <trkpt lat="48.274890" lon="-4.282490"><ele>21.0</ele></trkpt>
    <trkpt lat="48.274720" lon="-4.282980"><ele>15.0</ele></trkpt>
    <trkpt lat="48.274550" lon="-4.283240"><ele>15.0</ele></trkpt>
    <trkpt lat="48.274320" lon="-4.283780"><ele>17.0</ele></trkpt>
    <trkpt lat="48.274040" lon="-4.284910"><ele>16.0</ele></trkpt>
    <trkpt lat="48.273990" lon="-4.285240"><ele>15.0</ele></trkpt>
    <trkpt lat="48.273460" lon="-4.286310"><ele>12.0</ele></trkpt>
    <trkpt lat="48.273340" lon="-4.286690"><ele>11.0</ele></trkpt>
    <trkpt lat="48.273070" lon="-4.287320"><ele>10.0</ele></trkpt>
    <trkpt lat="48.273020" lon="-4.287560"><ele>10.0</ele></trkpt>
    <trkpt lat="48.273020" lon="-4.287680"><ele>10.0</ele></trkpt>
    <trkpt lat="48.273260" lon="-4.289040"><ele>8.0</ele></trkpt>
    <trkpt lat="48.273320" lon="-4.289140"><ele>4.0</ele></trkpt>
    <trkpt lat="48.273350" lon="-4.289290"><ele>6.0</ele></trkpt>
    <trkpt lat="48.273430" lon="-4.290230"><ele>6.0</ele></trkpt>
    <trkpt lat="48.273500" lon="-4.291570"><ele>8.0</ele></trkpt>
    <trkpt lat="48.273490" lon="-4.292130"><ele>8.0</ele></trkpt>
    <trkpt lat="48.273440" lon="-4.292720"><ele>7.0</ele></trkpt>
    <trkpt lat="48.273650" lon="-4.293280"><ele>5.0</ele></trkpt>
    <trkpt lat="48.273770" lon="-4.293740"><ele>6.0</ele></trkpt>
    <trkpt lat="48.274180" lon="-4.293500"><ele>19.0</ele></trkpt>
    <trkpt lat="48.274350" lon="-4.293780"><ele>27.0</ele></trkpt>
    <trkpt lat="48.274840" lon="-4.293710"><ele>37.0</ele></trkpt>
    <trkpt lat="48.275000" lon="-4.293640"><ele>37.0</ele></trkpt>
    <trkpt lat="48.275170" lon="-4.292630"><ele>36.0</ele></trkpt>
    <trkpt lat="48.275560" lon="-4.290980"><ele>39.0</ele></trkpt>
    <trkpt lat="48.275720" lon="-4.289510"><ele>34.0</ele></trkpt>
    <trkpt lat="48.276090" lon="-4.288260"><ele>31.0</ele></trkpt>
    <trkpt lat="48.276620" lon="-4.286150"><ele>33.0</ele></trkpt>
    <trkpt lat="48.276820" lon="-4.285810"><ele>33.0</ele></trkpt>
    <trkpt lat="48.277640" lon="-4.285540"><ele>45.0</ele></trkpt>
    <trkpt lat="48.278040" lon="-4.285210"><ele>45.0</ele></trkpt>
    <trkpt lat="48.278160" lon="-4.285190"><ele>50.0</ele></trkpt>
    <trkpt lat="48.278460" lon="-4.285450"><ele>49.0</ele></trkpt>
    <trkpt lat="48.278980" lon="-4.285660"><ele>52.0</ele></trkpt>
    <trkpt lat="48.279310" lon="-4.286010"><ele>41.0</ele></trkpt>
    <trkpt lat="48.279530" lon="-4.286460"><ele>41.0</ele></trkpt>
    <trkpt lat="48.279530" lon="-4.286830"><ele>43.0</ele></trkpt>
    <trkpt lat="48.279360" lon="-4.287860"><ele>40.0</ele></trkpt>
    <trkpt lat="48.279390" lon="-4.288160"><ele>37.0</ele></trkpt>
    <trkpt lat="48.280190" lon="-4.290390"><ele>25.0</ele></trkpt>
    <trkpt lat="48.280480" lon="-4.291010"><ele>19.0</ele></trkpt>
    <trkpt lat="48.280590" lon="-4.291170"><ele>20.0</ele></trkpt>
    <trkpt lat="48.280900" lon="-4.291320"><ele>23.0</ele></trkpt>
    <trkpt lat="48.281310" lon="-4.290770"><ele>23.0</ele></trkpt>
    <trkpt lat="48.281690" lon="-4.290420"><ele>23.0</ele></trkpt>
    <trkpt lat="48.281990" lon="-4.289970"><ele>27.0</ele></trkpt>
    <trkpt lat="48.283860" lon="-4.287820"><ele>54.0</ele></trkpt>
    <trkpt lat="48.284390" lon="-4.287070"><ele>53.0</ele></trkpt>
    <trkpt lat="48.285150" lon="-4.286900"><ele>55.0</ele></trkpt>
    <trkpt lat="48.285730" lon="-4.286830"><ele>57.0</ele></trkpt>
    <trkpt lat="48.285970" lon="-4.286930"><ele>55.0</ele></trkpt>
    <trkpt lat="48.286130" lon="-4.286830"><ele>56.0</ele></trkpt>
    <trkpt lat="48.286340" lon="-4.286410"><ele>54.0</ele></trkpt>
    <trkpt lat="48.286770" lon="-4.286100"><ele>44.0</ele></trkpt>
    <trkpt lat="48.287250" lon="-4.285850"><ele>51.0</ele></trkpt>
    <trkpt lat="48.287420" lon="-4.285820"><ele>53.0</ele></trkpt>
    <trkpt lat="48.287610" lon="-4.285890"><ele>51.0</ele></trkpt>
    <trkpt lat="48.287780" lon="-4.286170"><ele>51.0</ele></trkpt>
    <trkpt lat="48.288110" lon="-4.287020"><ele>59.0</ele></trkpt>
    <trkpt lat="48.288460" lon="-4.287420"><ele>61.0</ele></trkpt>
    <trkpt lat="48.288610" lon="-4.288000"><ele>72.0</ele></trkpt>
    <trkpt lat="48.288590" lon="-4.288570"><ele>91.0</ele></trkpt>
    <trkpt lat="48.288620" lon="-4.288750"><ele>91.0</ele></trkpt>
    <trkpt lat="48.288750" lon="-4.288750"><ele>92.0</ele></trkpt>
    <trkpt lat="48.288780" lon="-4.288970"><ele>95.0</ele></trkpt>
    <trkpt lat="48.288820" lon="-4.288990"><ele>95.0</ele></trkpt>
    <trkpt lat="48.289030" lon="-4.288730"><ele>99.0</ele></trkpt>
    <trkpt lat="48.289200" lon="-4.288800"><ele>104.0</ele></trkpt>
    <trkpt lat="48.289430" lon="-4.289010"><ele>107.0</ele></trkpt>
    <trkpt lat="48.290330" lon="-4.287220"><ele>107.0</ele></trkpt>
    <trkpt lat="48.290290" lon="-4.287090"><ele>105.0</ele></trkpt>
    <trkpt lat="48.290530" lon="-4.286130"><ele>102.0</ele></trkpt>
    <trkpt lat="48.290520" lon="-4.285850"><ele>101.0</ele></trkpt>
    <trkpt lat="48.290350" lon="-4.284950"><ele>99.0</ele></trkpt>
    <trkpt lat="48.290330" lon="-4.284670"><ele>99.0</ele></trkpt>
    <trkpt lat="48.290370" lon="-4.284410"><ele>99.0</ele></trkpt>
    <trkpt lat="48.290570" lon="-4.283620"><ele>97.0</ele></trkpt>
    <trkpt lat="48.290720" lon="-4.281040"><ele>91.0</ele></trkpt>
    <trkpt lat="48.290780" lon="-4.280780"><ele>90.0</ele></trkpt>
    <trkpt lat="48.291130" lon="-4.280000"><ele>88.0</ele></trkpt>
    <trkpt lat="48.291310" lon="-4.279750"><ele>84.0</ele></trkpt>
    <trkpt lat="48.291560" lon="-4.279530"><ele>82.0</ele></trkpt>
    <trkpt lat="48.291660" lon="-4.279350"><ele>80.0</ele></trkpt>
    <trkpt lat="48.291790" lon="-4.278810"><ele>78.0</ele></trkpt>
    <trkpt lat="48.291860" lon="-4.278060"><ele>77.0</ele></trkpt>
    <trkpt lat="48.291750" lon="-4.277280"><ele>76.0</ele></trkpt>
    <trkpt lat="48.291690" lon="-4.276310"><ele>74.0</ele></trkpt>
    <trkpt lat="48.291390" lon="-4.274140"><ele>70.0</ele></trkpt>
    <trkpt lat="48.291140" lon="-4.273010"><ele>67.0</ele></trkpt>
    <trkpt lat="48.291060" lon="-4.272170"><ele>61.0</ele></trkpt>
    <trkpt lat="48.291040" lon="-4.271610"><ele>58.0</ele></trkpt>
    <trkpt lat="48.291070" lon="-4.271160"><ele>54.0</ele></trkpt>
    <trkpt lat="48.291240" lon="-4.270380"><ele>46.0</ele></trkpt>
    <trkpt lat="48.291270" lon="-4.269780"><ele>40.0</ele></trkpt>
    <trkpt lat="48.291340" lon="-4.269210"><ele>35.0</ele></trkpt>
    <trkpt lat="48.291510" lon="-4.268510"><ele>28.0</ele></trkpt>
    <trkpt lat="48.291590" lon="-4.267490"><ele>22.0</ele></trkpt>
    <trkpt lat="48.292050" lon="-4.267640"><ele>21.0</ele></trkpt>
    <trkpt lat="48.292580" lon="-4.267620"><ele>17.0</ele></trkpt>
    <trkpt lat="48.292990" lon="-4.267660"><ele>15.0</ele></trkpt>
    <trkpt lat="48.293470" lon="-4.267730"><ele>12.0</ele></trkpt>
    <trkpt lat="48.293600" lon="-4.267820"><ele>12.0</ele></trkpt>
    <trkpt lat="48.294070" lon="-4.268440"><ele>11.0</ele></trkpt>
    <trkpt lat="48.294300" lon="-4.268830"><ele>11.0</ele></trkpt>
    <trkpt lat="48.294280" lon="-4.268950"><ele>9.0</ele></trkpt>
    <trkpt lat="48.294380" lon="-4.269520"><ele>14.0</ele></trkpt>
    <trkpt lat="48.294450" lon="-4.269730"><ele>14.0</ele></trkpt>
    <trkpt lat="48.294550" lon="-4.269890"><ele>14.0</ele></trkpt>
    <trkpt lat="48.295310" lon="-4.271560"><ele>24.0</ele></trkpt>
    <trkpt lat="48.295430" lon="-4.272060"><ele>28.0</ele></trkpt>
    <trkpt lat="48.295460" lon="-4.272380"><ele>31.0</ele></trkpt>
    <trkpt lat="48.295380" lon="-4.272850"><ele>37.0</ele></trkpt>
    <trkpt lat="48.295100" lon="-4.273410"><ele>42.0</ele></trkpt>
    <trkpt lat="48.294930" lon="-4.273970"><ele>43.0</ele></trkpt>
    <trkpt lat="48.294540" lon="-4.275690"><ele>53.0</ele></trkpt>
    <trkpt lat="48.294520" lon="-4.275880"><ele>54.0</ele></trkpt>
    <trkpt lat="48.294560" lon="-4.276840"><ele>64.0</ele></trkpt>
    <trkpt lat="48.294550" lon="-4.277660"><ele>69.0</ele></trkpt>
    <trkpt lat="48.294410" lon="-4.278780"><ele>74.0</ele></trkpt>
    <trkpt lat="48.294280" lon="-4.279390"><ele>79.0</ele></trkpt>
    <trkpt lat="48.293990" lon="-4.280070"><ele>82.0</ele></trkpt>
    <trkpt lat="48.293930" lon="-4.280750"><ele>81.0</ele></trkpt>
    <trkpt lat="48.293940" lon="-4.281690"><ele>77.0</ele></trkpt>
    <trkpt lat="48.294010" lon="-4.281810"><ele>77.0</ele></trkpt>
    <trkpt lat="48.294200" lon="-4.281910"><ele>75.0</ele></trkpt>
    <trkpt lat="48.294570" lon="-4.282470"><ele>70.0</ele></trkpt>
    <trkpt lat="48.294920" lon="-4.283150"><ele>61.0</ele></trkpt>
    <trkpt lat="48.295030" lon="-4.283460"><ele>60.0</ele></trkpt>
    <trkpt lat="48.295100" lon="-4.283430"><ele>60.0</ele></trkpt>
    <trkpt lat="48.295120" lon="-4.283220"><ele>53.0</ele></trkpt>
    <trkpt lat="48.295080" lon="-4.282980"><ele>57.0</ele></trkpt>
    <trkpt lat="48.295300" lon="-4.282750"><ele>50.0</ele></trkpt>
    <trkpt lat="48.295380" lon="-4.282440"><ele>46.0</ele></trkpt>
    <trkpt lat="48.295410" lon="-4.281930"><ele>40.0</ele></trkpt>
    <trkpt lat="48.295630" lon="-4.281550"><ele>39.0</ele></trkpt>
    <trkpt lat="48.295970" lon="-4.280700"><ele>31.0</ele></trkpt>
    <trkpt lat="48.296030" lon="-4.280800"><ele>30.0</ele></trkpt>
    <trkpt lat="48.296050" lon="-4.281130"><ele>30.0</ele></trkpt>
    <trkpt lat="48.296270" lon="-4.281690"><ele>27.0</ele></trkpt>
    <trkpt lat="48.296230" lon="-4.282000"><ele>24.0</ele></trkpt>
    <trkpt lat="48.296510" lon="-4.282230"><ele>21.0</ele></trkpt>
    <trkpt lat="48.296640" lon="-4.282650"><ele>20.0</ele></trkpt>
    <trkpt lat="48.296770" lon="-4.283410"><ele>20.0</ele></trkpt>
    <trkpt lat="48.296720" lon="-4.283970"><ele>20.0</ele></trkpt>
    <trkpt lat="48.296820" lon="-4.284630"><ele>14.0</ele></trkpt>
    <trkpt lat="48.296860" lon="-4.285400"><ele>17.0</ele></trkpt>
    <trkpt lat="48.296990" lon="-4.286430"><ele>21.0</ele></trkpt>
    <trkpt lat="48.297080" lon="-4.286880"><ele>21.0</ele></trkpt>
    <trkpt lat="48.297180" lon="-4.287070"><ele>21.0</ele></trkpt>
    <trkpt lat="48.297220" lon="-4.287440"><ele>20.0</ele></trkpt>
    <trkpt lat="48.297130" lon="-4.287820"><ele>20.0</ele></trkpt>
    <trkpt lat="48.296990" lon="-4.288170"><ele>20.0</ele></trkpt>
    <trkpt lat="48.296930" lon="-4.288940"><ele>20.0</ele></trkpt>
    <trkpt lat="48.296980" lon="-4.289320"><ele>19.0</ele></trkpt>
    <trkpt lat="48.296910" lon="-4.289740"><ele>18.0</ele></trkpt>
    <trkpt lat="48.296950" lon="-4.290260"><ele>18.0</ele></trkpt>
    <trkpt lat="48.296890" lon="-4.290870"><ele>18.0</ele></trkpt>
    <trkpt lat="48.296900" lon="-4.292340"><ele>15.0</ele></trkpt>
    <trkpt lat="48.296940" lon="-4.292910"><ele>12.0</ele></trkpt>
    <trkpt lat="48.297070" lon="-4.293660"><ele>13.0</ele></trkpt>
    <trkpt lat="48.297250" lon="-4.293990"><ele>13.0</ele></trkpt>
    <trkpt lat="48.297390" lon="-4.294370"><ele>11.0</ele></trkpt>
    <trkpt lat="48.297510" lon="-4.294950"><ele>11.0</ele></trkpt>
    <trkpt lat="48.297560" lon="-4.295420"><ele>11.0</ele></trkpt>
    <trkpt lat="48.297580" lon="-4.296120"><ele>9.0</ele></trkpt>
    <trkpt lat="48.297630" lon="-4.296440"><ele>9.0</ele></trkpt>
    <trkpt lat="48.297570" lon="-4.298580"><ele>12.0</ele></trkpt>
    <trkpt lat="48.297580" lon="-4.299590"><ele>11.0</ele></trkpt>
    <trkpt lat="48.297490" lon="-4.300270"><ele>11.0</ele></trkpt>
    <trkpt lat="48.297510" lon="-4.300910"><ele>12.0</ele></trkpt>
    <trkpt lat="48.297230" lon="-4.304400"><ele>16.0</ele></trkpt>
    <trkpt lat="48.297260" lon="-4.304940"><ele>16.0</ele></trkpt>
    <trkpt lat="48.297220" lon="-4.306000"><ele>21.0</ele></trkpt>
    <trkpt lat="48.296850" lon="-4.306840"><ele>29.0</ele></trkpt>
    <trkpt lat="48.296700" lon="-4.307620"><ele>28.0</ele></trkpt>
    <trkpt lat="48.296450" lon="-4.308460"><ele>31.0</ele></trkpt>
    <trkpt lat="48.296340" lon="-4.309030"><ele>25.0</ele></trkpt>
    <trkpt lat="48.295970" lon="-4.309780"><ele>26.0</ele></trkpt>
    <trkpt lat="48.295600" lon="-4.311090"><ele>25.0</ele></trkpt>
    <trkpt lat="48.295220" lon="-4.311880"><ele>26.0</ele></trkpt>
    <trkpt lat="48.294730" lon="-4.313080"><ele>23.0</ele></trkpt>
    <trkpt lat="48.293720" lon="-4.316340"><ele>33.0</ele></trkpt>
    <trkpt lat="48.293550" lon="-4.316810"><ele>33.0</ele></trkpt>
    <trkpt lat="48.293010" lon="-4.317750"><ele>33.0</ele></trkpt>
    <trkpt lat="48.292190" lon="-4.318740"><ele>33.0</ele></trkpt>
    <trkpt lat="48.291880" lon="-4.319180"><ele>34.0</ele></trkpt>
    <trkpt lat="48.291420" lon="-4.320030"><ele>38.0</ele></trkpt>
    <trkpt lat="48.291110" lon="-4.320830"><ele>38.0</ele></trkpt>
    <trkpt lat="48.290950" lon="-4.321690"><ele>41.0</ele></trkpt>
    <trkpt lat="48.290830" lon="-4.322610"><ele>41.0</ele></trkpt>
    <trkpt lat="48.290630" lon="-4.323660"><ele>34.0</ele></trkpt>
    <trkpt lat="48.290560" lon="-4.324600"><ele>36.0</ele></trkpt>
    <trkpt lat="48.290570" lon="-4.325100"><ele>36.0</ele></trkpt>
    <trkpt lat="48.290420" lon="-4.325750"><ele>36.0</ele></trkpt>
    <trkpt lat="48.290170" lon="-4.327160"><ele>36.0</ele></trkpt>
    <trkpt lat="48.289980" lon="-4.327790"><ele>34.0</ele></trkpt>
    <trkpt lat="48.289920" lon="-4.328260"><ele>30.0</ele></trkpt>
    <trkpt lat="48.290010" lon="-4.328990"><ele>27.0</ele></trkpt>
    <trkpt lat="48.289900" lon="-4.330230"><ele>29.0</ele></trkpt>
    <trkpt lat="48.289830" lon="-4.330730"><ele>29.0</ele></trkpt>
    <trkpt lat="48.289650" lon="-4.331080"><ele>30.0</ele></trkpt>
    <trkpt lat="48.289350" lon="-4.331500"><ele>36.0</ele></trkpt>
    <trkpt lat="48.289020" lon="-4.331780"><ele>39.0</ele></trkpt>
    <trkpt lat="48.288550" lon="-4.332270"><ele>44.0</ele></trkpt>
    <trkpt lat="48.287790" lon="-4.332760"><ele>55.0</ele></trkpt>
    <trkpt lat="48.287570" lon="-4.332960"><ele>58.0</ele></trkpt>
    <trkpt lat="48.287350" lon="-4.333070"><ele>58.0</ele></trkpt>
    <trkpt lat="48.287160" lon="-4.333330"><ele>53.0</ele></trkpt>
    <trkpt lat="48.287210" lon="-4.333920"><ele>46.0</ele></trkpt>
    <trkpt lat="48.287010" lon="-4.334130"><ele>43.0</ele></trkpt>
    <trkpt lat="48.286910" lon="-4.334500"><ele>36.0</ele></trkpt>
    <trkpt lat="48.286800" lon="-4.334690"><ele>25.0</ele></trkpt>
    <trkpt lat="48.286700" lon="-4.334780"><ele>15.0</ele></trkpt>
    <trkpt lat="48.286620" lon="-4.334930"><ele>14.0</ele></trkpt>
    <trkpt lat="48.286390" lon="-4.335030"><ele>8.0</ele></trkpt>
    <trkpt lat="48.286460" lon="-4.335490"><ele>6.0</ele></trkpt>
    <trkpt lat="48.286550" lon="-4.335790"><ele>5.0</ele></trkpt>
    <trkpt lat="48.286550" lon="-4.335930"><ele>4.0</ele></trkpt>
    <trkpt lat="48.286500" lon="-4.336050"><ele>4.0</ele></trkpt>
    <trkpt lat="48.286140" lon="-4.336450"><ele>4.0</ele></trkpt>
    <trkpt lat="48.285970" lon="-4.336570"><ele>4.0</ele></trkpt>
    <trkpt lat="48.285570" lon="-4.336530"><ele>4.0</ele></trkpt>
    <trkpt lat="48.284960" lon="-4.337200"><ele>5.0</ele></trkpt>
    <trkpt lat="48.284800" lon="-4.337320"><ele>5.0</ele></trkpt>
    <trkpt lat="48.284600" lon="-4.337340"><ele>6.0</ele></trkpt>
    <trkpt lat="48.283920" lon="-4.337250"><ele>11.0</ele></trkpt>
    <trkpt lat="48.283770" lon="-4.337250"><ele>13.0</ele></trkpt>
    <trkpt lat="48.283570" lon="-4.337320"><ele>14.0</ele></trkpt>
    <trkpt lat="48.282880" lon="-4.337910"><ele>15.0</ele></trkpt>
    <trkpt lat="48.282850" lon="-4.338070"><ele>17.0</ele></trkpt>
    <trkpt lat="48.282150" lon="-4.339640"><ele>9.0</ele></trkpt>
    <trkpt lat="48.282050" lon="-4.340280"><ele>10.0</ele></trkpt>
    <trkpt lat="48.282410" lon="-4.340130"><ele>10.0</ele></trkpt>
    <trkpt lat="48.282680" lon="-4.339900"><ele>10.0</ele></trkpt>
    <trkpt lat="48.283370" lon="-4.339200"><ele>7.0</ele></trkpt>
    <trkpt lat="48.283600" lon="-4.338910"><ele>4.0</ele></trkpt>
    <trkpt lat="48.283780" lon="-4.338770"><ele>4.0</ele></trkpt>
    <trkpt lat="48.284010" lon="-4.338680"><ele>4.0</ele></trkpt>
    <trkpt lat="48.284470" lon="-4.338750"><ele>9.0</ele></trkpt>
    <trkpt lat="48.284790" lon="-4.339030"><ele>7.0</ele></trkpt>
    <trkpt lat="48.285100" lon="-4.339220"><ele>10.0</ele></trkpt>
    <trkpt lat="48.285400" lon="-4.339670"><ele>7.0</ele></trkpt>
    <trkpt lat="48.285810" lon="-4.339950"><ele>4.0</ele></trkpt>
    <trkpt lat="48.285840" lon="-4.340060"><ele>4.0</ele></trkpt>
    <trkpt lat="48.285800" lon="-4.340740"><ele>17.0</ele></trkpt>
    <trkpt lat="48.285860" lon="-4.341450"><ele>27.0</ele></trkpt>
    <trkpt lat="48.285830" lon="-4.341710"><ele>28.0</ele></trkpt>
    <trkpt lat="48.285730" lon="-4.341920"><ele>34.0</ele></trkpt>
    <trkpt lat="48.285530" lon="-4.342130"><ele>36.0</ele></trkpt>
    <trkpt lat="48.285340" lon="-4.342260"><ele>39.0</ele></trkpt>
    <trkpt lat="48.285230" lon="-4.341940"><ele>43.0</ele></trkpt>
    <trkpt lat="48.285170" lon="-4.341890"><ele>43.0</ele></trkpt>
    <trkpt lat="48.285120" lon="-4.341920"><ele>43.0</ele></trkpt>
    <trkpt lat="48.284430" lon="-4.343070"><ele>59.0</ele></trkpt>
    <trkpt lat="48.283390" lon="-4.345070"><ele>67.0</ele></trkpt>
    <trkpt lat="48.283080" lon="-4.345750"><ele>67.0</ele></trkpt>
    <trkpt lat="48.282110" lon="-4.345350"><ele>70.0</ele></trkpt>
    <trkpt lat="48.281770" lon="-4.346020"><ele>70.0</ele></trkpt>
    <trkpt lat="48.280620" lon="-4.347380"><ele>71.0</ele></trkpt>
    <trkpt lat="48.280280" lon="-4.347880"><ele>71.0</ele></trkpt>
    <trkpt lat="48.280170" lon="-4.348110"><ele>71.0</ele></trkpt>
    <trkpt lat="48.279440" lon="-4.350720"><ele>72.0</ele></trkpt>
    <trkpt lat="48.279120" lon="-4.352330"><ele>74.0</ele></trkpt>
    <trkpt lat="48.279410" lon="-4.352590"><ele>73.0</ele></trkpt>
    <trkpt lat="48.279660" lon="-4.353010"><ele>68.0</ele></trkpt>
    <trkpt lat="48.279970" lon="-4.353410"><ele>65.0</ele></trkpt>
    <trkpt lat="48.280410" lon="-4.354230"><ele>54.0</ele></trkpt>
    <trkpt lat="48.280910" lon="-4.354730"><ele>45.0</ele></trkpt>
    <trkpt lat="48.280810" lon="-4.354940"><ele>45.0</ele></trkpt>
    <trkpt lat="48.280550" lon="-4.355780"><ele>45.0</ele></trkpt>
    <trkpt lat="48.280520" lon="-4.356350"><ele>45.0</ele></trkpt>
    <trkpt lat="48.280520" lon="-4.357210"><ele>47.0</ele></trkpt>
    <trkpt lat="48.280470" lon="-4.357890"><ele>52.0</ele></trkpt>
    <trkpt lat="48.280260" lon="-4.358740"><ele>53.0</ele></trkpt>
    <trkpt lat="48.280080" lon="-4.359370"><ele>53.0</ele></trkpt>
    <trkpt lat="48.279650" lon="-4.360080"><ele>52.0</ele></trkpt>
    <trkpt lat="48.279150" lon="-4.360690"><ele>55.0</ele></trkpt>
    <trkpt lat="48.278530" lon="-4.361620"><ele>56.0</ele></trkpt>
    <trkpt lat="48.277560" lon="-4.362560"><ele>61.0</ele></trkpt>
    <trkpt lat="48.277300" lon="-4.363080"><ele>62.0</ele></trkpt>
    <trkpt lat="48.276910" lon="-4.364130"><ele>62.0</ele></trkpt>
    <trkpt lat="48.276260" lon="-4.365240"><ele>66.0</ele></trkpt>
    <trkpt lat="48.276050" lon="-4.365680"><ele>66.0</ele></trkpt>
    <trkpt lat="48.275810" lon="-4.366320"><ele>67.0</ele></trkpt>
    <trkpt lat="48.275710" lon="-4.366460"><ele>67.0</ele></trkpt>
    <trkpt lat="48.275580" lon="-4.366500"><ele>68.0</ele></trkpt>
    <trkpt lat="48.275580" lon="-4.366800"><ele>68.0</ele></trkpt>
    <trkpt lat="48.276070" lon="-4.366740"><ele>63.0</ele></trkpt>
    <trkpt lat="48.276540" lon="-4.366880"><ele>58.0</ele></trkpt>
    <trkpt lat="48.276560" lon="-4.367400"><ele>57.0</ele></trkpt>
    <trkpt lat="48.276480" lon="-4.369300"><ele>60.0</ele></trkpt>
    <trkpt lat="48.276550" lon="-4.369230"><ele>60.0</ele></trkpt>
    <trkpt lat="48.276810" lon="-4.368260"><ele>45.0</ele></trkpt>
    <trkpt lat="48.277050" lon="-4.367510"><ele>40.0</ele></trkpt>
    <trkpt lat="48.277150" lon="-4.367330"><ele>34.0</ele></trkpt>
    <trkpt lat="48.277240" lon="-4.367260"><ele>27.0</ele></trkpt>
    <trkpt lat="48.277290" lon="-4.368160"><ele>23.0</ele></trkpt>
    <trkpt lat="48.277430" lon="-4.369440"><ele>20.0</ele></trkpt>
    <trkpt lat="48.277390" lon="-4.370140"><ele>23.0</ele></trkpt>
    <trkpt lat="48.277510" lon="-4.370770"><ele>26.0</ele></trkpt>
    <trkpt lat="48.277540" lon="-4.371150"><ele>23.0</ele></trkpt>
    <trkpt lat="48.277610" lon="-4.371530"><ele>25.0</ele></trkpt>
    <trkpt lat="48.277550" lon="-4.372350"><ele>23.0</ele></trkpt>
    <trkpt lat="48.277490" lon="-4.372440"><ele>23.0</ele></trkpt>
    <trkpt lat="48.277400" lon="-4.373120"><ele>22.0</ele></trkpt>
    <trkpt lat="48.277150" lon="-4.373870"><ele>21.0</ele></trkpt>
    <trkpt lat="48.277070" lon="-4.374250"><ele>21.0</ele></trkpt>
    <trkpt lat="48.276670" lon="-4.375700"><ele>19.0</ele></trkpt>
    <trkpt lat="48.276230" lon="-4.376830"><ele>20.0</ele></trkpt>
    <trkpt lat="48.275660" lon="-4.379010"><ele>21.0</ele></trkpt>
    <trkpt lat="48.275640" lon="-4.379340"><ele>21.0</ele></trkpt>
    <trkpt lat="48.275380" lon="-4.380320"><ele>18.0</ele></trkpt>
    <trkpt lat="48.275220" lon="-4.381400"><ele>18.0</ele></trkpt>
    <trkpt lat="48.275100" lon="-4.382850"><ele>17.0</ele></trkpt>
    <trkpt lat="48.274930" lon="-4.384080"><ele>19.0</ele></trkpt>
    <trkpt lat="48.274710" lon="-4.384330"><ele>23.0</ele></trkpt>
    <trkpt lat="48.274480" lon="-4.384500"><ele>28.0</ele></trkpt>
    <trkpt lat="48.274360" lon="-4.385130"><ele>26.0</ele></trkpt>
    <trkpt lat="48.274680" lon="-4.385480"><ele>25.0</ele></trkpt>
    <trkpt lat="48.274880" lon="-4.386680"><ele>17.0</ele></trkpt>
    <trkpt lat="48.274870" lon="-4.387200"><ele>15.0</ele></trkpt>
    <trkpt lat="48.274940" lon="-4.388720"><ele>15.0</ele></trkpt>
    <trkpt lat="48.274910" lon="-4.389970"><ele>15.0</ele></trkpt>
    <trkpt lat="48.274750" lon="-4.391420"><ele>18.0</ele></trkpt>
    <trkpt lat="48.274590" lon="-4.392360"><ele>20.0</ele></trkpt>
    <trkpt lat="48.274540" lon="-4.393020"><ele>20.0</ele></trkpt>
    <trkpt lat="48.274520" lon="-4.394490"><ele>21.0</ele></trkpt>
    <trkpt lat="48.274460" lon="-4.395340"><ele>21.0</ele></trkpt>
    <trkpt lat="48.274490" lon="-4.395850"><ele>21.0</ele></trkpt>
    <trkpt lat="48.274470" lon="-4.396350"><ele>20.0</ele></trkpt>
    <trkpt lat="48.274510" lon="-4.397260"><ele>18.0</ele></trkpt>
    <trkpt lat="48.274910" lon="-4.400830"><ele>15.0</ele></trkpt>
    <trkpt lat="48.274850" lon="-4.401180"><ele>16.0</ele></trkpt>
    <trkpt lat="48.275110" lon="-4.402000"><ele>16.0</ele></trkpt>
    <trkpt lat="48.275130" lon="-4.402520"><ele>15.0</ele></trkpt>
    <trkpt lat="48.275230" lon="-4.403130"><ele>15.0</ele></trkpt>
    <trkpt lat="48.275210" lon="-4.403620"><ele>17.0</ele></trkpt>
    <trkpt lat="48.275240" lon="-4.404040"><ele>15.0</ele></trkpt>
    <trkpt lat="48.275390" lon="-4.404750"><ele>16.0</ele></trkpt>
    <trkpt lat="48.275060" lon="-4.406550"><ele>28.0</ele></trkpt>
    <trkpt lat="48.275100" lon="-4.407680"><ele>20.0</ele></trkpt>
    <trkpt lat="48.275070" lon="-4.408550"><ele>18.0</ele></trkpt>
    <trkpt lat="48.275230" lon="-4.409180"><ele>14.0</ele></trkpt>
    <trkpt lat="48.275470" lon="-4.409860"><ele>13.0</ele></trkpt>
    <trkpt lat="48.275460" lon="-4.409930"><ele>11.0</ele></trkpt>
    <trkpt lat="48.275390" lon="-4.409930"><ele>11.0</ele></trkpt>
    <trkpt lat="48.274350" lon="-4.410520"><ele>24.0</ele></trkpt>
    <trkpt lat="48.274270" lon="-4.410660"><ele>28.0</ele></trkpt>
    <trkpt lat="48.273970" lon="-4.412070"><ele>41.0</ele></trkpt>
    <trkpt lat="48.273910" lon="-4.412580"><ele>41.0</ele></trkpt>
    <trkpt lat="48.273880" lon="-4.413610"><ele>45.0</ele></trkpt>
    <trkpt lat="48.273840" lon="-4.414070"><ele>46.0</ele></trkpt>
    <trkpt lat="48.273780" lon="-4.414460"><ele>46.0</ele></trkpt>
    <trkpt lat="48.273730" lon="-4.414530"><ele>50.0</ele></trkpt>
    <trkpt lat="48.273860" lon="-4.414810"><ele>45.0</ele></trkpt>
    <trkpt lat="48.273920" lon="-4.415050"><ele>47.0</ele></trkpt>
    <trkpt lat="48.274110" lon="-4.416640"><ele>34.0</ele></trkpt>
    <trkpt lat="48.274260" lon="-4.417110"><ele>34.0</ele></trkpt>
    <trkpt lat="48.274350" lon="-4.417650"><ele>33.0</ele></trkpt>
    <trkpt lat="48.274450" lon="-4.418020"><ele>32.0</ele></trkpt>
    <trkpt lat="48.274540" lon="-4.418840"><ele>30.0</ele></trkpt>
    <trkpt lat="48.274700" lon="-4.419340"><ele>33.0</ele></trkpt>
    <trkpt lat="48.274720" lon="-4.419710"><ele>33.0</ele></trkpt>
    <trkpt lat="48.274660" lon="-4.420250"><ele>35.0</ele></trkpt>
    <trkpt lat="48.274130" lon="-4.421470"><ele>37.0</ele></trkpt>
    <trkpt lat="48.273690" lon="-4.422360"><ele>37.0</ele></trkpt>
    <trkpt lat="48.273450" lon="-4.422290"><ele>40.0</ele></trkpt>
    <trkpt lat="48.273160" lon="-4.421870"><ele>42.0</ele></trkpt>
    <trkpt lat="48.273080" lon="-4.421850"><ele>45.0</ele></trkpt>
    <trkpt lat="48.272280" lon="-4.422600"><ele>58.0</ele></trkpt>
    <trkpt lat="48.272130" lon="-4.422650"><ele>58.0</ele></trkpt>
    <trkpt lat="48.271300" lon="-4.422360"><ele>67.0</ele></trkpt>
    <trkpt lat="48.271050" lon="-4.422340"><ele>68.0</ele></trkpt>
    <trkpt lat="48.270780" lon="-4.422430"><ele>68.0</ele></trkpt>
    <trkpt lat="48.270820" lon="-4.423160"><ele>68.0</ele></trkpt>
    <trkpt lat="48.270780" lon="-4.425440"><ele>66.0</ele></trkpt>
    <trkpt lat="48.270690" lon="-4.426260"><ele>66.0</ele></trkpt>
    <trkpt lat="48.270690" lon="-4.427270"><ele>65.0</ele></trkpt>
    <trkpt lat="48.270720" lon="-4.427820"><ele>63.0</ele></trkpt>
    <trkpt lat="48.270810" lon="-4.427930"><ele>63.0</ele></trkpt>
    <trkpt lat="48.271700" lon="-4.428280"><ele>51.0</ele></trkpt>
    <trkpt lat="48.272650" lon="-4.428510"><ele>37.0</ele></trkpt>
    <trkpt lat="48.273180" lon="-4.428700"><ele>34.0</ele></trkpt>
    <trkpt lat="48.273960" lon="-4.429150"><ele>22.0</ele></trkpt>
    <trkpt lat="48.274500" lon="-4.429570"><ele>18.0</ele></trkpt>
    <trkpt lat="48.274850" lon="-4.429920"><ele>20.0</ele></trkpt>
    <trkpt lat="48.275050" lon="-4.430220"><ele>24.0</ele></trkpt>
    <trkpt lat="48.275200" lon="-4.430650"><ele>26.0</ele></trkpt>
    <trkpt lat="48.275210" lon="-4.432620"><ele>41.0</ele></trkpt>
    <trkpt lat="48.275420" lon="-4.433340"><ele>46.0</ele></trkpt>
    <trkpt lat="48.274900" lon="-4.435780"><ele>44.0</ele></trkpt>
    <trkpt lat="48.274680" lon="-4.436540"><ele>44.0</ele></trkpt>
    <trkpt lat="48.274860" lon="-4.438040"><ele>46.0</ele></trkpt>
    <trkpt lat="48.274950" lon="-4.439910"><ele>50.0</ele></trkpt>
    <trkpt lat="48.274930" lon="-4.440360"><ele>51.0</ele></trkpt>
    <trkpt lat="48.274740" lon="-4.441040"><ele>51.0</ele></trkpt>
    <trkpt lat="48.274590" lon="-4.441420"><ele>51.0</ele></trkpt>
    <trkpt lat="48.274300" lon="-4.443250"><ele>51.0</ele></trkpt>
    <trkpt lat="48.274100" lon="-4.443810"><ele>51.0</ele></trkpt>
    <trkpt lat="48.273940" lon="-4.444720"><ele>52.0</ele></trkpt>
    <trkpt lat="48.273710" lon="-4.445190"><ele>52.0</ele></trkpt>
    <trkpt lat="48.273440" lon="-4.445500"><ele>53.0</ele></trkpt>
    <trkpt lat="48.272960" lon="-4.445660"><ele>52.0</ele></trkpt>
    <trkpt lat="48.272370" lon="-4.445730"><ele>48.0</ele></trkpt>
    <trkpt lat="48.272090" lon="-4.446130"><ele>47.0</ele></trkpt>
    <trkpt lat="48.271760" lon="-4.446480"><ele>47.0</ele></trkpt>
    <trkpt lat="48.271650" lon="-4.446720"><ele>47.0</ele></trkpt>
    <trkpt lat="48.271510" lon="-4.446580"><ele>45.0</ele></trkpt>
    <trkpt lat="48.271320" lon="-4.446790"><ele>45.0</ele></trkpt>
    <trkpt lat="48.271140" lon="-4.446890"><ele>44.0</ele></trkpt>
    <trkpt lat="48.270940" lon="-4.446860"><ele>44.0</ele></trkpt>
    <trkpt lat="48.270620" lon="-4.447070"><ele>44.0</ele></trkpt>
    <trkpt lat="48.270370" lon="-4.447400"><ele>46.0</ele></trkpt>
    <trkpt lat="48.270150" lon="-4.448950"><ele>49.0</ele></trkpt>
    <trkpt lat="48.270130" lon="-4.450570"><ele>53.0</ele></trkpt>
    <trkpt lat="48.270310" lon="-4.452230"><ele>55.0</ele></trkpt>
    <trkpt lat="48.270380" lon="-4.452560"><ele>55.0</ele></trkpt>
    <trkpt lat="48.270660" lon="-4.453270"><ele>55.0</ele></trkpt>
    <trkpt lat="48.270700" lon="-4.453440"><ele>55.0</ele></trkpt>
    <trkpt lat="48.271240" lon="-4.453660"><ele>54.0</ele></trkpt>
    <trkpt lat="48.271980" lon="-4.453870"><ele>54.0</ele></trkpt>
    <trkpt lat="48.272930" lon="-4.453920"><ele>55.0</ele></trkpt>
    <trkpt lat="48.273880" lon="-4.453850"><ele>59.0</ele></trkpt>
    <trkpt lat="48.274310" lon="-4.453810"><ele>62.0</ele></trkpt>
    <trkpt lat="48.274520" lon="-4.453710"><ele>63.0</ele></trkpt>
    <trkpt lat="48.274770" lon="-4.453660"><ele>64.0</ele></trkpt>
    <trkpt lat="48.275280" lon="-4.453760"><ele>66.0</ele></trkpt>
    <trkpt lat="48.275380" lon="-4.453660"><ele>67.0</ele></trkpt>
    <trkpt lat="48.275730" lon="-4.452700"><ele>69.0</ele></trkpt>
    <trkpt lat="48.276100" lon="-4.453600"><ele>69.0</ele></trkpt>
    <trkpt lat="48.276310" lon="-4.453720"><ele>69.0</ele></trkpt>
    <trkpt lat="48.276930" lon="-4.453920"><ele>70.0</ele></trkpt>
    <trkpt lat="48.277230" lon="-4.454200"><ele>68.0</ele></trkpt>
    <trkpt lat="48.277380" lon="-4.454510"><ele>68.0</ele></trkpt>
    <trkpt lat="48.277560" lon="-4.455120"><ele>65.0</ele></trkpt>
    <trkpt lat="48.277750" lon="-4.455610"><ele>64.0</ele></trkpt>
    <trkpt lat="48.278250" lon="-4.455890"><ele>63.0</ele></trkpt>
    <trkpt lat="48.278430" lon="-4.456050"><ele>64.0</ele></trkpt>
    <trkpt lat="48.279160" lon="-4.456970"><ele>64.0</ele></trkpt>
    <trkpt lat="48.279450" lon="-4.457160"><ele>64.0</ele></trkpt>
    <trkpt lat="48.279550" lon="-4.457280"><ele>64.0</ele></trkpt>
    <trkpt lat="48.279860" lon="-4.457180"><ele>64.0</ele></trkpt>
    <trkpt lat="48.280190" lon="-4.457180"><ele>63.0</ele></trkpt>
    <trkpt lat="48.280340" lon="-4.457230"><ele>64.0</ele></trkpt>
    <trkpt lat="48.281680" lon="-4.458110"><ele>64.0</ele></trkpt>
    <trkpt lat="48.283070" lon="-4.458820"><ele>72.0</ele></trkpt>
    <trkpt lat="48.283270" lon="-4.458950"><ele>74.0</ele></trkpt>
    <trkpt lat="48.283290" lon="-4.459110"><ele>74.0</ele></trkpt>
    <trkpt lat="48.283350" lon="-4.459180"><ele>74.0</ele></trkpt>
    <trkpt lat="48.283470" lon="-4.459150"><ele>75.0</ele></trkpt>
    <trkpt lat="48.283500" lon="-4.459080"><ele>75.0</ele></trkpt>
    <trkpt lat="48.283510" lon="-4.458990"><ele>75.0</ele></trkpt>
    <trkpt lat="48.283470" lon="-4.458800"><ele>75.0</ele></trkpt>
    <trkpt lat="48.283550" lon="-4.458470"><ele>75.0</ele></trkpt>
    <trkpt lat="48.283620" lon="-4.458380"><ele>75.0</ele></trkpt>
    <trkpt lat="48.284050" lon="-4.458050"><ele>75.0</ele></trkpt>
    <trkpt lat="48.284270" lon="-4.457980"><ele>75.0</ele></trkpt>
    <trkpt lat="48.284720" lon="-4.457720"><ele>75.0</ele></trkpt>
    <trkpt lat="48.285130" lon="-4.457330"><ele>73.0</ele></trkpt>
    <trkpt lat="48.285280" lon="-4.457300"><ele>73.0</ele></trkpt>
    <trkpt lat="48.285640" lon="-4.457040"><ele>72.0</ele></trkpt>
    <trkpt lat="48.285720" lon="-4.457080"><ele>72.0</ele></trkpt>
    <trkpt lat="48.285930" lon="-4.456990"><ele>71.0</ele></trkpt>
    <trkpt lat="48.286360" lon="-4.456690"><ele>68.0</ele></trkpt>
    <trkpt lat="48.286480" lon="-4.456740"><ele>68.0</ele></trkpt>
    <trkpt lat="48.286910" lon="-4.456530"><ele>63.0</ele></trkpt>
    <trkpt lat="48.286960" lon="-4.457180"><ele>64.0</ele></trkpt>
    <trkpt lat="48.288110" lon="-4.456850"><ele>51.0</ele></trkpt>
    <trkpt lat="48.288320" lon="-4.456830"><ele>48.0</ele></trkpt>
    <trkpt lat="48.288740" lon="-4.457150"><ele>41.0</ele></trkpt>
    <trkpt lat="48.288690" lon="-4.455730"><ele>35.0</ele></trkpt>
    <trkpt lat="48.288790" lon="-4.455430"><ele>34.0</ele></trkpt>
    <trkpt lat="48.289020" lon="-4.455260"><ele>33.0</ele></trkpt>
    <trkpt lat="48.289250" lon="-4.455270"><ele>32.0</ele></trkpt>
    <trkpt lat="48.289470" lon="-4.454950"><ele>28.0</ele></trkpt>
    <trkpt lat="48.290060" lon="-4.454440"><ele>26.0</ele></trkpt>
    <trkpt lat="48.290470" lon="-4.453400"><ele>25.0</ele></trkpt>
    <trkpt lat="48.290530" lon="-4.453390"><ele>23.0</ele></trkpt>
    <trkpt lat="48.290740" lon="-4.453220"><ele>21.0</ele></trkpt>
    <trkpt lat="48.291020" lon="-4.453100"><ele>20.0</ele></trkpt>
    <trkpt lat="48.291200" lon="-4.452890"><ele>21.0</ele></trkpt>
    <trkpt lat="48.291240" lon="-4.452720"><ele>22.0</ele></trkpt>
    <trkpt lat="48.291220" lon="-4.452490"><ele>26.0</ele></trkpt>
    <trkpt lat="48.291270" lon="-4.451740"><ele>31.0</ele></trkpt>
    <trkpt lat="48.291110" lon="-4.451150"><ele>33.0</ele></trkpt>
    <trkpt lat="48.291110" lon="-4.450780"><ele>36.0</ele></trkpt>
    <trkpt lat="48.290980" lon="-4.449980"><ele>38.0</ele></trkpt>
    <trkpt lat="48.290930" lon="-4.449880"><ele>40.0</ele></trkpt>
    <trkpt lat="48.290850" lon="-4.449530"><ele>38.0</ele></trkpt>
    <trkpt lat="48.290880" lon="-4.449250"><ele>38.0</ele></trkpt>
    <trkpt lat="48.290970" lon="-4.449110"><ele>37.0</ele></trkpt>
    <trkpt lat="48.291000" lon="-4.448770"><ele>33.0</ele></trkpt>
    <trkpt lat="48.291190" lon="-4.448950"><ele>23.0</ele></trkpt>
    <trkpt lat="48.291290" lon="-4.448990"><ele>23.0</ele></trkpt>
    <trkpt lat="48.291380" lon="-4.448950"><ele>15.0</ele></trkpt>
    <trkpt lat="48.291480" lon="-4.449110"><ele>15.0</ele></trkpt>
    <trkpt lat="48.291570" lon="-4.449160"><ele>11.0</ele></trkpt>
    <trkpt lat="48.291730" lon="-4.449370"><ele>7.0</ele></trkpt>
    <trkpt lat="48.291880" lon="-4.449770"><ele>5.0</ele></trkpt>
    <trkpt lat="48.292260" lon="-4.450100"><ele>5.0</ele></trkpt>
    <trkpt lat="48.292320" lon="-4.450240"><ele>5.0</ele></trkpt>
    <trkpt lat="48.292070" lon="-4.451230"><ele>5.0</ele></trkpt>
    <trkpt lat="48.292540" lon="-4.454860"><ele>5.0</ele></trkpt>
    <trkpt lat="48.292530" lon="-4.455260"><ele>4.0</ele></trkpt>
    <trkpt lat="48.292360" lon="-4.455660"><ele>4.0</ele></trkpt>
    <trkpt lat="48.292200" lon="-4.455750"><ele>4.0</ele></trkpt>
    <trkpt lat="48.291980" lon="-4.456820"><ele>4.0</ele></trkpt>
    <trkpt lat="48.291970" lon="-4.457130"><ele>3.0</ele></trkpt>
    <trkpt lat="48.292000" lon="-4.457680"><ele>3.0</ele></trkpt>
    <trkpt lat="48.292100" lon="-4.458210"><ele>3.0</ele></trkpt>
    <trkpt lat="48.292240" lon="-4.458600"><ele>4.0</ele></trkpt>
    <trkpt lat="48.292500" lon="-4.458940"><ele>6.0</ele></trkpt>
    <trkpt lat="48.292190" lon="-4.459410"><ele>10.0</ele></trkpt>
    <trkpt lat="48.291870" lon="-4.460230"><ele>23.0</ele></trkpt>
    <trkpt lat="48.291670" lon="-4.460860"><ele>27.0</ele></trkpt>
    <trkpt lat="48.291320" lon="-4.461480"><ele>25.0</ele></trkpt>
    <trkpt lat="48.290020" lon="-4.462440"><ele>26.0</ele></trkpt>
    <trkpt lat="48.290620" lon="-4.463020"><ele>14.0</ele></trkpt>
    <trkpt lat="48.290510" lon="-4.463260"><ele>13.0</ele></trkpt>
    <trkpt lat="48.290430" lon="-4.463330"><ele>12.0</ele></trkpt>
    <trkpt lat="48.289880" lon="-4.464200"><ele>13.0</ele></trkpt>
    <trkpt lat="48.289250" lon="-4.465060"><ele>15.0</ele></trkpt>
    <trkpt lat="48.288580" lon="-4.466380"><ele>12.0</ele></trkpt>
    <trkpt lat="48.288350" lon="-4.466730"><ele>8.0</ele></trkpt>
    <trkpt lat="48.288450" lon="-4.466710"><ele>7.0</ele></trkpt>
    <trkpt lat="48.288440" lon="-4.466780"><ele>7.0</ele></trkpt>
    <trkpt lat="48.288490" lon="-4.466850"><ele>9.0</ele></trkpt>
    <trkpt lat="48.288430" lon="-4.466830"><ele>4.0</ele></trkpt>
    <trkpt lat="48.288270" lon="-4.466890"><ele>10.0</ele></trkpt>
    <trkpt lat="48.287620" lon="-4.468750"><ele>14.0</ele></trkpt>
    <trkpt lat="48.287480" lon="-4.468930"><ele>16.0</ele></trkpt>
    <trkpt lat="48.287390" lon="-4.469120"><ele>20.0</ele></trkpt>
    <trkpt lat="48.287320" lon="-4.469080"><ele>20.0</ele></trkpt>
    <trkpt lat="48.287260" lon="-4.469120"><ele>20.0</ele></trkpt>
    <trkpt lat="48.287240" lon="-4.469190"><ele>20.0</ele></trkpt>
    <trkpt lat="48.287280" lon="-4.469400"><ele>13.0</ele></trkpt>
    <trkpt lat="48.287300" lon="-4.469400"><ele>17.0</ele></trkpt>
    <trkpt lat="48.287290" lon="-4.469710"><ele>11.0</ele></trkpt>
    <trkpt lat="48.287320" lon="-4.469690"><ele>15.0</ele></trkpt>
    <trkpt lat="48.287240" lon="-4.470320"><ele>6.0</ele></trkpt>
    <trkpt lat="48.287070" lon="-4.470620"><ele>14.0</ele></trkpt>
    <trkpt lat="48.286990" lon="-4.470670"><ele>26.0</ele></trkpt>
    <trkpt lat="48.286960" lon="-4.470620"><ele>26.0</ele></trkpt>
    <trkpt lat="48.286890" lon="-4.470620"><ele>21.0</ele></trkpt>
    <trkpt lat="48.286820" lon="-4.471050"><ele>28.0</ele></trkpt>
    <trkpt lat="48.286760" lon="-4.471090"><ele>28.0</ele></trkpt>
    <trkpt lat="48.286710" lon="-4.471210"><ele>26.0</ele></trkpt>
    <trkpt lat="48.286700" lon="-4.471330"><ele>25.0</ele></trkpt>
    <trkpt lat="48.286740" lon="-4.471610"><ele>26.0</ele></trkpt>
    <trkpt lat="48.286640" lon="-4.472010"><ele>24.0</ele></trkpt>
    <trkpt lat="48.286480" lon="-4.473110"><ele>23.0</ele></trkpt>
    <trkpt lat="48.286400" lon="-4.473320"><ele>23.0</ele></trkpt>
    <trkpt lat="48.286400" lon="-4.473560"><ele>22.0</ele></trkpt>
    <trkpt lat="48.286250" lon="-4.474190"><ele>24.0</ele></trkpt>
    <trkpt lat="48.286200" lon="-4.475150"><ele>18.0</ele></trkpt>
    <trkpt lat="48.286220" lon="-4.475430"><ele>18.0</ele></trkpt>
    <trkpt lat="48.286130" lon="-4.475760"><ele>16.0</ele></trkpt>
    <trkpt lat="48.286070" lon="-4.476340"><ele>17.0</ele></trkpt>
    <trkpt lat="48.285780" lon="-4.477500"><ele>17.0</ele></trkpt>
    <trkpt lat="48.285780" lon="-4.477760"><ele>19.0</ele></trkpt>
    <trkpt lat="48.285590" lon="-4.478480"><ele>18.0</ele></trkpt>
    <trkpt lat="48.285480" lon="-4.479070"><ele>18.0</ele></trkpt>
    <trkpt lat="48.285500" lon="-4.479190"><ele>20.0</ele></trkpt>
    <trkpt lat="48.285480" lon="-4.479400"><ele>18.0</ele></trkpt>
    <trkpt lat="48.285410" lon="-4.479540"><ele>19.0</ele></trkpt>
    <trkpt lat="48.285350" lon="-4.479870"><ele>18.0</ele></trkpt>
    <trkpt lat="48.285400" lon="-4.480180"><ele>20.0</ele></trkpt>
    <trkpt lat="48.285380" lon="-4.480310"><ele>15.0</ele></trkpt>
    <trkpt lat="48.285280" lon="-4.480410"><ele>20.0</ele></trkpt>
    <trkpt lat="48.285200" lon="-4.480670"><ele>20.0</ele></trkpt>
    <trkpt lat="48.284980" lon="-4.481180"><ele>20.0</ele></trkpt>
    <trkpt lat="48.284710" lon="-4.482120"><ele>25.0</ele></trkpt>
    <trkpt lat="48.284270" lon="-4.483130"><ele>19.0</ele></trkpt>
    <trkpt lat="48.284210" lon="-4.483200"><ele>14.0</ele></trkpt>
    <trkpt lat="48.283940" lon="-4.483320"><ele>16.0</ele></trkpt>
    <trkpt lat="48.283930" lon="-4.483500"><ele>17.0</ele></trkpt>
    <trkpt lat="48.283970" lon="-4.483810"><ele>17.0</ele></trkpt>
    <trkpt lat="48.283950" lon="-4.483930"><ele>14.0</ele></trkpt>
    <trkpt lat="48.283750" lon="-4.484420"><ele>19.0</ele></trkpt>
    <trkpt lat="48.283690" lon="-4.484700"><ele>19.0</ele></trkpt>
    <trkpt lat="48.283570" lon="-4.484940"><ele>17.0</ele></trkpt>
    <trkpt lat="48.283560" lon="-4.485120"><ele>18.0</ele></trkpt>
    <trkpt lat="48.283450" lon="-4.485360"><ele>16.0</ele></trkpt>
    <trkpt lat="48.283210" lon="-4.486200"><ele>19.0</ele></trkpt>
    <trkpt lat="48.282990" lon="-4.486690"><ele>22.0</ele></trkpt>
    <trkpt lat="48.282840" lon="-4.486840"><ele>21.0</ele></trkpt>
    <trkpt lat="48.282760" lon="-4.487020"><ele>23.0</ele></trkpt>
    <trkpt lat="48.282630" lon="-4.488170"><ele>20.0</ele></trkpt>
    <trkpt lat="48.282690" lon="-4.488380"><ele>21.0</ele></trkpt>
    <trkpt lat="48.282690" lon="-4.488520"><ele>20.0</ele></trkpt>
    <trkpt lat="48.282540" lon="-4.488570"><ele>28.0</ele></trkpt>
    <trkpt lat="48.282520" lon="-4.488740"><ele>19.0</ele></trkpt>
    <trkpt lat="48.282540" lon="-4.489020"><ele>18.0</ele></trkpt>
    <trkpt lat="48.282460" lon="-4.489280"><ele>18.0</ele></trkpt>
    <trkpt lat="48.282430" lon="-4.490170"><ele>16.0</ele></trkpt>
    <trkpt lat="48.282450" lon="-4.490430"><ele>13.0</ele></trkpt>
    <trkpt lat="48.282420" lon="-4.490520"><ele>13.0</ele></trkpt>
    <trkpt lat="48.282420" lon="-4.490910"><ele>13.0</ele></trkpt>
    <trkpt lat="48.282390" lon="-4.491010"><ele>20.0</ele></trkpt>
    <trkpt lat="48.282420" lon="-4.491080"><ele>12.0</ele></trkpt>
    <trkpt lat="48.282410" lon="-4.491430"><ele>15.0</ele></trkpt>
    <trkpt lat="48.282340" lon="-4.492090"><ele>14.0</ele></trkpt>
    <trkpt lat="48.282420" lon="-4.492370"><ele>14.0</ele></trkpt>
    <trkpt lat="48.282400" lon="-4.492470"><ele>18.0</ele></trkpt>
    <trkpt lat="48.282430" lon="-4.492650"><ele>15.0</ele></trkpt>
    <trkpt lat="48.282400" lon="-4.492700"><ele>19.0</ele></trkpt>
    <trkpt lat="48.282390" lon="-4.492840"><ele>17.0</ele></trkpt>
    <trkpt lat="48.282490" lon="-4.493080"><ele>15.0</ele></trkpt>
    <trkpt lat="48.282540" lon="-4.493690"><ele>14.0</ele></trkpt>
    <trkpt lat="48.282220" lon="-4.494110"><ele>11.0</ele></trkpt>
    <trkpt lat="48.282140" lon="-4.494300"><ele>9.0</ele></trkpt>
    <trkpt lat="48.282030" lon="-4.494370"><ele>9.0</ele></trkpt>
    <trkpt lat="48.281920" lon="-4.494360"><ele>5.0</ele></trkpt>
    <trkpt lat="48.281800" lon="-4.494870"><ele>4.0</ele></trkpt>
    <trkpt lat="48.281570" lon="-4.495330"><ele>7.0</ele></trkpt>
    <trkpt lat="48.281460" lon="-4.495680"><ele>7.0</ele></trkpt>
    <trkpt lat="48.281410" lon="-4.496020"><ele>8.0</ele></trkpt>
    <trkpt lat="48.280770" lon="-4.495940"><ele>12.0</ele></trkpt>
    <trkpt lat="48.280580" lon="-4.496160"><ele>14.0</ele></trkpt>
    <trkpt lat="48.280390" lon="-4.496120"><ele>16.0</ele></trkpt>
    <trkpt lat="48.279700" lon="-4.497160"><ele>27.0</ele></trkpt>
    <trkpt lat="48.280030" lon="-4.497710"><ele>30.0</ele></trkpt>
    <trkpt lat="48.280160" lon="-4.498160"><ele>33.0</ele></trkpt>
    <trkpt lat="48.279890" lon="-4.498650"><ele>32.0</ele></trkpt>
    <trkpt lat="48.279940" lon="-4.499120"><ele>32.0</ele></trkpt>
    <trkpt lat="48.279730" lon="-4.500160"><ele>27.0</ele></trkpt>
    <trkpt lat="48.279550" lon="-4.500430"><ele>27.0</ele></trkpt>
    <trkpt lat="48.279050" lon="-4.500210"><ele>26.0</ele></trkpt>
    <trkpt lat="48.279150" lon="-4.501510"><ele>21.0</ele></trkpt>
    <trkpt lat="48.279240" lon="-4.502020"><ele>18.0</ele></trkpt>
    <trkpt lat="48.279630" lon="-4.502330"><ele>15.0</ele></trkpt>
    <trkpt lat="48.280530" lon="-4.502360"><ele>10.0</ele></trkpt>
    <trkpt lat="48.280800" lon="-4.502670"><ele>7.0</ele></trkpt>
    <trkpt lat="48.281160" lon="-4.503960"><ele>5.0</ele></trkpt>
    <trkpt lat="48.281490" lon="-4.504810"><ele>5.0</ele></trkpt>
    <trkpt lat="48.281830" lon="-4.505580"><ele>4.0</ele></trkpt>
    <trkpt lat="48.283030" lon="-4.507600"><ele>3.0</ele></trkpt>
    <trkpt lat="48.283520" lon="-4.508350"><ele>3.0</ele></trkpt>
    <trkpt lat="48.283880" lon="-4.508770"><ele>4.0</ele></trkpt>
    <trkpt lat="48.284170" lon="-4.508990"><ele>4.0</ele></trkpt>
    <trkpt lat="48.284010" lon="-4.508870"><ele>4.0</ele></trkpt>
    <trkpt lat="48.284430" lon="-4.509050"><ele>4.0</ele></trkpt>
    <trkpt lat="48.284580" lon="-4.508610"><ele>4.0</ele></trkpt>
    <trkpt lat="48.284850" lon="-4.508310"><ele>4.0</ele></trkpt>
    <trkpt lat="48.285020" lon="-4.507920"><ele>4.0</ele></trkpt>
    <trkpt lat="48.285280" lon="-4.507600"><ele>4.0</ele></trkpt>
    <trkpt lat="48.285440" lon="-4.507800"><ele>4.0</ele></trkpt>
    <trkpt lat="48.285930" lon="-4.507150"><ele>4.0</ele></trkpt>
    <trkpt lat="48.285990" lon="-4.507000"><ele>2.0</ele></trkpt>
    <trkpt lat="48.286130" lon="-4.507270"><ele>5.0</ele></trkpt>
    <trkpt lat="48.286310" lon="-4.507880"><ele>6.0</ele></trkpt>
    <trkpt lat="48.286230" lon="-4.508470"><ele>7.0</ele></trkpt>
    <trkpt lat="48.286250" lon="-4.509080"><ele>9.0</ele></trkpt>
    <trkpt lat="48.286130" lon="-4.510250"><ele>13.0</ele></trkpt>
    <trkpt lat="48.286090" lon="-4.511050"><ele>17.0</ele></trkpt>
    <trkpt lat="48.286110" lon="-4.511260"><ele>18.0</ele></trkpt>
    <trkpt lat="48.286460" lon="-4.511430"><ele>18.0</ele></trkpt>
    <trkpt lat="48.287300" lon="-4.512130"><ele>20.0</ele></trkpt>
    <trkpt lat="48.287580" lon="-4.512170"><ele>20.0</ele></trkpt>
    <trkpt lat="48.288090" lon="-4.512090"><ele>21.0</ele></trkpt>
    <trkpt lat="48.288370" lon="-4.512280"><ele>24.0</ele></trkpt>
    <trkpt lat="48.288550" lon="-4.512680"><ele>24.0</ele></trkpt>
    <trkpt lat="48.288840" lon="-4.512960"><ele>22.0</ele></trkpt>
    <trkpt lat="48.289390" lon="-4.513750"><ele>16.0</ele></trkpt>
    <trkpt lat="48.291030" lon="-4.516400"><ele>4.0</ele></trkpt>
    <trkpt lat="48.291510" lon="-4.517310"><ele>7.0</ele></trkpt>
    <trkpt lat="48.291590" lon="-4.517480"><ele>7.0</ele></trkpt>
    <trkpt lat="48.291580" lon="-4.517530"><ele>7.0</ele></trkpt>
    <trkpt lat="48.291740" lon="-4.517580"><ele>7.0</ele></trkpt>
    <trkpt lat="48.291800" lon="-4.517960"><ele>8.0</ele></trkpt>
    <trkpt lat="48.291780" lon="-4.518040"><ele>8.0</ele></trkpt>
    <trkpt lat="48.291330" lon="-4.518460"><ele>9.0</ele></trkpt>
    <trkpt lat="48.291620" lon="-4.519050"><ele>9.0</ele></trkpt>
    <trkpt lat="48.291780" lon="-4.519260"><ele>8.0</ele></trkpt>
    <trkpt lat="48.292360" lon="-4.519660"><ele>6.0</ele></trkpt>
    <trkpt lat="48.292610" lon="-4.520030"><ele>6.0</ele></trkpt>
    <trkpt lat="48.292960" lon="-4.520850"><ele>8.0</ele></trkpt>
    <trkpt lat="48.292980" lon="-4.521230"><ele>8.0</ele></trkpt>
    <trkpt lat="48.292940" lon="-4.521450"><ele>9.0</ele></trkpt>
    <trkpt lat="48.292690" lon="-4.521860"><ele>6.0</ele></trkpt>
    <trkpt lat="48.292580" lon="-4.521980"><ele>6.0</ele></trkpt>
    <trkpt lat="48.292380" lon="-4.521980"><ele>5.0</ele></trkpt>
    <trkpt lat="48.291460" lon="-4.521700"><ele>3.0</ele></trkpt>
    <trkpt lat="48.291110" lon="-4.521750"><ele>3.0</ele></trkpt>
    <trkpt lat="48.290640" lon="-4.521140"><ele>6.0</ele></trkpt>
    <trkpt lat="48.290040" lon="-4.520950"><ele>9.0</ele></trkpt>
    <trkpt lat="48.289770" lon="-4.520740"><ele>11.0</ele></trkpt>
    <trkpt lat="48.289590" lon="-4.520430"><ele>12.0</ele></trkpt>
    <trkpt lat="48.289560" lon="-4.520190"><ele>12.0</ele></trkpt>
    <trkpt lat="48.289250" lon="-4.520030"><ele>12.0</ele></trkpt>
    <trkpt lat="48.289010" lon="-4.520010"><ele>12.0</ele></trkpt>
    <trkpt lat="48.288770" lon="-4.520200"><ele>14.0</ele></trkpt>
    <trkpt lat="48.288530" lon="-4.520600"><ele>17.0</ele></trkpt>
    <trkpt lat="48.287860" lon="-4.521040"><ele>20.0</ele></trkpt>
    <trkpt lat="48.287700" lon="-4.521210"><ele>21.0</ele></trkpt>
    <trkpt lat="48.287230" lon="-4.522260"><ele>22.0</ele></trkpt>
    <trkpt lat="48.286790" lon="-4.522940"><ele>22.0</ele></trkpt>
    <trkpt lat="48.285920" lon="-4.524040"><ele>22.0</ele></trkpt>
    <trkpt lat="48.285750" lon="-4.524190"><ele>22.0</ele></trkpt>
    <trkpt lat="48.285200" lon="-4.524450"><ele>22.0</ele></trkpt>
    <trkpt lat="48.284990" lon="-4.524650"><ele>21.0</ele></trkpt>
    <trkpt lat="48.284850" lon="-4.524910"><ele>21.0</ele></trkpt>
    <trkpt lat="48.284750" lon="-4.524980"><ele>23.0</ele></trkpt>
    <trkpt lat="48.284550" lon="-4.524970"><ele>24.0</ele></trkpt>
    <trkpt lat="48.283570" lon="-4.525400"><ele>26.0</ele></trkpt>
    <trkpt lat="48.283220" lon="-4.525560"><ele>27.0</ele></trkpt>
    <trkpt lat="48.283000" lon="-4.525780"><ele>26.0</ele></trkpt>
    <trkpt lat="48.283230" lon="-4.526160"><ele>26.0</ele></trkpt>
    <trkpt lat="48.283840" lon="-4.526910"><ele>23.0</ele></trkpt>
    <trkpt lat="48.284310" lon="-4.527380"><ele>21.0</ele></trkpt>
    <trkpt lat="48.284390" lon="-4.527560"><ele>21.0</ele></trkpt>
    <trkpt lat="48.284440" lon="-4.528180"><ele>19.0</ele></trkpt>
    <trkpt lat="48.284330" lon="-4.528500"><ele>20.0</ele></trkpt>
    <trkpt lat="48.284140" lon="-4.528850"><ele>21.0</ele></trkpt>
    <trkpt lat="48.283920" lon="-4.529610"><ele>22.0</ele></trkpt>
    <trkpt lat="48.283760" lon="-4.530030"><ele>23.0</ele></trkpt>
    <trkpt lat="48.283660" lon="-4.530240"><ele>24.0</ele></trkpt>
    <trkpt lat="48.283350" lon="-4.530710"><ele>25.0</ele></trkpt>
    <trkpt lat="48.283130" lon="-4.531310"><ele>24.0</ele></trkpt>
    <trkpt lat="48.282900" lon="-4.531460"><ele>25.0</ele></trkpt>
    <trkpt lat="48.282850" lon="-4.531430"><ele>29.0</ele></trkpt>
    <trkpt lat="48.282750" lon="-4.531620"><ele>26.0</ele></trkpt>
    <trkpt lat="48.282370" lon="-4.532090"><ele>25.0</ele></trkpt>
    <trkpt lat="48.281360" lon="-4.532710"><ele>16.0</ele></trkpt>
    <trkpt lat="48.282100" lon="-4.534410"><ele>13.0</ele></trkpt>
    <trkpt lat="48.282000" lon="-4.534700"><ele>13.0</ele></trkpt>
    <trkpt lat="48.281910" lon="-4.535180"><ele>13.0</ele></trkpt>
    <trkpt lat="48.281550" lon="-4.535840"><ele>17.0</ele></trkpt>
    <trkpt lat="48.281460" lon="-4.536160"><ele>21.0</ele></trkpt>
    <trkpt lat="48.281390" lon="-4.537010"><ele>22.0</ele></trkpt>
    <trkpt lat="48.281550" lon="-4.537890"><ele>22.0</ele></trkpt>
    <trkpt lat="48.281910" lon="-4.539020"><ele>21.0</ele></trkpt>
    <trkpt lat="48.282000" lon="-4.539420"><ele>21.0</ele></trkpt>
    <trkpt lat="48.281980" lon="-4.540050"><ele>21.0</ele></trkpt>
    <trkpt lat="48.281860" lon="-4.540860"><ele>25.0</ele></trkpt>
    <trkpt lat="48.281660" lon="-4.541530"><ele>27.0</ele></trkpt>
    <trkpt lat="48.281260" lon="-4.543600"><ele>30.0</ele></trkpt>
    <trkpt lat="48.281560" lon="-4.544920"><ele>37.0</ele></trkpt>
    <trkpt lat="48.281520" lon="-4.545140"><ele>38.0</ele></trkpt>
    <trkpt lat="48.281060" lon="-4.545390"><ele>39.0</ele></trkpt>
    <trkpt lat="48.280850" lon="-4.545860"><ele>43.0</ele></trkpt>
    <trkpt lat="48.280340" lon="-4.546810"><ele>51.0</ele></trkpt>
    <trkpt lat="48.280710" lon="-4.548960"><ele>58.0</ele></trkpt>
    <trkpt lat="48.280930" lon="-4.551020"><ele>60.0</ele></trkpt>
    <trkpt lat="48.281060" lon="-4.551660"><ele>60.0</ele></trkpt>
    <trkpt lat="48.281410" lon="-4.552530"><ele>60.0</ele></trkpt>
    <trkpt lat="48.281500" lon="-4.552710"><ele>60.0</ele></trkpt>
    <trkpt lat="48.281870" lon="-4.553180"><ele>59.0</ele></trkpt>
    <trkpt lat="48.282780" lon="-4.553840"><ele>58.0</ele></trkpt>
    <trkpt lat="48.283570" lon="-4.554710"><ele>57.0</ele></trkpt>
    <trkpt lat="48.283770" lon="-4.554850"><ele>57.0</ele></trkpt>
    <trkpt lat="48.284130" lon="-4.554970"><ele>57.0</ele></trkpt>
    <trkpt lat="48.284940" lon="-4.555040"><ele>57.0</ele></trkpt>
    <trkpt lat="48.286790" lon="-4.554850"><ele>53.0</ele></trkpt>
    <trkpt lat="48.286860" lon="-4.554890"><ele>53.0</ele></trkpt>
    <trkpt lat="48.286960" lon="-4.555070"><ele>52.0</ele></trkpt>
    <trkpt lat="48.287240" lon="-4.555220"><ele>50.0</ele></trkpt>
    <trkpt lat="48.287950" lon="-4.555290"><ele>50.0</ele></trkpt>
    <trkpt lat="48.288050" lon="-4.555250"><ele>50.0</ele></trkpt>
    <trkpt lat="48.288100" lon="-4.555150"><ele>50.0</ele></trkpt>
    <trkpt lat="48.288320" lon="-4.555040"><ele>49.0</ele></trkpt>
    <trkpt lat="48.288640" lon="-4.555180"><ele>48.0</ele></trkpt>
    <trkpt lat="48.288840" lon="-4.555180"><ele>47.0</ele></trkpt>
    <trkpt lat="48.289070" lon="-4.555110"><ele>45.0</ele></trkpt>
    <trkpt lat="48.289300" lon="-4.555180"><ele>43.0</ele></trkpt>
    <trkpt lat="48.289770" lon="-4.555550"><ele>36.0</ele></trkpt>
    <trkpt lat="48.289920" lon="-4.555760"><ele>31.0</ele></trkpt>
    <trkpt lat="48.290050" lon="-4.555790"><ele>31.0</ele></trkpt>
    <trkpt lat="48.290100" lon="-4.554330"><ele>24.0</ele></trkpt>
    <trkpt lat="48.290380" lon="-4.554470"><ele>22.0</ele></trkpt>
    <trkpt lat="48.290540" lon="-4.554500"><ele>21.0</ele></trkpt>
    <trkpt lat="48.291240" lon="-4.554430"><ele>16.0</ele></trkpt>
    <trkpt lat="48.291400" lon="-4.554430"><ele>15.0</ele></trkpt>
    <trkpt lat="48.291650" lon="-4.554500"><ele>14.0</ele></trkpt>
    <trkpt lat="48.291880" lon="-4.554590"><ele>12.0</ele></trkpt>
    <trkpt lat="48.292480" lon="-4.555110"><ele>8.0</ele></trkpt>
    <trkpt lat="48.292710" lon="-4.555190"><ele>8.0</ele></trkpt>
    <trkpt lat="48.292700" lon="-4.554640"><ele>8.0</ele></trkpt>
    <trkpt lat="48.292660" lon="-4.554310"><ele>8.0</ele></trkpt>
    <trkpt lat="48.292220" lon="-4.553280"><ele>9.0</ele></trkpt>
    <trkpt lat="48.292080" lon="-4.552830"><ele>9.0</ele></trkpt>
    <trkpt lat="48.291930" lon="-4.552240"><ele>9.0</ele></trkpt>
    <trkpt lat="48.291730" lon="-4.551120"><ele>9.0</ele></trkpt>
    <trkpt lat="48.291680" lon="-4.550580"><ele>9.0</ele></trkpt>
    <trkpt lat="48.291700" lon="-4.550110"><ele>9.0</ele></trkpt>
    <trkpt lat="48.291750" lon="-4.549740"><ele>9.0</ele></trkpt>
    <trkpt lat="48.293180" lon="-4.550910"><ele>5.0</ele></trkpt>
    <trkpt lat="48.293310" lon="-4.551080"><ele>5.0</ele></trkpt>
    <trkpt lat="48.294280" lon="-4.552690"><ele>4.0</ele></trkpt>
    <trkpt lat="48.294760" lon="-4.553320"><ele>4.0</ele></trkpt>
    <trkpt lat="48.295010" lon="-4.553550"><ele>4.0</ele></trkpt>
    <trkpt lat="48.295160" lon="-4.553560"><ele>4.0</ele></trkpt>
    <trkpt lat="48.295560" lon="-4.553000"><ele>3.0</ele></trkpt>
    <trkpt lat="48.295660" lon="-4.552950"><ele>2.0</ele></trkpt>
    <trkpt lat="48.295800" lon="-4.553000"><ele>3.0</ele></trkpt>
    <trkpt lat="48.296480" lon="-4.554750"><ele>5.0</ele></trkpt>
    <trkpt lat="48.296740" lon="-4.555040"><ele>6.0</ele></trkpt>
    <trkpt lat="48.297630" lon="-4.555320"><ele>15.0</ele></trkpt>
    <trkpt lat="48.298120" lon="-4.555790"><ele>15.0</ele></trkpt>
    <trkpt lat="48.298950" lon="-4.556400"><ele>14.0</ele></trkpt>
    <trkpt lat="48.299410" lon="-4.556610"><ele>17.0</ele></trkpt>
    <trkpt lat="48.300020" lon="-4.556820"><ele>19.0</ele></trkpt>
    <trkpt lat="48.300470" lon="-4.556800"><ele>20.0</ele></trkpt>
    <trkpt lat="48.300640" lon="-4.556750"><ele>20.0</ele></trkpt>
    <trkpt lat="48.300760" lon="-4.556700"><ele>20.0</ele></trkpt>
    <trkpt lat="48.301330" lon="-4.556230"><ele>13.0</ele></trkpt>
    <trkpt lat="48.301550" lon="-4.556140"><ele>12.0</ele></trkpt>
    <trkpt lat="48.301900" lon="-4.556070"><ele>10.0</ele></trkpt>
    <trkpt lat="48.303420" lon="-4.556350"><ele>6.0</ele></trkpt>
    <trkpt lat="48.303620" lon="-4.556330"><ele>6.0</ele></trkpt>
    <trkpt lat="48.303850" lon="-4.556230"><ele>6.0</ele></trkpt>
    <trkpt lat="48.304770" lon="-4.555440"><ele>4.0</ele></trkpt>
    <trkpt lat="48.304980" lon="-4.555180"><ele>3.0</ele></trkpt>
    <trkpt lat="48.305120" lon="-4.554970"><ele>3.0</ele></trkpt>
    <trkpt lat="48.305960" lon="-4.553030"><ele>10.0</ele></trkpt>
    <trkpt lat="48.306340" lon="-4.552530"><ele>13.0</ele></trkpt>
    <trkpt lat="48.306570" lon="-4.552360"><ele>14.0</ele></trkpt>
    <trkpt lat="48.306720" lon="-4.552310"><ele>16.0</ele></trkpt>
    <trkpt lat="48.306880" lon="-4.554800"><ele>26.0</ele></trkpt>
    <trkpt lat="48.307150" lon="-4.554590"><ele>30.0</ele></trkpt>
    <trkpt lat="48.308190" lon="-4.554270"><ele>41.0</ele></trkpt>
    <trkpt lat="48.308170" lon="-4.554930"><ele>43.0</ele></trkpt>
    <trkpt lat="48.308210" lon="-4.555380"><ele>43.0</ele></trkpt>
    <trkpt lat="48.308440" lon="-4.555890"><ele>45.0</ele></trkpt>
    <trkpt lat="48.308810" lon="-4.555930"><ele>46.0</ele></trkpt>
    <trkpt lat="48.308920" lon="-4.556120"><ele>49.0</ele></trkpt>
    <trkpt lat="48.308940" lon="-4.557440"><ele>48.0</ele></trkpt>
    <trkpt lat="48.309410" lon="-4.557480"><ele>54.0</ele></trkpt>
    <trkpt lat="48.310190" lon="-4.557660"><ele>57.0</ele></trkpt>
    <trkpt lat="48.310930" lon="-4.557660"><ele>59.0</ele></trkpt>
    <trkpt lat="48.312180" lon="-4.557270"><ele>59.0</ele></trkpt>
    <trkpt lat="48.313860" lon="-4.556470"><ele>58.0</ele></trkpt>
    <trkpt lat="48.314700" lon="-4.556280"><ele>57.0</ele></trkpt>
    <trkpt lat="48.315200" lon="-4.555950"><ele>57.0</ele></trkpt>
    <trkpt lat="48.315460" lon="-4.555860"><ele>58.0</ele></trkpt>
    <trkpt lat="48.316980" lon="-4.555830"><ele>59.0</ele></trkpt>
    <trkpt lat="48.317240" lon="-4.555790"><ele>59.0</ele></trkpt>
    <trkpt lat="48.318050" lon="-4.555510"><ele>60.0</ele></trkpt>
    <trkpt lat="48.319210" lon="-4.555270"><ele>63.0</ele></trkpt>
    <trkpt lat="48.319470" lon="-4.555180"><ele>63.0</ele></trkpt>
    <trkpt lat="48.319590" lon="-4.555070"><ele>63.0</ele></trkpt>
    <trkpt lat="48.319850" lon="-4.555990"><ele>65.0</ele></trkpt>
    <trkpt lat="48.319940" lon="-4.556440"><ele>66.0</ele></trkpt>
    <trkpt lat="48.320050" lon="-4.557610"><ele>66.0</ele></trkpt>
    <trkpt lat="48.323080" lon="-4.556000"><ele>67.0</ele></trkpt>
    <trkpt lat="48.324850" lon="-4.553770"><ele>71.0</ele></trkpt>
    <trkpt lat="48.325260" lon="-4.553440"><ele>72.0</ele></trkpt>
    <trkpt lat="48.326410" lon="-4.553070"><ele>72.0</ele></trkpt>
    <trkpt lat="48.327620" lon="-4.552410"><ele>68.0</ele></trkpt>
    <trkpt lat="48.327470" lon="-4.551950"><ele>66.0</ele></trkpt>
    <trkpt lat="48.328190" lon="-4.551540"><ele>64.0</ele></trkpt>
    <trkpt lat="48.328190" lon="-4.550910"><ele>63.0</ele></trkpt>
    <trkpt lat="48.328420" lon="-4.549650"><ele>60.0</ele></trkpt>
    <trkpt lat="48.328530" lon="-4.548700"><ele>59.0</ele></trkpt>
    <trkpt lat="48.328510" lon="-4.548380"><ele>59.0</ele></trkpt>
    <trkpt lat="48.329000" lon="-4.547970"><ele>59.0</ele></trkpt>
    <trkpt lat="48.329600" lon="-4.547580"><ele>60.0</ele></trkpt>
    <trkpt lat="48.329750" lon="-4.547370"><ele>61.0</ele></trkpt>
    <trkpt lat="48.330270" lon="-4.546920"><ele>62.0</ele></trkpt>
    <trkpt lat="48.331000" lon="-4.546520"><ele>62.0</ele></trkpt>
    <trkpt lat="48.332260" lon="-4.545330"><ele>61.0</ele></trkpt>
    <trkpt lat="48.332240" lon="-4.544640"><ele>63.0</ele></trkpt>
    <trkpt lat="48.332330" lon="-4.544060"><ele>64.0</ele></trkpt>
    <trkpt lat="48.332330" lon="-4.543730"><ele>64.0</ele></trkpt>
    <trkpt lat="48.332240" lon="-4.543440"><ele>64.0</ele></trkpt>
    <trkpt lat="48.332370" lon="-4.543310"><ele>65.0</ele></trkpt>
    <trkpt lat="48.332740" lon="-4.543140"><ele>65.0</ele></trkpt>
    <trkpt lat="48.332920" lon="-4.542930"><ele>65.0</ele></trkpt>
    <trkpt lat="48.333010" lon="-4.542770"><ele>66.0</ele></trkpt>
    <trkpt lat="48.333580" lon="-4.542250"><ele>65.0</ele></trkpt>
    <trkpt lat="48.333300" lon="-4.541300"><ele>62.0</ele></trkpt>
    <trkpt lat="48.337790" lon="-4.538380"><ele>74.0</ele></trkpt>
    <trkpt lat="48.338180" lon="-4.538170"><ele>74.0</ele></trkpt>
    <trkpt lat="48.338650" lon="-4.538180"><ele>75.0</ele></trkpt>
    <trkpt lat="48.338940" lon="-4.537970"><ele>75.0</ele></trkpt>
    <trkpt lat="48.339160" lon="-4.538130"><ele>75.0</ele></trkpt>
    <trkpt lat="48.339670" lon="-4.537030"><ele>72.0</ele></trkpt>
    <trkpt lat="48.339750" lon="-4.536380"><ele>72.0</ele></trkpt>
    <trkpt lat="48.339710" lon="-4.536050"><ele>73.0</ele></trkpt>
    <trkpt lat="48.340070" lon="-4.535460"><ele>72.0</ele></trkpt>
    <trkpt lat="48.340370" lon="-4.534830"><ele>69.0</ele></trkpt>
    <trkpt lat="48.340780" lon="-4.534120"><ele>68.0</ele></trkpt>
    <trkpt lat="48.340980" lon="-4.533930"><ele>68.0</ele></trkpt>
    <trkpt lat="48.340990" lon="-4.534180"><ele>68.0</ele></trkpt>
    <trkpt lat="48.340880" lon="-4.534600"><ele>67.0</ele></trkpt>
    <trkpt lat="48.341030" lon="-4.534300"><ele>66.0</ele></trkpt>
    <trkpt lat="48.340970" lon="-4.534630"><ele>64.0</ele></trkpt>
    <trkpt lat="48.340990" lon="-4.534670"><ele>61.0</ele></trkpt>
    <trkpt lat="48.341060" lon="-4.534440"><ele>63.0</ele></trkpt>
    <trkpt lat="48.341120" lon="-4.534390"><ele>54.0</ele></trkpt>
    <trkpt lat="48.341070" lon="-4.534810"><ele>57.0</ele></trkpt>
    <trkpt lat="48.341110" lon="-4.534810"><ele>45.0</ele></trkpt>
    <trkpt lat="48.341150" lon="-4.534700"><ele>45.0</ele></trkpt>
    <trkpt lat="48.341200" lon="-4.534880"><ele>52.0</ele></trkpt>
    <trkpt lat="48.341220" lon="-4.534880"><ele>45.0</ele></trkpt>
    <trkpt lat="48.341220" lon="-4.534630"><ele>47.0</ele></trkpt>
    <trkpt lat="48.341310" lon="-4.534790"><ele>32.0</ele></trkpt>
    <trkpt lat="48.341360" lon="-4.534630"><ele>31.0</ele></trkpt>
    <trkpt lat="48.341400" lon="-4.534650"><ele>31.0</ele></trkpt>
    <trkpt lat="48.341450" lon="-4.534530"><ele>22.0</ele></trkpt>
    <trkpt lat="48.341570" lon="-4.534590"><ele>22.0</ele></trkpt>
    <trkpt lat="48.341420" lon="-4.535210"><ele>24.0</ele></trkpt>
    <trkpt lat="48.341430" lon="-4.535330"><ele>11.0</ele></trkpt>
    <trkpt lat="48.341400" lon="-4.535350"><ele>25.0</ele></trkpt>
    <trkpt lat="48.341300" lon="-4.535660"><ele>25.0</ele></trkpt>
    <trkpt lat="48.341180" lon="-4.535850"><ele>28.0</ele></trkpt>
    <trkpt lat="48.340990" lon="-4.536430"><ele>31.0</ele></trkpt>
    <trkpt lat="48.340840" lon="-4.536710"><ele>34.0</ele></trkpt>
    <trkpt lat="48.340850" lon="-4.536950"><ele>37.0</ele></trkpt>
    <trkpt lat="48.340500" lon="-4.538450"><ele>32.0</ele></trkpt>
    <trkpt lat="48.340380" lon="-4.538680"><ele>33.0</ele></trkpt>
    <trkpt lat="48.340360" lon="-4.538800"><ele>35.0</ele></trkpt>
    <trkpt lat="48.340270" lon="-4.538990"><ele>32.0</ele></trkpt>
    <trkpt lat="48.340220" lon="-4.539340"><ele>32.0</ele></trkpt>
    <trkpt lat="48.339990" lon="-4.539860"><ele>44.0</ele></trkpt>
    <trkpt lat="48.339870" lon="-4.540230"><ele>47.0</ele></trkpt>
    <trkpt lat="48.339880" lon="-4.540700"><ele>47.0</ele></trkpt>
    <trkpt lat="48.340050" lon="-4.541450"><ele>52.0</ele></trkpt>
    <trkpt lat="48.339980" lon="-4.541950"><ele>57.0</ele></trkpt>
    <trkpt lat="48.339880" lon="-4.542230"><ele>59.0</ele></trkpt>
    <trkpt lat="48.339770" lon="-4.542700"><ele>61.0</ele></trkpt>
    <trkpt lat="48.339530" lon="-4.542980"><ele>61.0</ele></trkpt>
    <trkpt lat="48.339310" lon="-4.543010"><ele>61.0</ele></trkpt>
    <trkpt lat="48.339290" lon="-4.543170"><ele>59.0</ele></trkpt>
    <trkpt lat="48.339210" lon="-4.543330"><ele>57.0</ele></trkpt>
    <trkpt lat="48.338820" lon="-4.543730"><ele>53.0</ele></trkpt>
    <trkpt lat="48.338480" lon="-4.543930"><ele>48.0</ele></trkpt>
    <trkpt lat="48.338380" lon="-4.544130"><ele>47.0</ele></trkpt>
    <trkpt lat="48.338180" lon="-4.544640"><ele>42.0</ele></trkpt>
    <trkpt lat="48.338140" lon="-4.544970"><ele>39.0</ele></trkpt>
    <trkpt lat="48.338190" lon="-4.545310"><ele>37.0</ele></trkpt>
    <trkpt lat="48.338180" lon="-4.545680"><ele>32.0</ele></trkpt>
    <trkpt lat="48.338000" lon="-4.545960"><ele>32.0</ele></trkpt>
    <trkpt lat="48.338040" lon="-4.546260"><ele>35.0</ele></trkpt>
    <trkpt lat="48.337760" lon="-4.546580"><ele>39.0</ele></trkpt>
    <trkpt lat="48.337790" lon="-4.546680"><ele>40.0</ele></trkpt>
    <trkpt lat="48.337720" lon="-4.547150"><ele>47.0</ele></trkpt>
    <trkpt lat="48.337630" lon="-4.547410"><ele>50.0</ele></trkpt>
    <trkpt lat="48.337460" lon="-4.548920"><ele>59.0</ele></trkpt>
    <trkpt lat="48.337350" lon="-4.550240"><ele>63.0</ele></trkpt>
    <trkpt lat="48.337110" lon="-4.551850"><ele>65.0</ele></trkpt>
    <trkpt lat="48.337240" lon="-4.551890"><ele>65.0</ele></trkpt>
    <trkpt lat="48.337460" lon="-4.552410"><ele>67.0</ele></trkpt>
    <trkpt lat="48.337480" lon="-4.552880"><ele>66.0</ele></trkpt>
    <trkpt lat="48.337520" lon="-4.553030"><ele>65.0</ele></trkpt>
    <trkpt lat="48.337280" lon="-4.553700"><ele>65.0</ele></trkpt>
    <trkpt lat="48.337190" lon="-4.553840"><ele>66.0</ele></trkpt>
    <trkpt lat="48.337050" lon="-4.553910"><ele>65.0</ele></trkpt>
    <trkpt lat="48.336430" lon="-4.553980"><ele>68.0</ele></trkpt>
    <trkpt lat="48.336260" lon="-4.554550"><ele>68.0</ele></trkpt>
    <trkpt lat="48.336430" lon="-4.554780"><ele>67.0</ele></trkpt>
    <trkpt lat="48.336420" lon="-4.554900"><ele>66.0</ele></trkpt>
    <trkpt lat="48.336180" lon="-4.555110"><ele>66.0</ele></trkpt>
    <trkpt lat="48.336030" lon="-4.555340"><ele>65.0</ele></trkpt>
    <trkpt lat="48.335820" lon="-4.555390"><ele>65.0</ele></trkpt>
    <trkpt lat="48.335780" lon="-4.555440"><ele>65.0</ele></trkpt>
    <trkpt lat="48.335730" lon="-4.555650"><ele>65.0</ele></trkpt>
    <trkpt lat="48.335620" lon="-4.555760"><ele>63.0</ele></trkpt>
    <trkpt lat="48.335370" lon="-4.555880"><ele>61.0</ele></trkpt>
    <trkpt lat="48.335140" lon="-4.556210"><ele>56.0</ele></trkpt>
    <trkpt lat="48.335090" lon="-4.556330"><ele>58.0</ele></trkpt>
    <trkpt lat="48.335020" lon="-4.556350"><ele>58.0</ele></trkpt>
    <trkpt lat="48.334900" lon="-4.556510"><ele>54.0</ele></trkpt>
    <trkpt lat="48.334900" lon="-4.556560"><ele>54.0</ele></trkpt>
    <trkpt lat="48.334810" lon="-4.556610"><ele>54.0</ele></trkpt>
    <trkpt lat="48.334870" lon="-4.557170"><ele>55.0</ele></trkpt>
    <trkpt lat="48.334840" lon="-4.557310"><ele>55.0</ele></trkpt>
    <trkpt lat="48.334800" lon="-4.557410"><ele>54.0</ele></trkpt>
    <trkpt lat="48.334650" lon="-4.557570"><ele>58.0</ele></trkpt>
    <trkpt lat="48.334620" lon="-4.557880"><ele>58.0</ele></trkpt>
    <trkpt lat="48.334330" lon="-4.558320"><ele>62.0</ele></trkpt>
    <trkpt lat="48.334210" lon="-4.558440"><ele>62.0</ele></trkpt>
    <trkpt lat="48.334210" lon="-4.558580"><ele>62.0</ele></trkpt>
    <trkpt lat="48.334050" lon="-4.558910"><ele>61.0</ele></trkpt>
    <trkpt lat="48.333970" lon="-4.559260"><ele>61.0</ele></trkpt>
    <trkpt lat="48.333780" lon="-4.559780"><ele>60.0</ele></trkpt>
    <trkpt lat="48.333420" lon="-4.560080"><ele>59.0</ele></trkpt>
    <trkpt lat="48.333340" lon="-4.560200"><ele>58.0</ele></trkpt>
    <trkpt lat="48.333290" lon="-4.560200"><ele>58.0</ele></trkpt>
    <trkpt lat="48.333070" lon="-4.560530"><ele>57.0</ele></trkpt>
    <trkpt lat="48.333000" lon="-4.560780"><ele>58.0</ele></trkpt>
    <trkpt lat="48.332470" lon="-4.561250"><ele>59.0</ele></trkpt>
    <trkpt lat="48.332440" lon="-4.561350"><ele>58.0</ele></trkpt>
    <trkpt lat="48.332230" lon="-4.561440"><ele>60.0</ele></trkpt>
    <trkpt lat="48.332220" lon="-4.561490"><ele>60.0</ele></trkpt>
    <trkpt lat="48.332290" lon="-4.561630"><ele>59.0</ele></trkpt>
    <trkpt lat="48.332250" lon="-4.561700"><ele>57.0</ele></trkpt>
    <trkpt lat="48.332240" lon="-4.561820"><ele>57.0</ele></trkpt>
    <trkpt lat="48.332210" lon="-4.561860"><ele>58.0</ele></trkpt>
    <trkpt lat="48.332060" lon="-4.561860"><ele>58.0</ele></trkpt>
    <trkpt lat="48.331550" lon="-4.562360"><ele>59.0</ele></trkpt>
    <trkpt lat="48.331370" lon="-4.562680"><ele>58.0</ele></trkpt>
    <trkpt lat="48.331350" lon="-4.562830"><ele>55.0</ele></trkpt>
    <trkpt lat="48.331000" lon="-4.563150"><ele>54.0</ele></trkpt>
    <trkpt lat="48.330930" lon="-4.563320"><ele>54.0</ele></trkpt>
    <trkpt lat="48.330850" lon="-4.563690"><ele>55.0</ele></trkpt>
    <trkpt lat="48.330860" lon="-4.563810"><ele>57.0</ele></trkpt>
    <trkpt lat="48.330760" lon="-4.564000"><ele>60.0</ele></trkpt>
    <trkpt lat="48.330620" lon="-4.564440"><ele>59.0</ele></trkpt>
    <trkpt lat="48.330530" lon="-4.564980"><ele>61.0</ele></trkpt>
    <trkpt lat="48.330510" lon="-4.565340"><ele>61.0</ele></trkpt>
    <trkpt lat="48.330410" lon="-4.565620"><ele>61.0</ele></trkpt>
    <trkpt lat="48.330340" lon="-4.565690"><ele>61.0</ele></trkpt>
    <trkpt lat="48.330250" lon="-4.565920"><ele>63.0</ele></trkpt>
    <trkpt lat="48.330250" lon="-4.566510"><ele>63.0</ele></trkpt>
    <trkpt lat="48.330220" lon="-4.566630"><ele>63.0</ele></trkpt>
    <trkpt lat="48.330120" lon="-4.566770"><ele>63.0</ele></trkpt>
    <trkpt lat="48.330070" lon="-4.566790"><ele>64.0</ele></trkpt>
    <trkpt lat="48.330040" lon="-4.567450"><ele>64.0</ele></trkpt>
    <trkpt lat="48.329940" lon="-4.567800"><ele>64.0</ele></trkpt>
    <trkpt lat="48.329930" lon="-4.568880"><ele>65.0</ele></trkpt>
    <trkpt lat="48.329890" lon="-4.569420"><ele>65.0</ele></trkpt>
    <trkpt lat="48.329920" lon="-4.569690"><ele>65.0</ele></trkpt>
    <trkpt lat="48.329460" lon="-4.569770"><ele>64.0</ele></trkpt>
    <trkpt lat="48.329130" lon="-4.569500"><ele>65.0</ele></trkpt>
    <trkpt lat="48.328930" lon="-4.569630"><ele>64.0</ele></trkpt>
    <trkpt lat="48.328870" lon="-4.569750"><ele>62.0</ele></trkpt>
    <trkpt lat="48.328680" lon="-4.569910"><ele>61.0</ele></trkpt>
    <trkpt lat="48.328590" lon="-4.570050"><ele>60.0</ele></trkpt>
    <trkpt lat="48.328570" lon="-4.570190"><ele>58.0</ele></trkpt>
    <trkpt lat="48.328440" lon="-4.570300"><ele>53.0</ele></trkpt>
    <trkpt lat="48.328170" lon="-4.570030"><ele>58.0</ele></trkpt>
    <trkpt lat="48.328080" lon="-4.569900"><ele>58.0</ele></trkpt>
    <trkpt lat="48.328000" lon="-4.569610"><ele>59.0</ele></trkpt>
    <trkpt lat="48.327910" lon="-4.569490"><ele>59.0</ele></trkpt>
    <trkpt lat="48.327760" lon="-4.569390"><ele>59.0</ele></trkpt>
    <trkpt lat="48.327720" lon="-4.569300"><ele>59.0</ele></trkpt>
    <trkpt lat="48.327400" lon="-4.569490"><ele>56.0</ele></trkpt>
    <trkpt lat="48.326810" lon="-4.569980"><ele>54.0</ele></trkpt>
    <trkpt lat="48.326740" lon="-4.570310"><ele>52.0</ele></trkpt>
    <trkpt lat="48.326450" lon="-4.570710"><ele>50.0</ele></trkpt>
    <trkpt lat="48.326430" lon="-4.570900"><ele>51.0</ele></trkpt>
    <trkpt lat="48.325930" lon="-4.571410"><ele>48.0</ele></trkpt>
    <trkpt lat="48.325680" lon="-4.571580"><ele>48.0</ele></trkpt>
    <trkpt lat="48.325610" lon="-4.571720"><ele>45.0</ele></trkpt>
    <trkpt lat="48.325610" lon="-4.572070"><ele>45.0</ele></trkpt>
    <trkpt lat="48.325280" lon="-4.572750"><ele>54.0</ele></trkpt>
    <trkpt lat="48.325360" lon="-4.573150"><ele>56.0</ele></trkpt>
    <trkpt lat="48.325130" lon="-4.574020"><ele>59.0</ele></trkpt>
    <trkpt lat="48.325010" lon="-4.574090"><ele>61.0</ele></trkpt>
    <trkpt lat="48.324940" lon="-4.574270"><ele>61.0</ele></trkpt>
    <trkpt lat="48.324750" lon="-4.574160"><ele>61.0</ele></trkpt>
    <trkpt lat="48.324870" lon="-4.574510"><ele>61.0</ele></trkpt>
    <trkpt lat="48.324910" lon="-4.574720"><ele>62.0</ele></trkpt>
    <trkpt lat="48.324910" lon="-4.574910"><ele>61.0</ele></trkpt>
    <trkpt lat="48.324870" lon="-4.575070"><ele>61.0</ele></trkpt>
    <trkpt lat="48.324700" lon="-4.575420"><ele>58.0</ele></trkpt>
    <trkpt lat="48.324550" lon="-4.575850"><ele>58.0</ele></trkpt>
    <trkpt lat="48.324140" lon="-4.576390"><ele>61.0</ele></trkpt>
    <trkpt lat="48.324050" lon="-4.576460"><ele>62.0</ele></trkpt>
    <trkpt lat="48.323910" lon="-4.576530"><ele>62.0</ele></trkpt>
    <trkpt lat="48.323560" lon="-4.576320"><ele>63.0</ele></trkpt>
    <trkpt lat="48.323530" lon="-4.576340"><ele>63.0</ele></trkpt>
    <trkpt lat="48.322280" lon="-4.575790"><ele>66.0</ele></trkpt>
    <trkpt lat="48.322000" lon="-4.576360"><ele>64.0</ele></trkpt>
    <trkpt lat="48.321200" lon="-4.577000"><ele>63.0</ele></trkpt>
    <trkpt lat="48.320780" lon="-4.576970"><ele>63.0</ele></trkpt>
    <trkpt lat="48.320670" lon="-4.576900"><ele>64.0</ele></trkpt>
    <trkpt lat="48.318810" lon="-4.577820"><ele>63.0</ele></trkpt>
    <trkpt lat="48.318730" lon="-4.577820"><ele>62.0</ele></trkpt>
    <trkpt lat="48.318540" lon="-4.577720"><ele>63.0</ele></trkpt>
    <trkpt lat="48.318360" lon="-4.577510"><ele>64.0</ele></trkpt>
    <trkpt lat="48.317900" lon="-4.576770"><ele>65.0</ele></trkpt>
    <trkpt lat="48.317400" lon="-4.575610"><ele>66.0</ele></trkpt>
    <trkpt lat="48.316750" lon="-4.575240"><ele>66.0</ele></trkpt>
    <trkpt lat="48.316690" lon="-4.575170"><ele>64.0</ele></trkpt>
    <trkpt lat="48.316750" lon="-4.574850"><ele>66.0</ele></trkpt>
    <trkpt lat="48.316660" lon="-4.574840"><ele>66.0</ele></trkpt>
    <trkpt lat="48.316620" lon="-4.575000"><ele>66.0</ele></trkpt>
    <trkpt lat="48.316530" lon="-4.575100"><ele>64.0</ele></trkpt>
    <trkpt lat="48.316450" lon="-4.575310"><ele>66.0</ele></trkpt>
    <trkpt lat="48.316390" lon="-4.575380"><ele>66.0</ele></trkpt>
    <trkpt lat="48.316270" lon="-4.575380"><ele>66.0</ele></trkpt>
    <trkpt lat="48.316070" lon="-4.575540"><ele>65.0</ele></trkpt>
    <trkpt lat="48.315670" lon="-4.575540"><ele>65.0</ele></trkpt>
    <trkpt lat="48.315520" lon="-4.575490"><ele>65.0</ele></trkpt>
    <trkpt lat="48.315330" lon="-4.575350"><ele>65.0</ele></trkpt>
    <trkpt lat="48.315300" lon="-4.575260"><ele>58.0</ele></trkpt>
    <trkpt lat="48.315200" lon="-4.575140"><ele>64.0</ele></trkpt>
    <trkpt lat="48.314880" lon="-4.574960"><ele>64.0</ele></trkpt>
    <trkpt lat="48.314340" lon="-4.574300"><ele>64.0</ele></trkpt>
    <trkpt lat="48.313790" lon="-4.573900"><ele>63.0</ele></trkpt>
    <trkpt lat="48.313640" lon="-4.573710"><ele>63.0</ele></trkpt>
    <trkpt lat="48.313360" lon="-4.573500"><ele>61.0</ele></trkpt>
    <trkpt lat="48.313270" lon="-4.573280"><ele>60.0</ele></trkpt>
    <trkpt lat="48.313080" lon="-4.573050"><ele>60.0</ele></trkpt>
    <trkpt lat="48.312970" lon="-4.572980"><ele>61.0</ele></trkpt>
    <trkpt lat="48.312580" lon="-4.573080"><ele>59.0</ele></trkpt>
    <trkpt lat="48.312300" lon="-4.573200"><ele>58.0</ele></trkpt>
    <trkpt lat="48.311850" lon="-4.573010"><ele>56.0</ele></trkpt>
    <trkpt lat="48.311740" lon="-4.573040"><ele>56.0</ele></trkpt>
    <trkpt lat="48.311680" lon="-4.573200"><ele>55.0</ele></trkpt>
    <trkpt lat="48.311100" lon="-4.573640"><ele>51.0</ele></trkpt>
    <trkpt lat="48.310690" lon="-4.573570"><ele>49.0</ele></trkpt>
    <trkpt lat="48.310220" lon="-4.573290"><ele>45.0</ele></trkpt>
    <trkpt lat="48.309940" lon="-4.573010"><ele>41.0</ele></trkpt>
    <trkpt lat="48.309780" lon="-4.572910"><ele>38.0</ele></trkpt>
    <trkpt lat="48.309540" lon="-4.572940"><ele>36.0</ele></trkpt>
    <trkpt lat="48.309320" lon="-4.572800"><ele>33.0</ele></trkpt>
    <trkpt lat="48.309260" lon="-4.572800"><ele>31.0</ele></trkpt>
    <trkpt lat="48.309050" lon="-4.573010"><ele>26.0</ele></trkpt>
    <trkpt lat="48.308850" lon="-4.573130"><ele>27.0</ele></trkpt>
    <trkpt lat="48.308170" lon="-4.573320"><ele>25.0</ele></trkpt>
    <trkpt lat="48.308110" lon="-4.573190"><ele>26.0</ele></trkpt>
    <trkpt lat="48.308020" lon="-4.572650"><ele>28.0</ele></trkpt>
    <trkpt lat="48.307960" lon="-4.572650"><ele>28.0</ele></trkpt>
    <trkpt lat="48.307890" lon="-4.572520"><ele>28.0</ele></trkpt>
    <trkpt lat="48.307880" lon="-4.572170"><ele>24.0</ele></trkpt>
    <trkpt lat="48.307820" lon="-4.571890"><ele>24.0</ele></trkpt>
    <trkpt lat="48.307740" lon="-4.572260"><ele>17.0</ele></trkpt>
    <trkpt lat="48.307680" lon="-4.572400"><ele>19.0</ele></trkpt>
    <trkpt lat="48.307610" lon="-4.572280"><ele>17.0</ele></trkpt>
    <trkpt lat="48.307640" lon="-4.571870"><ele>14.0</ele></trkpt>
    <trkpt lat="48.307590" lon="-4.571880"><ele>8.0</ele></trkpt>
    <trkpt lat="48.307520" lon="-4.572050"><ele>12.0</ele></trkpt>
    <trkpt lat="48.307470" lon="-4.572030"><ele>9.0</ele></trkpt>
    <trkpt lat="48.307290" lon="-4.571790"><ele>12.0</ele></trkpt>
    <trkpt lat="48.306970" lon="-4.571720"><ele>12.0</ele></trkpt>
    <trkpt lat="48.306820" lon="-4.571370"><ele>19.0</ele></trkpt>
    <trkpt lat="48.306800" lon="-4.571180"><ele>28.0</ele></trkpt>
    <trkpt lat="48.306750" lon="-4.571040"><ele>30.0</ele></trkpt>
    <trkpt lat="48.306390" lon="-4.571300"><ele>34.0</ele></trkpt>
    <trkpt lat="48.306280" lon="-4.571320"><ele>34.0</ele></trkpt>
    <trkpt lat="48.306250" lon="-4.571110"><ele>36.0</ele></trkpt>
    <trkpt lat="48.306160" lon="-4.570970"><ele>39.0</ele></trkpt>
    <trkpt lat="48.306140" lon="-4.570800"><ele>40.0</ele></trkpt>
    <trkpt lat="48.306110" lon="-4.570760"><ele>40.0</ele></trkpt>
    <trkpt lat="48.305710" lon="-4.570360"><ele>43.0</ele></trkpt>
    <trkpt lat="48.304720" lon="-4.569630"><ele>50.0</ele></trkpt>
    <trkpt lat="48.304510" lon="-4.569680"><ele>51.0</ele></trkpt>
    <trkpt lat="48.304290" lon="-4.569650"><ele>52.0</ele></trkpt>
    <trkpt lat="48.303840" lon="-4.569840"><ele>53.0</ele></trkpt>
    <trkpt lat="48.303520" lon="-4.569910"><ele>53.0</ele></trkpt>
    <trkpt lat="48.303370" lon="-4.570050"><ele>54.0</ele></trkpt>
    <trkpt lat="48.303030" lon="-4.570150"><ele>53.0</ele></trkpt>
    <trkpt lat="48.302530" lon="-4.570100"><ele>54.0</ele></trkpt>
    <trkpt lat="48.302070" lon="-4.570150"><ele>54.0</ele></trkpt>
    <trkpt lat="48.301920" lon="-4.570120"><ele>55.0</ele></trkpt>
    <trkpt lat="48.301700" lon="-4.569980"><ele>57.0</ele></trkpt>
    <trkpt lat="48.301500" lon="-4.569960"><ele>58.0</ele></trkpt>
    <trkpt lat="48.301210" lon="-4.570100"><ele>59.0</ele></trkpt>
    <trkpt lat="48.300980" lon="-4.570120"><ele>59.0</ele></trkpt>
    <trkpt lat="48.300920" lon="-4.570030"><ele>57.0</ele></trkpt>
    <trkpt lat="48.300730" lon="-4.569200"><ele>60.0</ele></trkpt>
    <trkpt lat="48.300590" lon="-4.569070"><ele>61.0</ele></trkpt>
    <trkpt lat="48.300440" lon="-4.568530"><ele>61.0</ele></trkpt>
    <trkpt lat="48.300400" lon="-4.568200"><ele>62.0</ele></trkpt>
    <trkpt lat="48.300550" lon="-4.567750"><ele>62.0</ele></trkpt>
    <trkpt lat="48.300620" lon="-4.567170"><ele>62.0</ele></trkpt>
    <trkpt lat="48.300690" lon="-4.566860"><ele>62.0</ele></trkpt>
    <trkpt lat="48.300670" lon="-4.566790"><ele>62.0</ele></trkpt>
    <trkpt lat="48.300580" lon="-4.566700"><ele>62.0</ele></trkpt>
    <trkpt lat="48.300570" lon="-4.566490"><ele>62.0</ele></trkpt>
    <trkpt lat="48.300530" lon="-4.566340"><ele>62.0</ele></trkpt>
    <trkpt lat="48.300400" lon="-4.566180"><ele>62.0</ele></trkpt>
    <trkpt lat="48.300350" lon="-4.565990"><ele>62.0</ele></trkpt>
    <trkpt lat="48.300600" lon="-4.565850"><ele>62.0</ele></trkpt>
    <trkpt lat="48.300680" lon="-4.565710"><ele>62.0</ele></trkpt>
    <trkpt lat="48.300700" lon="-4.565500"><ele>62.0</ele></trkpt>
    <trkpt lat="48.300560" lon="-4.564800"><ele>62.0</ele></trkpt>
    <trkpt lat="48.300590" lon="-4.564610"><ele>62.0</ele></trkpt>
    <trkpt lat="48.301070" lon="-4.563740"><ele>60.0</ele></trkpt>
    <trkpt lat="48.301150" lon="-4.563540"><ele>58.0</ele></trkpt>
    <trkpt lat="48.301130" lon="-4.563370"><ele>58.0</ele></trkpt>
    <trkpt lat="48.301080" lon="-4.563250"><ele>60.0</ele></trkpt>
    <trkpt lat="48.300800" lon="-4.562900"><ele>58.0</ele></trkpt>
    <trkpt lat="48.300310" lon="-4.562350"><ele>59.0</ele></trkpt>
    <trkpt lat="48.300020" lon="-4.562030"><ele>58.0</ele></trkpt>
    <trkpt lat="48.299720" lon="-4.561790"><ele>58.0</ele></trkpt>
    <trkpt lat="48.299580" lon="-4.561790"><ele>57.0</ele></trkpt>
    <trkpt lat="48.298760" lon="-4.562160"><ele>57.0</ele></trkpt>
    <trkpt lat="48.298580" lon="-4.562170"><ele>56.0</ele></trkpt>
    <trkpt lat="48.298410" lon="-4.562080"><ele>56.0</ele></trkpt>
    <trkpt lat="48.297730" lon="-4.561320"><ele>53.0</ele></trkpt>
    <trkpt lat="48.297580" lon="-4.561270"><ele>51.0</ele></trkpt>
    <trkpt lat="48.297440" lon="-4.561280"><ele>52.0</ele></trkpt>
    <trkpt lat="48.297290" lon="-4.561370"><ele>50.0</ele></trkpt>
    <trkpt lat="48.297200" lon="-4.561560"><ele>51.0</ele></trkpt>
    <trkpt lat="48.296810" lon="-4.563060"><ele>49.0</ele></trkpt>
    <trkpt lat="48.296710" lon="-4.563250"><ele>49.0</ele></trkpt>
    <trkpt lat="48.296100" lon="-4.563740"><ele>48.0</ele></trkpt>
    <trkpt lat="48.295980" lon="-4.563780"><ele>48.0</ele></trkpt>
    <trkpt lat="48.295880" lon="-4.563720"><ele>50.0</ele></trkpt>
    <trkpt lat="48.295630" lon="-4.563440"><ele>47.0</ele></trkpt>
    <trkpt lat="48.295550" lon="-4.563400"><ele>46.0</ele></trkpt>
    <trkpt lat="48.295150" lon="-4.563600"><ele>46.0</ele></trkpt>
    <trkpt lat="48.295010" lon="-4.563620"><ele>44.0</ele></trkpt>
    <trkpt lat="48.293440" lon="-4.563600"><ele>33.0</ele></trkpt>
    <trkpt lat="48.293100" lon="-4.563720"><ele>31.0</ele></trkpt>
    <trkpt lat="48.292890" lon="-4.563860"><ele>27.0</ele></trkpt>
    <trkpt lat="48.292460" lon="-4.564300"><ele>26.0</ele></trkpt>
    <trkpt lat="48.291200" lon="-4.565220"><ele>19.0</ele></trkpt>
    <trkpt lat="48.290580" lon="-4.565520"><ele>16.0</ele></trkpt>
    <trkpt lat="48.289770" lon="-4.565820"><ele>12.0</ele></trkpt>
    <trkpt lat="48.289350" lon="-4.565890"><ele>10.0</ele></trkpt>
    <trkpt lat="48.288100" lon="-4.565620"><ele>8.0</ele></trkpt>
    <trkpt lat="48.288170" lon="-4.565950"><ele>7.0</ele></trkpt>
    <trkpt lat="48.287630" lon="-4.566020"><ele>5.0</ele></trkpt>
    <trkpt lat="48.287150" lon="-4.566230"><ele>5.0</ele></trkpt>
    <trkpt lat="48.286450" lon="-4.566430"><ele>5.0</ele></trkpt>
    <trkpt lat="48.286220" lon="-4.566580"><ele>5.0</ele></trkpt>
    <trkpt lat="48.285960" lon="-4.566910"><ele>7.0</ele></trkpt>
    <trkpt lat="48.285600" lon="-4.566930"><ele>14.0</ele></trkpt>
    <trkpt lat="48.285220" lon="-4.567190"><ele>17.0</ele></trkpt>
    <trkpt lat="48.284600" lon="-4.567260"><ele>17.0</ele></trkpt>
    <trkpt lat="48.284170" lon="-4.567460"><ele>17.0</ele></trkpt>
    <trkpt lat="48.284160" lon="-4.567990"><ele>17.0</ele></trkpt>
    <trkpt lat="48.284050" lon="-4.568320"><ele>16.0</ele></trkpt>
    <trkpt lat="48.283960" lon="-4.568430"><ele>14.0</ele></trkpt>
    <trkpt lat="48.283520" lon="-4.568530"><ele>13.0</ele></trkpt>
    <trkpt lat="48.283260" lon="-4.568970"><ele>13.0</ele></trkpt>
    <trkpt lat="48.283070" lon="-4.569210"><ele>11.0</ele></trkpt>
    <trkpt lat="48.282220" lon="-4.569720"><ele>6.0</ele></trkpt>
    <trkpt lat="48.281910" lon="-4.570170"><ele>6.0</ele></trkpt>
    <trkpt lat="48.281770" lon="-4.570540"><ele>6.0</ele></trkpt>
    <trkpt lat="48.281440" lon="-4.571170"><ele>5.0</ele></trkpt>
    <trkpt lat="48.281320" lon="-4.571320"><ele>7.0</ele></trkpt>
    <trkpt lat="48.280880" lon="-4.571340"><ele>8.0</ele></trkpt>
    <trkpt lat="48.280830" lon="-4.571390"><ele>8.0</ele></trkpt>
    <trkpt lat="48.280880" lon="-4.571340"><ele>8.0</ele></trkpt>
    <trkpt lat="48.281160" lon="-4.571330"><ele>8.0</ele></trkpt>
    <trkpt lat="48.281150" lon="-4.571460"><ele>8.0</ele></trkpt>
    <trkpt lat="48.281410" lon="-4.571610"><ele>11.0</ele></trkpt>
    <trkpt lat="48.281430" lon="-4.572140"><ele>13.0</ele></trkpt>
    <trkpt lat="48.281410" lon="-4.572980"><ele>19.0</ele></trkpt>
    <trkpt lat="48.281440" lon="-4.573310"><ele>23.0</ele></trkpt>
    <trkpt lat="48.281530" lon="-4.573360"><ele>25.0</ele></trkpt>
    <trkpt lat="48.281780" lon="-4.573360"><ele>25.0</ele></trkpt>
    <trkpt lat="48.281870" lon="-4.573410"><ele>26.0</ele></trkpt>
    <trkpt lat="48.282030" lon="-4.574060"><ele>24.0</ele></trkpt>
    <trkpt lat="48.282020" lon="-4.574180"><ele>24.0</ele></trkpt>
    <trkpt lat="48.281860" lon="-4.574370"><ele>20.0</ele></trkpt>
    <trkpt lat="48.281720" lon="-4.574370"><ele>26.0</ele></trkpt>
    <trkpt lat="48.281330" lon="-4.574490"><ele>25.0</ele></trkpt>
    <trkpt lat="48.281250" lon="-4.574440"><ele>25.0</ele></trkpt>
    <trkpt lat="48.281050" lon="-4.574560"><ele>26.0</ele></trkpt>
    <trkpt lat="48.280990" lon="-4.574630"><ele>28.0</ele></trkpt>
    <trkpt lat="48.280980" lon="-4.574720"><ele>28.0</ele></trkpt>
    <trkpt lat="48.280760" lon="-4.574970"><ele>28.0</ele></trkpt>
    <trkpt lat="48.280310" lon="-4.575240"><ele>22.0</ele></trkpt>
    <trkpt lat="48.280260" lon="-4.575330"><ele>21.0</ele></trkpt>
    <trkpt lat="48.280100" lon="-4.575380"><ele>19.0</ele></trkpt>
    <trkpt lat="48.279980" lon="-4.575330"><ele>16.0</ele></trkpt>
    <trkpt lat="48.279780" lon="-4.575520"><ele>14.0</ele></trkpt>
    <trkpt lat="48.279300" lon="-4.575730"><ele>11.0</ele></trkpt>
    <trkpt lat="48.279210" lon="-4.575820"><ele>11.0</ele></trkpt>
    <trkpt lat="48.279150" lon="-4.575850"><ele>11.0</ele></trkpt>
    <trkpt lat="48.279100" lon="-4.575780"><ele>11.0</ele></trkpt>
    <trkpt lat="48.278950" lon="-4.576030"><ele>12.0</ele></trkpt>
    <trkpt lat="48.278890" lon="-4.576320"><ele>12.0</ele></trkpt>
    <trkpt lat="48.278690" lon="-4.576760"><ele>13.0</ele></trkpt>
    <trkpt lat="48.278510" lon="-4.576900"><ele>13.0</ele></trkpt>
    <trkpt lat="48.278220" lon="-4.577280"><ele>14.0</ele></trkpt>
    <trkpt lat="48.278130" lon="-4.577680"><ele>13.0</ele></trkpt>
    <trkpt lat="48.278040" lon="-4.577890"><ele>12.0</ele></trkpt>
    <trkpt lat="48.277930" lon="-4.577890"><ele>16.0</ele></trkpt>
    <trkpt lat="48.277820" lon="-4.578010"><ele>13.0</ele></trkpt>
    <trkpt lat="48.277740" lon="-4.577980"><ele>20.0</ele></trkpt>
    <trkpt lat="48.277560" lon="-4.578220"><ele>17.0</ele></trkpt>
    <trkpt lat="48.277460" lon="-4.578450"><ele>17.0</ele></trkpt>
    <trkpt lat="48.277500" lon="-4.578570"><ele>15.0</ele></trkpt>
    <trkpt lat="48.277470" lon="-4.578690"><ele>15.0</ele></trkpt>
    <trkpt lat="48.277490" lon="-4.578760"><ele>12.0</ele></trkpt>
    <trkpt lat="48.277440" lon="-4.578970"><ele>7.0</ele></trkpt>
    <trkpt lat="48.277250" lon="-4.579130"><ele>7.0</ele></trkpt>
    <trkpt lat="48.277180" lon="-4.579250"><ele>7.0</ele></trkpt>
    <trkpt lat="48.277130" lon="-4.579440"><ele>7.0</ele></trkpt>
    <trkpt lat="48.276880" lon="-4.579950"><ele>8.0</ele></trkpt>
    <trkpt lat="48.276760" lon="-4.579990"><ele>8.0</ele></trkpt>
    <trkpt lat="48.276690" lon="-4.579930"><ele>15.0</ele></trkpt>
    <trkpt lat="48.276660" lon="-4.579980"><ele>15.0</ele></trkpt>
    <trkpt lat="48.276620" lon="-4.580300"><ele>19.0</ele></trkpt>
    <trkpt lat="48.276460" lon="-4.580350"><ele>22.0</ele></trkpt>
    <trkpt lat="48.276070" lon="-4.580330"><ele>26.0</ele></trkpt>
    <trkpt lat="48.275980" lon="-4.580380"><ele>28.0</ele></trkpt>
    <trkpt lat="48.275960" lon="-4.580940"><ele>29.0</ele></trkpt>
    <trkpt lat="48.275760" lon="-4.581750"><ele>33.0</ele></trkpt>
    <trkpt lat="48.275290" lon="-4.582590"><ele>38.0</ele></trkpt>
    <trkpt lat="48.274960" lon="-4.582900"><ele>41.0</ele></trkpt>
    <trkpt lat="48.274510" lon="-4.583580"><ele>45.0</ele></trkpt>
    <trkpt lat="48.273850" lon="-4.584810"><ele>47.0</ele></trkpt>
    <trkpt lat="48.275480" lon="-4.584750"><ele>34.0</ele></trkpt>
    <trkpt lat="48.275330" lon="-4.585510"><ele>35.0</ele></trkpt>
    <trkpt lat="48.275120" lon="-4.586290"><ele>37.0</ele></trkpt>
    <trkpt lat="48.274720" lon="-4.587370"><ele>36.0</ele></trkpt>
    <trkpt lat="48.274240" lon="-4.588330"><ele>35.0</ele></trkpt>
    <trkpt lat="48.274180" lon="-4.588560"><ele>33.0</ele></trkpt>
    <trkpt lat="48.274200" lon="-4.588800"><ele>31.0</ele></trkpt>
    <trkpt lat="48.274520" lon="-4.589950"><ele>22.0</ele></trkpt>
    <trkpt lat="48.274600" lon="-4.591070"><ele>14.0</ele></trkpt>
    <trkpt lat="48.274710" lon="-4.591610"><ele>14.0</ele></trkpt>
    <trkpt lat="48.274680" lon="-4.591850"><ele>13.0</ele></trkpt>
    <trkpt lat="48.274650" lon="-4.591900"><ele>14.0</ele></trkpt>
    <trkpt lat="48.274980" lon="-4.592760"><ele>7.0</ele></trkpt>
    <trkpt lat="48.275530" lon="-4.594540"><ele>4.0</ele></trkpt>
    <trkpt lat="48.276370" lon="-4.595410"><ele>4.0</ele></trkpt>
    <trkpt lat="48.276550" lon="-4.595530"><ele>4.0</ele></trkpt>
    <trkpt lat="48.277140" lon="-4.596200"><ele>4.0</ele></trkpt>
    <trkpt lat="48.277630" lon="-4.596630"><ele>4.0</ele></trkpt>
    <trkpt lat="48.279080" lon="-4.597620"><ele>5.0</ele></trkpt>
    <trkpt lat="48.279230" lon="-4.597650"><ele>4.0</ele></trkpt>
    <trkpt lat="48.279230" lon="-4.597710"><ele>7.0</ele></trkpt>
    <trkpt lat="48.279870" lon="-4.598600"><ele>6.0</ele></trkpt>
    <trkpt lat="48.280220" lon="-4.598940"><ele>6.0</ele></trkpt>
    <trkpt lat="48.280260" lon="-4.598910"><ele>6.0</ele></trkpt>
    <trkpt lat="48.280310" lon="-4.598980"><ele>5.0</ele></trkpt>
    <trkpt lat="48.280570" lon="-4.598980"><ele>5.0</ele></trkpt>
    <trkpt lat="48.280780" lon="-4.598840"><ele>4.0</ele></trkpt>
    <trkpt lat="48.281350" lon="-4.598240"><ele>4.0</ele></trkpt>
    <trkpt lat="48.281430" lon="-4.598230"><ele>4.0</ele></trkpt>
    <trkpt lat="48.281480" lon="-4.598300"><ele>4.0</ele></trkpt>
    <trkpt lat="48.281730" lon="-4.599370"><ele>7.0</ele></trkpt>
    <trkpt lat="48.281800" lon="-4.599510"><ele>8.0</ele></trkpt>
    <trkpt lat="48.282060" lon="-4.600700"><ele>14.0</ele></trkpt>
    <trkpt lat="48.282150" lon="-4.600930"><ele>15.0</ele></trkpt>
    <trkpt lat="48.282260" lon="-4.601020"><ele>17.0</ele></trkpt>
    <trkpt lat="48.282530" lon="-4.601460"><ele>20.0</ele></trkpt>
    <trkpt lat="48.282500" lon="-4.602310"><ele>28.0</ele></trkpt>
    <trkpt lat="48.282520" lon="-4.602620"><ele>30.0</ele></trkpt>
    <trkpt lat="48.283160" lon="-4.602590"><ele>32.0</ele></trkpt>
    <trkpt lat="48.283180" lon="-4.602240"><ele>32.0</ele></trkpt>
    <trkpt lat="48.283300" lon="-4.602030"><ele>31.0</ele></trkpt>
    <trkpt lat="48.283690" lon="-4.601820"><ele>30.0</ele></trkpt>
    <trkpt lat="48.283700" lon="-4.601750"><ele>26.0</ele></trkpt>
    <trkpt lat="48.283770" lon="-4.601790"><ele>26.0</ele></trkpt>
    <trkpt lat="48.284050" lon="-4.601750"><ele>30.0</ele></trkpt>
    <trkpt lat="48.284300" lon="-4.601820"><ele>32.0</ele></trkpt>
    <trkpt lat="48.284830" lon="-4.601790"><ele>34.0</ele></trkpt>
    <trkpt lat="48.284890" lon="-4.601830"><ele>37.0</ele></trkpt>
    <trkpt lat="48.285050" lon="-4.601820"><ele>33.0</ele></trkpt>
    <trkpt lat="48.285700" lon="-4.601420"><ele>32.0</ele></trkpt>
    <trkpt lat="48.285920" lon="-4.601610"><ele>34.0</ele></trkpt>
    <trkpt lat="48.286090" lon="-4.601470"><ele>36.0</ele></trkpt>
    <trkpt lat="48.286230" lon="-4.601420"><ele>40.0</ele></trkpt>
    <trkpt lat="48.286290" lon="-4.601440"><ele>40.0</ele></trkpt>
    <trkpt lat="48.286380" lon="-4.601610"><ele>42.0</ele></trkpt>
    <trkpt lat="48.286430" lon="-4.601920"><ele>41.0</ele></trkpt>
    <trkpt lat="48.286260" lon="-4.603430"><ele>52.0</ele></trkpt>
    <trkpt lat="48.286290" lon="-4.603860"><ele>53.0</ele></trkpt>
    <trkpt lat="48.286390" lon="-4.604470"><ele>55.0</ele></trkpt>
    <trkpt lat="48.286370" lon="-4.604680"><ele>56.0</ele></trkpt>
    <trkpt lat="48.286340" lon="-4.604770"><ele>56.0</ele></trkpt>
    <trkpt lat="48.286110" lon="-4.605060"><ele>56.0</ele></trkpt>
    <trkpt lat="48.285640" lon="-4.606010"><ele>56.0</ele></trkpt>
    <trkpt lat="48.285770" lon="-4.606390"><ele>56.0</ele></trkpt>
    <trkpt lat="48.285710" lon="-4.606450"><ele>55.0</ele></trkpt>
    <trkpt lat="48.285490" lon="-4.606490"><ele>56.0</ele></trkpt>
    <trkpt lat="48.285230" lon="-4.606460"><ele>56.0</ele></trkpt>
    <trkpt lat="48.284730" lon="-4.606700"><ele>54.0</ele></trkpt>
    <trkpt lat="48.284420" lon="-4.606900"><ele>53.0</ele></trkpt>
    <trkpt lat="48.284090" lon="-4.606980"><ele>54.0</ele></trkpt>
    <trkpt lat="48.283300" lon="-4.607500"><ele>55.0</ele></trkpt>
    <trkpt lat="48.283030" lon="-4.607450"><ele>55.0</ele></trkpt>
    <trkpt lat="48.282820" lon="-4.607260"><ele>55.0</ele></trkpt>
    <trkpt lat="48.282580" lon="-4.607190"><ele>55.0</ele></trkpt>
    <trkpt lat="48.282500" lon="-4.607350"><ele>55.0</ele></trkpt>
    <trkpt lat="48.282390" lon="-4.607470"><ele>55.0</ele></trkpt>
    <trkpt lat="48.280780" lon="-4.608720"><ele>59.0</ele></trkpt>
    <trkpt lat="48.280410" lon="-4.608950"><ele>59.0</ele></trkpt>
    <trkpt lat="48.280020" lon="-4.607480"><ele>52.0</ele></trkpt>
    <trkpt lat="48.279640" lon="-4.605560"><ele>44.0</ele></trkpt>
    <trkpt lat="48.279510" lon="-4.605620"><ele>43.0</ele></trkpt>
    <trkpt lat="48.278140" lon="-4.605770"><ele>41.0</ele></trkpt>
    <trkpt lat="48.277820" lon="-4.605410"><ele>41.0</ele></trkpt>
    <trkpt lat="48.277590" lon="-4.605830"><ele>41.0</ele></trkpt>
    <trkpt lat="48.277930" lon="-4.607060"><ele>47.0</ele></trkpt>
    <trkpt lat="48.279310" lon="-4.609610"><ele>57.0</ele></trkpt>
    <trkpt lat="48.279850" lon="-4.610470"><ele>55.0</ele></trkpt>
    <trkpt lat="48.279790" lon="-4.610540"><ele>56.0</ele></trkpt>
    <trkpt lat="48.279880" lon="-4.610620"><ele>53.0</ele></trkpt>
    <trkpt lat="48.279700" lon="-4.610830"><ele>52.0</ele></trkpt>
    <trkpt lat="48.279480" lon="-4.611270"><ele>52.0</ele></trkpt>
    <trkpt lat="48.279380" lon="-4.611600"><ele>44.0</ele></trkpt>
    <trkpt lat="48.279310" lon="-4.611620"><ele>44.0</ele></trkpt>
    <trkpt lat="48.279230" lon="-4.611930"><ele>44.0</ele></trkpt>
    <trkpt lat="48.278980" lon="-4.612630"><ele>36.0</ele></trkpt>
    <trkpt lat="48.278930" lon="-4.614250"><ele>24.0</ele></trkpt>
    <trkpt lat="48.279090" lon="-4.615810"><ele>21.0</ele></trkpt>
    <trkpt lat="48.279080" lon="-4.615900"><ele>21.0</ele></trkpt>
    <trkpt lat="48.277190" lon="-4.616930"><ele>14.0</ele></trkpt>
    <trkpt lat="48.276970" lon="-4.617010"><ele>13.0</ele></trkpt>
    <trkpt lat="48.276830" lon="-4.616950"><ele>12.0</ele></trkpt>
    <trkpt lat="48.276660" lon="-4.616790"><ele>11.0</ele></trkpt>
    <trkpt lat="48.276450" lon="-4.616450"><ele>11.0</ele></trkpt>
    <trkpt lat="48.275890" lon="-4.615990"><ele>11.0</ele></trkpt>
    <trkpt lat="48.275670" lon="-4.615920"><ele>11.0</ele></trkpt>
    <trkpt lat="48.275520" lon="-4.615940"><ele>11.0</ele></trkpt>
    <trkpt lat="48.275320" lon="-4.615870"><ele>11.0</ele></trkpt>
    <trkpt lat="48.275270" lon="-4.615750"><ele>11.0</ele></trkpt>
    <trkpt lat="48.275020" lon="-4.615780"><ele>7.0</ele></trkpt>
    <trkpt lat="48.274860" lon="-4.615730"><ele>11.0</ele></trkpt>
    <trkpt lat="48.274110" lon="-4.615240"><ele>8.0</ele></trkpt>
    <trkpt lat="48.273710" lon="-4.615140"><ele>13.0</ele></trkpt>
    <trkpt lat="48.273520" lon="-4.614960"><ele>16.0</ele></trkpt>
    <trkpt lat="48.272870" lon="-4.614840"><ele>23.0</ele></trkpt>
    <trkpt lat="48.272760" lon="-4.614770"><ele>23.0</ele></trkpt>
    <trkpt lat="48.272520" lon="-4.614740"><ele>28.0</ele></trkpt>
    <trkpt lat="48.271830" lon="-4.614930"><ele>49.0</ele></trkpt>
    <trkpt lat="48.271750" lon="-4.614930"><ele>49.0</ele></trkpt>
    <trkpt lat="48.271660" lon="-4.614810"><ele>52.0</ele></trkpt>
    <trkpt lat="48.271440" lon="-4.614840"><ele>52.0</ele></trkpt>
    <trkpt lat="48.271320" lon="-4.614740"><ele>55.0</ele></trkpt>
    <trkpt lat="48.270960" lon="-4.614750"><ele>57.0</ele></trkpt>
    <trkpt lat="48.270820" lon="-4.614860"><ele>56.0</ele></trkpt>
    <trkpt lat="48.270690" lon="-4.614810"><ele>56.0</ele></trkpt>
    <trkpt lat="48.270570" lon="-4.614860"><ele>56.0</ele></trkpt>
    <trkpt lat="48.270500" lon="-4.614960"><ele>56.0</ele></trkpt>
    <trkpt lat="48.270340" lon="-4.615070"><ele>56.0</ele></trkpt>
    <trkpt lat="48.270070" lon="-4.615380"><ele>55.0</ele></trkpt>
    <trkpt lat="48.269930" lon="-4.615440"><ele>52.0</ele></trkpt>
    <trkpt lat="48.269730" lon="-4.615380"><ele>54.0</ele></trkpt>
    <trkpt lat="48.269490" lon="-4.615520"><ele>54.0</ele></trkpt>
    <trkpt lat="48.268630" lon="-4.615780"><ele>53.0</ele></trkpt>
    <trkpt lat="48.268280" lon="-4.615690"><ele>51.0</ele></trkpt>
    <trkpt lat="48.267930" lon="-4.615450"><ele>48.0</ele></trkpt>
    <trkpt lat="48.267620" lon="-4.615500"><ele>48.0</ele></trkpt>
    <trkpt lat="48.267190" lon="-4.615710"><ele>48.0</ele></trkpt>
    <trkpt lat="48.267150" lon="-4.616020"><ele>49.0</ele></trkpt>
    <trkpt lat="48.266500" lon="-4.616500"><ele>50.0</ele></trkpt>
    <trkpt lat="48.266330" lon="-4.616670"><ele>51.0</ele></trkpt>
    <trkpt lat="48.266160" lon="-4.616990"><ele>51.0</ele></trkpt>
    <trkpt lat="48.265950" lon="-4.617070"><ele>52.0</ele></trkpt>
    <trkpt lat="48.265460" lon="-4.617650"><ele>55.0</ele></trkpt>
    <trkpt lat="48.265300" lon="-4.617700"><ele>55.0</ele></trkpt>
    <trkpt lat="48.265230" lon="-4.617680"><ele>55.0</ele></trkpt>
    <trkpt lat="48.265100" lon="-4.617750"><ele>55.0</ele></trkpt>
    <trkpt lat="48.265000" lon="-4.617820"><ele>55.0</ele></trkpt>
    <trkpt lat="48.264830" lon="-4.618030"><ele>55.0</ele></trkpt>
    <trkpt lat="48.263640" lon="-4.618740"><ele>51.0</ele></trkpt>
    <trkpt lat="48.263420" lon="-4.619010"><ele>51.0</ele></trkpt>
    <trkpt lat="48.263150" lon="-4.619230"><ele>53.0</ele></trkpt>
    <trkpt lat="48.263070" lon="-4.619370"><ele>53.0</ele></trkpt>
    <trkpt lat="48.263050" lon="-4.619580"><ele>52.0</ele></trkpt>
    <trkpt lat="48.262850" lon="-4.619670"><ele>53.0</ele></trkpt>
    <trkpt lat="48.262730" lon="-4.619840"><ele>53.0</ele></trkpt>
    <trkpt lat="48.262600" lon="-4.619950"><ele>55.0</ele></trkpt>
    <trkpt lat="48.262470" lon="-4.620230"><ele>54.0</ele></trkpt>
    <trkpt lat="48.262390" lon="-4.620540"><ele>55.0</ele></trkpt>
    <trkpt lat="48.262240" lon="-4.620750"><ele>57.0</ele></trkpt>
    <trkpt lat="48.262020" lon="-4.620800"><ele>58.0</ele></trkpt>
    <trkpt lat="48.261760" lon="-4.621100"><ele>59.0</ele></trkpt>
    <trkpt lat="48.261340" lon="-4.621480"><ele>59.0</ele></trkpt>
    <trkpt lat="48.260480" lon="-4.621690"><ele>59.0</ele></trkpt>
    <trkpt lat="48.260020" lon="-4.621700"><ele>57.0</ele></trkpt>
    <trkpt lat="48.259700" lon="-4.622070"><ele>54.0</ele></trkpt>
    <trkpt lat="48.259370" lon="-4.622230"><ele>55.0</ele></trkpt>
    <trkpt lat="48.259230" lon="-4.622460"><ele>51.0</ele></trkpt>
    <trkpt lat="48.259100" lon="-4.622890"><ele>55.0</ele></trkpt>
    <trkpt lat="48.258860" lon="-4.623260"><ele>58.0</ele></trkpt>
    <trkpt lat="48.258650" lon="-4.623220"><ele>58.0</ele></trkpt>
    <trkpt lat="48.258510" lon="-4.623100"><ele>58.0</ele></trkpt>
    <trkpt lat="48.258240" lon="-4.622770"><ele>54.0</ele></trkpt>
    <trkpt lat="48.257890" lon="-4.622490"><ele>54.0</ele></trkpt>
    <trkpt lat="48.257750" lon="-4.622440"><ele>51.0</ele></trkpt>
    <trkpt lat="48.257510" lon="-4.622530"><ele>54.0</ele></trkpt>
    <trkpt lat="48.257090" lon="-4.622890"><ele>58.0</ele></trkpt>
    <trkpt lat="48.256960" lon="-4.622350"><ele>53.0</ele></trkpt>
    <trkpt lat="48.256800" lon="-4.621970"><ele>53.0</ele></trkpt>
    <trkpt lat="48.256640" lon="-4.621850"><ele>56.0</ele></trkpt>
    <trkpt lat="48.256210" lon="-4.621760"><ele>62.0</ele></trkpt>
    <trkpt lat="48.256070" lon="-4.621610"><ele>62.0</ele></trkpt>
    <trkpt lat="48.256290" lon="-4.621250"><ele>61.0</ele></trkpt>
    <trkpt lat="48.256980" lon="-4.620620"><ele>53.0</ele></trkpt>
    <trkpt lat="48.257290" lon="-4.620660"><ele>53.0</ele></trkpt>
    <trkpt lat="48.258450" lon="-4.620190"><ele>49.0</ele></trkpt>
    <trkpt lat="48.258610" lon="-4.620210"><ele>52.0</ele></trkpt>
    <trkpt lat="48.258840" lon="-4.620120"><ele>51.0</ele></trkpt>
    <trkpt lat="48.259730" lon="-4.620050"><ele>48.0</ele></trkpt>
    <trkpt lat="48.259810" lon="-4.619950"><ele>50.0</ele></trkpt>
    <trkpt lat="48.260140" lon="-4.619770"><ele>46.0</ele></trkpt>
    <trkpt lat="48.260780" lon="-4.619300"><ele>42.0</ele></trkpt>
    <trkpt lat="48.260870" lon="-4.619130"><ele>40.0</ele></trkpt>
    <trkpt lat="48.261020" lon="-4.618970"><ele>41.0</ele></trkpt>
    <trkpt lat="48.261150" lon="-4.618650"><ele>40.0</ele></trkpt>
    <trkpt lat="48.261410" lon="-4.618240"><ele>40.0</ele></trkpt>
    <trkpt lat="48.261510" lon="-4.617770"><ele>32.0</ele></trkpt>
    <trkpt lat="48.261510" lon="-4.617650"><ele>32.0</ele></trkpt>
    <trkpt lat="48.261600" lon="-4.617370"><ele>29.0</ele></trkpt>
    <trkpt lat="48.261630" lon="-4.616930"><ele>26.0</ele></trkpt>
    <trkpt lat="48.261770" lon="-4.616600"><ele>24.0</ele></trkpt>
    <trkpt lat="48.261740" lon="-4.616480"><ele>22.0</ele></trkpt>
    <trkpt lat="48.261810" lon="-4.615470"><ele>18.0</ele></trkpt>
    <trkpt lat="48.262040" lon="-4.615110"><ele>18.0</ele></trkpt>
    <trkpt lat="48.261970" lon="-4.614960"><ele>16.0</ele></trkpt>
    <trkpt lat="48.261970" lon="-4.614720"><ele>15.0</ele></trkpt>
    <trkpt lat="48.262030" lon="-4.614420"><ele>15.0</ele></trkpt>
    <trkpt lat="48.262130" lon="-4.614120"><ele>14.0</ele></trkpt>
    <trkpt lat="48.262260" lon="-4.613360"><ele>10.0</ele></trkpt>
    <trkpt lat="48.262250" lon="-4.612680"><ele>4.0</ele></trkpt>
    <trkpt lat="48.262300" lon="-4.612570"><ele>4.0</ele></trkpt>
    <trkpt lat="48.262270" lon="-4.612450"><ele>4.0</ele></trkpt>
    <trkpt lat="48.262330" lon="-4.612420"><ele>7.0</ele></trkpt>
    <trkpt lat="48.262330" lon="-4.612280"><ele>8.0</ele></trkpt>
    <trkpt lat="48.262080" lon="-4.611480"><ele>13.0</ele></trkpt>
    <trkpt lat="48.262090" lon="-4.611070"><ele>12.0</ele></trkpt>
    <trkpt lat="48.262030" lon="-4.610710"><ele>12.0</ele></trkpt>
    <trkpt lat="48.261970" lon="-4.610590"><ele>10.0</ele></trkpt>
    <trkpt lat="48.261800" lon="-4.610430"><ele>11.0</ele></trkpt>
    <trkpt lat="48.261730" lon="-4.610190"><ele>15.0</ele></trkpt>
    <trkpt lat="48.261720" lon="-4.610080"><ele>11.0</ele></trkpt>
    <trkpt lat="48.261830" lon="-4.609820"><ele>22.0</ele></trkpt>
    <trkpt lat="48.261820" lon="-4.609650"><ele>21.0</ele></trkpt>
    <trkpt lat="48.261700" lon="-4.609070"><ele>30.0</ele></trkpt>
    <trkpt lat="48.261610" lon="-4.608320"><ele>35.0</ele></trkpt>
    <trkpt lat="48.261650" lon="-4.607990"><ele>35.0</ele></trkpt>
    <trkpt lat="48.261550" lon="-4.607710"><ele>35.0</ele></trkpt>
    <trkpt lat="48.261560" lon="-4.607520"><ele>36.0</ele></trkpt>
    <trkpt lat="48.261520" lon="-4.607260"><ele>37.0</ele></trkpt>
    <trkpt lat="48.261360" lon="-4.606490"><ele>39.0</ele></trkpt>
    <trkpt lat="48.261390" lon="-4.602980"><ele>31.0</ele></trkpt>
    <trkpt lat="48.261450" lon="-4.602900"><ele>31.0</ele></trkpt>
    <trkpt lat="48.261480" lon="-4.602710"><ele>31.0</ele></trkpt>
    <trkpt lat="48.261540" lon="-4.602680"><ele>31.0</ele></trkpt>
    <trkpt lat="48.261520" lon="-4.602310"><ele>30.0</ele></trkpt>
    <trkpt lat="48.261320" lon="-4.601820"><ele>28.0</ele></trkpt>
    <trkpt lat="48.261260" lon="-4.601770"><ele>29.0</ele></trkpt>
    <trkpt lat="48.261190" lon="-4.601770"><ele>29.0</ele></trkpt>
    <trkpt lat="48.260740" lon="-4.602030"><ele>31.0</ele></trkpt>
    <trkpt lat="48.260370" lon="-4.602120"><ele>37.0</ele></trkpt>
    <trkpt lat="48.260190" lon="-4.601920"><ele>39.0</ele></trkpt>
    <trkpt lat="48.259970" lon="-4.601770"><ele>42.0</ele></trkpt>
    <trkpt lat="48.259840" lon="-4.601750"><ele>42.0</ele></trkpt>
    <trkpt lat="48.259560" lon="-4.601610"><ele>44.0</ele></trkpt>
    <trkpt lat="48.259260" lon="-4.601230"><ele>47.0</ele></trkpt>
    <trkpt lat="48.258970" lon="-4.601110"><ele>54.0</ele></trkpt>
    <trkpt lat="48.258850" lon="-4.601020"><ele>56.0</ele></trkpt>
    <trkpt lat="48.258440" lon="-4.600320"><ele>54.0</ele></trkpt>
    <trkpt lat="48.258040" lon="-4.599910"><ele>61.0</ele></trkpt>
    <trkpt lat="48.257930" lon="-4.599850"><ele>60.0</ele></trkpt>
    <trkpt lat="48.257430" lon="-4.598840"><ele>62.0</ele></trkpt>
    <trkpt lat="48.257140" lon="-4.597820"><ele>61.0</ele></trkpt>
    <trkpt lat="48.257030" lon="-4.597270"><ele>60.0</ele></trkpt>
    <trkpt lat="48.256890" lon="-4.596770"><ele>58.0</ele></trkpt>
    <trkpt lat="48.256650" lon="-4.596210"><ele>58.0</ele></trkpt>
    <trkpt lat="48.256400" lon="-4.595790"><ele>57.0</ele></trkpt>
    <trkpt lat="48.255660" lon="-4.595250"><ele>57.0</ele></trkpt>
    <trkpt lat="48.255120" lon="-4.594660"><ele>56.0</ele></trkpt>
    <trkpt lat="48.254400" lon="-4.594730"><ele>60.0</ele></trkpt>
    <trkpt lat="48.253970" lon="-4.594710"><ele>61.0</ele></trkpt>
    <trkpt lat="48.253390" lon="-4.594830"><ele>63.0</ele></trkpt>
    <trkpt lat="48.253200" lon="-4.594780"><ele>63.0</ele></trkpt>
    <trkpt lat="48.253070" lon="-4.594640"><ele>63.0</ele></trkpt>
    <trkpt lat="48.252990" lon="-4.594310"><ele>63.0</ele></trkpt>
    <trkpt lat="48.253040" lon="-4.594030"><ele>63.0</ele></trkpt>
    <trkpt lat="48.253490" lon="-4.593070"><ele>58.0</ele></trkpt>
    <trkpt lat="48.253790" lon="-4.592360"><ele>56.0</ele></trkpt>
    <trkpt lat="48.253880" lon="-4.592060"><ele>55.0</ele></trkpt>
    <trkpt lat="48.253960" lon="-4.591520"><ele>55.0</ele></trkpt>
    <trkpt lat="48.253970" lon="-4.590040"><ele>54.0</ele></trkpt>
    <trkpt lat="48.254230" lon="-4.588940"><ele>53.0</ele></trkpt>
    <trkpt lat="48.254200" lon="-4.587440"><ele>54.0</ele></trkpt>
    <trkpt lat="48.253940" lon="-4.586670"><ele>50.0</ele></trkpt>
    <trkpt lat="48.253910" lon="-4.586260"><ele>50.0</ele></trkpt>
    <trkpt lat="48.253930" lon="-4.586030"><ele>52.0</ele></trkpt>
    <trkpt lat="48.253750" lon="-4.584480"><ele>57.0</ele></trkpt>
    <trkpt lat="48.253560" lon="-4.583560"><ele>57.0</ele></trkpt>
    <trkpt lat="48.253490" lon="-4.583350"><ele>57.0</ele></trkpt>
    <trkpt lat="48.253150" lon="-4.582800"><ele>59.0</ele></trkpt>
    <trkpt lat="48.252630" lon="-4.582230"><ele>59.0</ele></trkpt>
    <trkpt lat="48.252460" lon="-4.581920"><ele>58.0</ele></trkpt>
    <trkpt lat="48.252440" lon="-4.581810"><ele>58.0</ele></trkpt>
    <trkpt lat="48.252500" lon="-4.581100"><ele>55.0</ele></trkpt>
    <trkpt lat="48.252560" lon="-4.580910"><ele>55.0</ele></trkpt>
    <trkpt lat="48.253270" lon="-4.579860"><ele>53.0</ele></trkpt>
    <trkpt lat="48.253660" lon="-4.579180"><ele>51.0</ele></trkpt>
    <trkpt lat="48.254800" lon="-4.577860"><ele>52.0</ele></trkpt>
    <trkpt lat="48.255010" lon="-4.577560"><ele>52.0</ele></trkpt>
    <trkpt lat="48.255230" lon="-4.577180"><ele>49.0</ele></trkpt>
    <trkpt lat="48.255650" lon="-4.576100"><ele>45.0</ele></trkpt>
    <trkpt lat="48.255770" lon="-4.575140"><ele>44.0</ele></trkpt>
    <trkpt lat="48.255830" lon="-4.574990"><ele>46.0</ele></trkpt>
    <trkpt lat="48.255680" lon="-4.574810"><ele>44.0</ele></trkpt>
    <trkpt lat="48.255370" lon="-4.574320"><ele>41.0</ele></trkpt>
    <trkpt lat="48.255240" lon="-4.573900"><ele>41.0</ele></trkpt>
    <trkpt lat="48.255000" lon="-4.573430"><ele>41.0</ele></trkpt>
    <trkpt lat="48.254770" lon="-4.572530"><ele>42.0</ele></trkpt>
    <trkpt lat="48.254650" lon="-4.571460"><ele>42.0</ele></trkpt>
    <trkpt lat="48.254700" lon="-4.571080"><ele>43.0</ele></trkpt>
    <trkpt lat="48.254860" lon="-4.570400"><ele>45.0</ele></trkpt>
    <trkpt lat="48.254980" lon="-4.570030"><ele>46.0</ele></trkpt>
    <trkpt lat="48.255300" lon="-4.569320"><ele>46.0</ele></trkpt>
    <trkpt lat="48.255500" lon="-4.569000"><ele>46.0</ele></trkpt>
    <trkpt lat="48.255760" lon="-4.568150"><ele>44.0</ele></trkpt>
    <trkpt lat="48.255790" lon="-4.567960"><ele>43.0</ele></trkpt>
    <trkpt lat="48.255810" lon="-4.567330"><ele>42.0</ele></trkpt>
    <trkpt lat="48.255790" lon="-4.567000"><ele>39.0</ele></trkpt>
    <trkpt lat="48.255720" lon="-4.566580"><ele>37.0</ele></trkpt>
    <trkpt lat="48.255750" lon="-4.566020"><ele>35.0</ele></trkpt>
    <trkpt lat="48.255730" lon="-4.565730"><ele>33.0</ele></trkpt>
    <trkpt lat="48.255820" lon="-4.565410"><ele>32.0</ele></trkpt>
    <trkpt lat="48.255970" lon="-4.565150"><ele>31.0</ele></trkpt>
    <trkpt lat="48.256240" lon="-4.564140"><ele>26.0</ele></trkpt>
    <trkpt lat="48.256240" lon="-4.563810"><ele>23.0</ele></trkpt>
    <trkpt lat="48.256340" lon="-4.563270"><ele>19.0</ele></trkpt>
    <trkpt lat="48.256530" lon="-4.562900"><ele>17.0</ele></trkpt>
    <trkpt lat="48.256750" lon="-4.562610"><ele>15.0</ele></trkpt>
    <trkpt lat="48.256890" lon="-4.561860"><ele>10.0</ele></trkpt>
    <trkpt lat="48.257420" lon="-4.560930"><ele>8.0</ele></trkpt>
    <trkpt lat="48.257570" lon="-4.560930"><ele>8.0</ele></trkpt>
    <trkpt lat="48.257720" lon="-4.560810"><ele>8.0</ele></trkpt>
    <trkpt lat="48.258600" lon="-4.561150"><ele>6.0</ele></trkpt>
    <trkpt lat="48.258670" lon="-4.560930"><ele>3.0</ele></trkpt>
    <trkpt lat="48.258800" lon="-4.560820"><ele>4.0</ele></trkpt>
    <trkpt lat="48.259250" lon="-4.560080"><ele>4.0</ele></trkpt>
    <trkpt lat="48.259270" lon="-4.559120"><ele>6.0</ele></trkpt>
    <trkpt lat="48.259230" lon="-4.559050"><ele>6.0</ele></trkpt>
    <trkpt lat="48.259180" lon="-4.558490"><ele>6.0</ele></trkpt>
    <trkpt lat="48.259070" lon="-4.557850"><ele>6.0</ele></trkpt>
    <trkpt lat="48.258610" lon="-4.556470"><ele>5.0</ele></trkpt>
    <trkpt lat="48.258350" lon="-4.555820"><ele>5.0</ele></trkpt>
    <trkpt lat="48.258190" lon="-4.555670"><ele>5.0</ele></trkpt>
    <trkpt lat="48.258100" lon="-4.555530"><ele>5.0</ele></trkpt>
    <trkpt lat="48.258000" lon="-4.555270"><ele>6.0</ele></trkpt>
    <trkpt lat="48.257970" lon="-4.554990"><ele>19.0</ele></trkpt>
    <trkpt lat="48.257660" lon="-4.554800"><ele>25.0</ele></trkpt>
    <trkpt lat="48.257470" lon="-4.554590"><ele>30.0</ele></trkpt>
    <trkpt lat="48.257230" lon="-4.554220"><ele>21.0</ele></trkpt>
    <trkpt lat="48.256990" lon="-4.553560"><ele>28.0</ele></trkpt>
    <trkpt lat="48.256680" lon="-4.552970"><ele>29.0</ele></trkpt>
    <trkpt lat="48.256110" lon="-4.552360"><ele>28.0</ele></trkpt>
    <trkpt lat="48.256050" lon="-4.552270"><ele>19.0</ele></trkpt>
    <trkpt lat="48.256020" lon="-4.552130"><ele>29.0</ele></trkpt>
    <trkpt lat="48.255830" lon="-4.551800"><ele>26.0</ele></trkpt>
    <trkpt lat="48.255640" lon="-4.550300"><ele>29.0</ele></trkpt>
    <trkpt lat="48.255650" lon="-4.550040"><ele>35.0</ele></trkpt>
    <trkpt lat="48.255420" lon="-4.549170"><ele>30.0</ele></trkpt>
    <trkpt lat="48.255510" lon="-4.548940"><ele>27.0</ele></trkpt>
    <trkpt lat="48.255540" lon="-4.548610"><ele>27.0</ele></trkpt>
    <trkpt lat="48.255410" lon="-4.548140"><ele>24.0</ele></trkpt>
    <trkpt lat="48.255290" lon="-4.547450"><ele>21.0</ele></trkpt>
    <trkpt lat="48.255150" lon="-4.547260"><ele>21.0</ele></trkpt>
    <trkpt lat="48.255000" lon="-4.547200"><ele>19.0</ele></trkpt>
    <trkpt lat="48.254700" lon="-4.547390"><ele>13.0</ele></trkpt>
    <trkpt lat="48.254620" lon="-4.547510"><ele>11.0</ele></trkpt>
    <trkpt lat="48.254220" lon="-4.547670"><ele>8.0</ele></trkpt>
    <trkpt lat="48.253550" lon="-4.547250"><ele>8.0</ele></trkpt>
    <trkpt lat="48.253190" lon="-4.546970"><ele>8.0</ele></trkpt>
    <trkpt lat="48.252710" lon="-4.546360"><ele>8.0</ele></trkpt>
    <trkpt lat="48.252350" lon="-4.546050"><ele>9.0</ele></trkpt>
    <trkpt lat="48.251360" lon="-4.545280"><ele>9.0</ele></trkpt>
    <trkpt lat="48.250850" lon="-4.545000"><ele>9.0</ele></trkpt>
    <trkpt lat="48.250560" lon="-4.544790"><ele>9.0</ele></trkpt>
    <trkpt lat="48.250050" lon="-4.544290"><ele>9.0</ele></trkpt>
    <trkpt lat="48.250000" lon="-4.544190"><ele>9.0</ele></trkpt>
    <trkpt lat="48.249980" lon="-4.544010"><ele>9.0</ele></trkpt>
    <trkpt lat="48.250010" lon="-4.543940"><ele>8.0</ele></trkpt>
    <trkpt lat="48.250000" lon="-4.543800"><ele>8.0</ele></trkpt>
    <trkpt lat="48.249810" lon="-4.543560"><ele>6.0</ele></trkpt>
    <trkpt lat="48.249650" lon="-4.543250"><ele>6.0</ele></trkpt>
    <trkpt lat="48.249610" lon="-4.543410"><ele>6.0</ele></trkpt>
    <trkpt lat="48.249530" lon="-4.543470"><ele>5.0</ele></trkpt>
    <trkpt lat="48.249440" lon="-4.543470"><ele>5.0</ele></trkpt>
    <trkpt lat="48.249340" lon="-4.543360"><ele>5.0</ele></trkpt>
    <trkpt lat="48.248610" lon="-4.543090"><ele>5.0</ele></trkpt>
    <trkpt lat="48.247700" lon="-4.543310"><ele>6.0</ele></trkpt>
    <trkpt lat="48.247550" lon="-4.543280"><ele>6.0</ele></trkpt>
    <trkpt lat="48.247090" lon="-4.542930"><ele>6.0</ele></trkpt>
    <trkpt lat="48.246250" lon="-4.542720"><ele>6.0</ele></trkpt>
    <trkpt lat="48.246050" lon="-4.542770"><ele>6.0</ele></trkpt>
    <trkpt lat="48.245550" lon="-4.543000"><ele>7.0</ele></trkpt>
    <trkpt lat="48.245300" lon="-4.543020"><ele>7.0</ele></trkpt>
    <trkpt lat="48.244710" lon="-4.543170"><ele>7.0</ele></trkpt>
    <trkpt lat="48.244420" lon="-4.543410"><ele>7.0</ele></trkpt>
    <trkpt lat="48.243890" lon="-4.543470"><ele>7.0</ele></trkpt>
    <trkpt lat="48.243770" lon="-4.543520"><ele>7.0</ele></trkpt>
    <trkpt lat="48.243530" lon="-4.543530"><ele>8.0</ele></trkpt>
    <trkpt lat="48.243390" lon="-4.543470"><ele>9.0</ele></trkpt>
    <trkpt lat="48.243250" lon="-4.543310"><ele>9.0</ele></trkpt>
    <trkpt lat="48.243100" lon="-4.543210"><ele>9.0</ele></trkpt>
    <trkpt lat="48.242410" lon="-4.543030"><ele>8.0</ele></trkpt>
    <trkpt lat="48.242190" lon="-4.543310"><ele>7.0</ele></trkpt>
    <trkpt lat="48.241950" lon="-4.543490"><ele>7.0</ele></trkpt>
    <trkpt lat="48.241680" lon="-4.543810"><ele>6.0</ele></trkpt>
    <trkpt lat="48.241570" lon="-4.544030"><ele>6.0</ele></trkpt>
    <trkpt lat="48.241270" lon="-4.544220"><ele>6.0</ele></trkpt>
    <trkpt lat="48.240960" lon="-4.544580"><ele>6.0</ele></trkpt>
    <trkpt lat="48.240510" lon="-4.545210"><ele>4.0</ele></trkpt>
    <trkpt lat="48.240410" lon="-4.545300"><ele>5.0</ele></trkpt>
    <trkpt lat="48.240320" lon="-4.545650"><ele>4.0</ele></trkpt>
    <trkpt lat="48.240280" lon="-4.545700"><ele>9.0</ele></trkpt>
    <trkpt lat="48.240190" lon="-4.545650"><ele>12.0</ele></trkpt>
    <trkpt lat="48.240200" lon="-4.545750"><ele>14.0</ele></trkpt>
    <trkpt lat="48.240120" lon="-4.545860"><ele>14.0</ele></trkpt>
    <trkpt lat="48.240110" lon="-4.545930"><ele>14.0</ele></trkpt>
    <trkpt lat="48.240160" lon="-4.546000"><ele>14.0</ele></trkpt>
    <trkpt lat="48.240170" lon="-4.546100"><ele>15.0</ele></trkpt>
    <trkpt lat="48.240090" lon="-4.546360"><ele>15.0</ele></trkpt>
    <trkpt lat="48.239980" lon="-4.546520"><ele>17.0</ele></trkpt>
    <trkpt lat="48.239970" lon="-4.547060"><ele>18.0</ele></trkpt>
    <trkpt lat="48.240180" lon="-4.547790"><ele>19.0</ele></trkpt>
    <trkpt lat="48.240200" lon="-4.548090"><ele>19.0</ele></trkpt>
    <trkpt lat="48.240180" lon="-4.548210"><ele>19.0</ele></trkpt>
    <trkpt lat="48.239830" lon="-4.548980"><ele>22.0</ele></trkpt>
    <trkpt lat="48.239580" lon="-4.548770"><ele>33.0</ele></trkpt>
    <trkpt lat="48.239420" lon="-4.548980"><ele>37.0</ele></trkpt>
    <trkpt lat="48.239350" lon="-4.549410"><ele>38.0</ele></trkpt>
    <trkpt lat="48.239420" lon="-4.550400"><ele>36.0</ele></trkpt>
    <trkpt lat="48.239380" lon="-4.550440"><ele>39.0</ele></trkpt>
    <trkpt lat="48.239460" lon="-4.550580"><ele>39.0</ele></trkpt>
    <trkpt lat="48.239520" lon="-4.550840"><ele>36.0</ele></trkpt>
    <trkpt lat="48.239510" lon="-4.551010"><ele>36.0</ele></trkpt>
    <trkpt lat="48.239570" lon="-4.551310"><ele>37.0</ele></trkpt>
    <trkpt lat="48.239590" lon="-4.551890"><ele>37.0</ele></trkpt>
    <trkpt lat="48.239560" lon="-4.552170"><ele>37.0</ele></trkpt>
    <trkpt lat="48.239460" lon="-4.552550"><ele>41.0</ele></trkpt>
    <trkpt lat="48.239270" lon="-4.552950"><ele>40.0</ele></trkpt>
    <trkpt lat="48.239180" lon="-4.553510"><ele>40.0</ele></trkpt>
    <trkpt lat="48.239080" lon="-4.553890"><ele>43.0</ele></trkpt>
    <trkpt lat="48.238950" lon="-4.554190"><ele>43.0</ele></trkpt>
    <trkpt lat="48.238710" lon="-4.554570"><ele>43.0</ele></trkpt>
    <trkpt lat="48.237980" lon="-4.555990"><ele>43.0</ele></trkpt>
    <trkpt lat="48.237870" lon="-4.556000"><ele>42.0</ele></trkpt>
    <trkpt lat="48.237790" lon="-4.556140"><ele>40.0</ele></trkpt>
    <trkpt lat="48.237680" lon="-4.556230"><ele>37.0</ele></trkpt>
    <trkpt lat="48.237100" lon="-4.557240"><ele>25.0</ele></trkpt>
    <trkpt lat="48.236880" lon="-4.557520"><ele>24.0</ele></trkpt>
    <trkpt lat="48.236620" lon="-4.558560"><ele>17.0</ele></trkpt>
    <trkpt lat="48.236510" lon="-4.558840"><ele>15.0</ele></trkpt>
    <trkpt lat="48.236360" lon="-4.559100"><ele>12.0</ele></trkpt>
    <trkpt lat="48.236350" lon="-4.559170"><ele>12.0</ele></trkpt>
    <trkpt lat="48.236380" lon="-4.559240"><ele>12.0</ele></trkpt>
    <trkpt lat="48.236340" lon="-4.559280"><ele>12.0</ele></trkpt>
    <trkpt lat="48.236230" lon="-4.559260"><ele>12.0</ele></trkpt>
    <trkpt lat="48.236200" lon="-4.559380"><ele>12.0</ele></trkpt>
    <trkpt lat="48.236000" lon="-4.559590"><ele>15.0</ele></trkpt>
    <trkpt lat="48.235920" lon="-4.559780"><ele>15.0</ele></trkpt>
    <trkpt lat="48.235830" lon="-4.560170"><ele>15.0</ele></trkpt>
    <trkpt lat="48.235650" lon="-4.560640"><ele>14.0</ele></trkpt>
    <trkpt lat="48.235650" lon="-4.560970"><ele>15.0</ele></trkpt>
    <trkpt lat="48.235540" lon="-4.561140"><ele>14.0</ele></trkpt>
    <trkpt lat="48.235510" lon="-4.561320"><ele>16.0</ele></trkpt>
    <trkpt lat="48.235570" lon="-4.561790"><ele>17.0</ele></trkpt>
    <trkpt lat="48.235670" lon="-4.561890"><ele>20.0</ele></trkpt>
    <trkpt lat="48.235710" lon="-4.562050"><ele>19.0</ele></trkpt>
    <trkpt lat="48.235710" lon="-4.562310"><ele>20.0</ele></trkpt>
    <trkpt lat="48.235580" lon="-4.563040"><ele>22.0</ele></trkpt>
    <trkpt lat="48.235600" lon="-4.563410"><ele>22.0</ele></trkpt>
    <trkpt lat="48.235770" lon="-4.563790"><ele>22.0</ele></trkpt>
    <trkpt lat="48.235670" lon="-4.564330"><ele>24.0</ele></trkpt>
    <trkpt lat="48.235720" lon="-4.564490"><ele>26.0</ele></trkpt>
    <trkpt lat="48.235930" lon="-4.564700"><ele>24.0</ele></trkpt>
    <trkpt lat="48.236300" lon="-4.564890"><ele>25.0</ele></trkpt>
    <trkpt lat="48.236410" lon="-4.565170"><ele>28.0</ele></trkpt>
    <trkpt lat="48.236780" lon="-4.565620"><ele>36.0</ele></trkpt>
    <trkpt lat="48.236750" lon="-4.565820"><ele>35.0</ele></trkpt>
    <trkpt lat="48.236580" lon="-4.565830"><ele>41.0</ele></trkpt>
    <trkpt lat="48.236350" lon="-4.565990"><ele>41.0</ele></trkpt>
    <trkpt lat="48.236210" lon="-4.566020"><ele>43.0</ele></trkpt>
    <trkpt lat="48.235580" lon="-4.565780"><ele>34.0</ele></trkpt>
    <trkpt lat="48.235460" lon="-4.565780"><ele>34.0</ele></trkpt>
    <trkpt lat="48.235310" lon="-4.565810"><ele>34.0</ele></trkpt>
    <trkpt lat="48.234870" lon="-4.566100"><ele>37.0</ele></trkpt>
    <trkpt lat="48.234710" lon="-4.567040"><ele>39.0</ele></trkpt>
    <trkpt lat="48.234680" lon="-4.567450"><ele>43.0</ele></trkpt>
    <trkpt lat="48.234690" lon="-4.567730"><ele>45.0</ele></trkpt>
    <trkpt lat="48.234530" lon="-4.568570"><ele>47.0</ele></trkpt>
    <trkpt lat="48.234790" lon="-4.569420"><ele>49.0</ele></trkpt>
    <trkpt lat="48.234820" lon="-4.569910"><ele>41.0</ele></trkpt>
    <trkpt lat="48.234730" lon="-4.570150"><ele>45.0</ele></trkpt>
    <trkpt lat="48.234680" lon="-4.570030"><ele>48.0</ele></trkpt>
    <trkpt lat="48.234390" lon="-4.569980"><ele>49.0</ele></trkpt>
    <trkpt lat="48.233890" lon="-4.570090"><ele>53.0</ele></trkpt>
    <trkpt lat="48.233750" lon="-4.570220"><ele>54.0</ele></trkpt>
    <trkpt lat="48.233620" lon="-4.570150"><ele>54.0</ele></trkpt>
    <trkpt lat="48.233490" lon="-4.570260"><ele>59.0</ele></trkpt>
    <trkpt lat="48.233410" lon="-4.570260"><ele>59.0</ele></trkpt>
    <trkpt lat="48.233310" lon="-4.570190"><ele>59.0</ele></trkpt>
    <trkpt lat="48.233020" lon="-4.570170"><ele>60.0</ele></trkpt>
    <trkpt lat="48.232840" lon="-4.570210"><ele>59.0</ele></trkpt>
    <trkpt lat="48.232640" lon="-4.570360"><ele>59.0</ele></trkpt>
    <trkpt lat="48.232600" lon="-4.570330"><ele>60.0</ele></trkpt>
    <trkpt lat="48.232550" lon="-4.570190"><ele>61.0</ele></trkpt>
    <trkpt lat="48.232470" lon="-4.569490"><ele>61.0</ele></trkpt>
    <trkpt lat="48.232500" lon="-4.568860"><ele>61.0</ele></trkpt>
    <trkpt lat="48.232900" lon="-4.568250"><ele>56.0</ele></trkpt>
    <trkpt lat="48.232980" lon="-4.567850"><ele>54.0</ele></trkpt>
    <trkpt lat="48.232990" lon="-4.567450"><ele>52.0</ele></trkpt>
    <trkpt lat="48.233040" lon="-4.567140"><ele>50.0</ele></trkpt>
    <trkpt lat="48.233020" lon="-4.566600"><ele>48.0</ele></trkpt>
    <trkpt lat="48.233220" lon="-4.566160"><ele>48.0</ele></trkpt>
    <trkpt lat="48.233270" lon="-4.565620"><ele>47.0</ele></trkpt>
    <trkpt lat="48.233330" lon="-4.565340"><ele>46.0</ele></trkpt>
    <trkpt lat="48.233370" lon="-4.565220"><ele>44.0</ele></trkpt>
    <trkpt lat="48.233520" lon="-4.565030"><ele>44.0</ele></trkpt>
    <trkpt lat="48.233510" lon="-4.564700"><ele>41.0</ele></trkpt>
    <trkpt lat="48.233540" lon="-4.564260"><ele>37.0</ele></trkpt>
    <trkpt lat="48.233590" lon="-4.564060"><ele>35.0</ele></trkpt>
    <trkpt lat="48.233270" lon="-4.563390"><ele>32.0</ele></trkpt>
    <trkpt lat="48.233050" lon="-4.563290"><ele>32.0</ele></trkpt>
    <trkpt lat="48.232630" lon="-4.563200"><ele>32.0</ele></trkpt>
    <trkpt lat="48.231950" lon="-4.562780"><ele>32.0</ele></trkpt>
    <trkpt lat="48.231520" lon="-4.562770"><ele>18.0</ele></trkpt>
    <trkpt lat="48.231370" lon="-4.562500"><ele>20.0</ele></trkpt>
    <trkpt lat="48.231070" lon="-4.562310"><ele>16.0</ele></trkpt>
    <trkpt lat="48.230830" lon="-4.562030"><ele>24.0</ele></trkpt>
    <trkpt lat="48.230710" lon="-4.561820"><ele>32.0</ele></trkpt>
    <trkpt lat="48.230650" lon="-4.561510"><ele>32.0</ele></trkpt>
    <trkpt lat="48.230660" lon="-4.561350"><ele>32.0</ele></trkpt>
    <trkpt lat="48.230720" lon="-4.561150"><ele>39.0</ele></trkpt>
    <trkpt lat="48.230730" lon="-4.560840"><ele>38.0</ele></trkpt>
    <trkpt lat="48.230660" lon="-4.560760"><ele>39.0</ele></trkpt>
    <trkpt lat="48.230290" lon="-4.560530"><ele>42.0</ele></trkpt>
    <trkpt lat="48.230040" lon="-4.560460"><ele>44.0</ele></trkpt>
    <trkpt lat="48.229910" lon="-4.560530"><ele>47.0</ele></trkpt>
    <trkpt lat="48.229770" lon="-4.560460"><ele>48.0</ele></trkpt>
    <trkpt lat="48.229610" lon="-4.560150"><ele>46.0</ele></trkpt>
    <trkpt lat="48.229530" lon="-4.560120"><ele>46.0</ele></trkpt>
    <trkpt lat="48.229230" lon="-4.559610"><ele>55.0</ele></trkpt>
    <trkpt lat="48.228930" lon="-4.559300"><ele>58.0</ele></trkpt>
    <trkpt lat="48.228460" lon="-4.559240"><ele>59.0</ele></trkpt>
    <trkpt lat="48.228030" lon="-4.559310"><ele>59.0</ele></trkpt>
    <trkpt lat="48.227820" lon="-4.559380"><ele>59.0</ele></trkpt>
    <trkpt lat="48.227500" lon="-4.559560"><ele>57.0</ele></trkpt>
    <trkpt lat="48.226910" lon="-4.559590"><ele>56.0</ele></trkpt>
    <trkpt lat="48.226370" lon="-4.559520"><ele>44.0</ele></trkpt>
    <trkpt lat="48.225910" lon="-4.559200"><ele>39.0</ele></trkpt>
    <trkpt lat="48.225280" lon="-4.558390"><ele>13.0</ele></trkpt>
    <trkpt lat="48.225080" lon="-4.558560"><ele>11.0</ele></trkpt>
    <trkpt lat="48.225020" lon="-4.558490"><ele>7.0</ele></trkpt>
    <trkpt lat="48.224950" lon="-4.558490"><ele>7.0</ele></trkpt>
    <trkpt lat="48.224960" lon="-4.558250"><ele>10.0</ele></trkpt>
    <trkpt lat="48.225060" lon="-4.557990"><ele>14.0</ele></trkpt>
    <trkpt lat="48.225040" lon="-4.557920"><ele>14.0</ele></trkpt>
    <trkpt lat="48.224570" lon="-4.558300"><ele>13.0</ele></trkpt>
    <trkpt lat="48.224520" lon="-4.558270"><ele>13.0</ele></trkpt>
    <trkpt lat="48.224700" lon="-4.557530"><ele>27.0</ele></trkpt>
    <trkpt lat="48.224740" lon="-4.556880"><ele>28.0</ele></trkpt>
    <trkpt lat="48.224720" lon="-4.556420"><ele>30.0</ele></trkpt>
    <trkpt lat="48.224650" lon="-4.556190"><ele>35.0</ele></trkpt>
    <trkpt lat="48.224510" lon="-4.556600"><ele>35.0</ele></trkpt>
    <trkpt lat="48.224100" lon="-4.557170"><ele>41.0</ele></trkpt>
    <trkpt lat="48.223600" lon="-4.557190"><ele>44.0</ele></trkpt>
    <trkpt lat="48.223370" lon="-4.557130"><ele>44.0</ele></trkpt>
    <trkpt lat="48.223240" lon="-4.556900"><ele>45.0</ele></trkpt>
    <trkpt lat="48.222600" lon="-4.556490"><ele>46.0</ele></trkpt>
    <trkpt lat="48.222360" lon="-4.557240"><ele>44.0</ele></trkpt>
    <trkpt lat="48.222310" lon="-4.557270"><ele>42.0</ele></trkpt>
    <trkpt lat="48.222230" lon="-4.557120"><ele>46.0</ele></trkpt>
    <trkpt lat="48.222010" lon="-4.556980"><ele>48.0</ele></trkpt>
    <trkpt lat="48.221630" lon="-4.557210"><ele>51.0</ele></trkpt>
    <trkpt lat="48.221400" lon="-4.557480"><ele>55.0</ele></trkpt>
    <trkpt lat="48.221140" lon="-4.557660"><ele>56.0</ele></trkpt>
    <trkpt lat="48.220870" lon="-4.558040"><ele>60.0</ele></trkpt>
    <trkpt lat="48.220850" lon="-4.558370"><ele>57.0</ele></trkpt>
    <trkpt lat="48.220870" lon="-4.558460"><ele>56.0</ele></trkpt>
    <trkpt lat="48.220810" lon="-4.558530"><ele>56.0</ele></trkpt>
    <trkpt lat="48.220180" lon="-4.558580"><ele>58.0</ele></trkpt>
    <trkpt lat="48.219890" lon="-4.558740"><ele>59.0</ele></trkpt>
    <trkpt lat="48.219770" lon="-4.558650"><ele>59.0</ele></trkpt>
    <trkpt lat="48.219640" lon="-4.558650"><ele>59.0</ele></trkpt>
    <trkpt lat="48.219440" lon="-4.558530"><ele>59.0</ele></trkpt>
    <trkpt lat="48.219300" lon="-4.558510"><ele>55.0</ele></trkpt>
    <trkpt lat="48.219220" lon="-4.558440"><ele>55.0</ele></trkpt>
    <trkpt lat="48.218950" lon="-4.558460"><ele>52.0</ele></trkpt>
    <trkpt lat="48.218800" lon="-4.558420"><ele>49.0</ele></trkpt>
    <trkpt lat="48.218680" lon="-4.558270"><ele>50.0</ele></trkpt>
    <trkpt lat="48.218550" lon="-4.558320"><ele>50.0</ele></trkpt>
    <trkpt lat="48.218410" lon="-4.558230"><ele>47.0</ele></trkpt>
    <trkpt lat="48.218260" lon="-4.558300"><ele>51.0</ele></trkpt>
    <trkpt lat="48.218020" lon="-4.558180"><ele>53.0</ele></trkpt>
    <trkpt lat="48.217730" lon="-4.557920"><ele>55.0</ele></trkpt>
    <trkpt lat="48.217550" lon="-4.557830"><ele>55.0</ele></trkpt>
    <trkpt lat="48.217400" lon="-4.557380"><ele>52.0</ele></trkpt>
    <trkpt lat="48.217280" lon="-4.556680"><ele>53.0</ele></trkpt>
    <trkpt lat="48.217160" lon="-4.556370"><ele>52.0</ele></trkpt>
    <trkpt lat="48.217020" lon="-4.556020"><ele>52.0</ele></trkpt>
    <trkpt lat="48.216670" lon="-4.555620"><ele>54.0</ele></trkpt>
    <trkpt lat="48.216600" lon="-4.555600"><ele>54.0</ele></trkpt>
    <trkpt lat="48.216010" lon="-4.555750"><ele>54.0</ele></trkpt>
    <trkpt lat="48.215690" lon="-4.556160"><ele>53.0</ele></trkpt>
    <trkpt lat="48.215330" lon="-4.556440"><ele>53.0</ele></trkpt>
    <trkpt lat="48.215160" lon="-4.556370"><ele>52.0</ele></trkpt>
    <trkpt lat="48.215030" lon="-4.556390"><ele>50.0</ele></trkpt>
    <trkpt lat="48.214890" lon="-4.556470"><ele>45.0</ele></trkpt>
    <trkpt lat="48.214730" lon="-4.556420"><ele>41.0</ele></trkpt>
    <trkpt lat="48.214450" lon="-4.556160"><ele>36.0</ele></trkpt>
    <trkpt lat="48.214270" lon="-4.556090"><ele>32.0</ele></trkpt>
    <trkpt lat="48.213910" lon="-4.556040"><ele>25.0</ele></trkpt>
    <trkpt lat="48.213620" lon="-4.555480"><ele>28.0</ele></trkpt>
    <trkpt lat="48.213040" lon="-4.554120"><ele>19.0</ele></trkpt>
    <trkpt lat="48.212830" lon="-4.553770"><ele>17.0</ele></trkpt>
    <trkpt lat="48.212480" lon="-4.552970"><ele>14.0</ele></trkpt>
    <trkpt lat="48.212010" lon="-4.552620"><ele>13.0</ele></trkpt>
    <trkpt lat="48.211760" lon="-4.552550"><ele>9.0</ele></trkpt>
    <trkpt lat="48.211580" lon="-4.552310"><ele>8.0</ele></trkpt>
    <trkpt lat="48.211550" lon="-4.552330"><ele>8.0</ele></trkpt>
    <trkpt lat="48.211490" lon="-4.552240"><ele>6.0</ele></trkpt>
    <trkpt lat="48.211360" lon="-4.552220"><ele>7.0</ele></trkpt>
    <trkpt lat="48.211250" lon="-4.552060"><ele>7.0</ele></trkpt>
    <trkpt lat="48.211200" lon="-4.552080"><ele>7.0</ele></trkpt>
    <trkpt lat="48.211070" lon="-4.551890"><ele>7.0</ele></trkpt>
    <trkpt lat="48.210940" lon="-4.551820"><ele>10.0</ele></trkpt>
    <trkpt lat="48.210740" lon="-4.551630"><ele>7.0</ele></trkpt>
    <trkpt lat="48.210490" lon="-4.551520"><ele>8.0</ele></trkpt>
    <trkpt lat="48.209460" lon="-4.551660"><ele>11.0</ele></trkpt>
    <trkpt lat="48.209180" lon="-4.551490"><ele>13.0</ele></trkpt>
    <trkpt lat="48.209070" lon="-4.551560"><ele>14.0</ele></trkpt>
    <trkpt lat="48.208780" lon="-4.551450"><ele>16.0</ele></trkpt>
    <trkpt lat="48.208620" lon="-4.551590"><ele>21.0</ele></trkpt>
    <trkpt lat="48.208580" lon="-4.551680"><ele>21.0</ele></trkpt>
    <trkpt lat="48.208350" lon="-4.551680"><ele>20.0</ele></trkpt>
    <trkpt lat="48.208170" lon="-4.552060"><ele>23.0</ele></trkpt>
    <trkpt lat="48.207750" lon="-4.552330"><ele>22.0</ele></trkpt>
    <trkpt lat="48.207700" lon="-4.552460"><ele>22.0</ele></trkpt>
    <trkpt lat="48.207300" lon="-4.552910"><ele>18.0</ele></trkpt>
    <trkpt lat="48.207240" lon="-4.553070"><ele>18.0</ele></trkpt>
    <trkpt lat="48.207160" lon="-4.553180"><ele>17.0</ele></trkpt>
    <trkpt lat="48.207090" lon="-4.553210"><ele>17.0</ele></trkpt>
    <trkpt lat="48.206750" lon="-4.553180"><ele>17.0</ele></trkpt>
    <trkpt lat="48.206650" lon="-4.553160"><ele>10.0</ele></trkpt>
    <trkpt lat="48.206640" lon="-4.553070"><ele>9.0</ele></trkpt>
    <trkpt lat="48.206690" lon="-4.552950"><ele>15.0</ele></trkpt>
    <trkpt lat="48.206610" lon="-4.552810"><ele>11.0</ele></trkpt>
    <trkpt lat="48.206580" lon="-4.552640"><ele>13.0</ele></trkpt>
    <trkpt lat="48.206470" lon="-4.552460"><ele>12.0</ele></trkpt>
    <trkpt lat="48.206280" lon="-4.552340"><ele>12.0</ele></trkpt>
    <trkpt lat="48.206120" lon="-4.552320"><ele>9.0</ele></trkpt>
    <trkpt lat="48.205840" lon="-4.552180"><ele>11.0</ele></trkpt>
    <trkpt lat="48.205660" lon="-4.552010"><ele>13.0</ele></trkpt>
    <trkpt lat="48.205480" lon="-4.552060"><ele>11.0</ele></trkpt>
    <trkpt lat="48.205360" lon="-4.552030"><ele>12.0</ele></trkpt>
    <trkpt lat="48.205300" lon="-4.552100"><ele>11.0</ele></trkpt>
    <trkpt lat="48.205130" lon="-4.552150"><ele>11.0</ele></trkpt>
    <trkpt lat="48.204970" lon="-4.552030"><ele>15.0</ele></trkpt>
    <trkpt lat="48.204570" lon="-4.551890"><ele>18.0</ele></trkpt>
    <trkpt lat="48.204290" lon="-4.551710"><ele>17.0</ele></trkpt>
    <trkpt lat="48.204230" lon="-4.551540"><ele>20.0</ele></trkpt>
    <trkpt lat="48.204230" lon="-4.551400"><ele>20.0</ele></trkpt>
    <trkpt lat="48.203960" lon="-4.551240"><ele>21.0</ele></trkpt>
    <trkpt lat="48.203640" lon="-4.551160"><ele>22.0</ele></trkpt>
    <trkpt lat="48.203450" lon="-4.551050"><ele>22.0</ele></trkpt>
    <trkpt lat="48.203210" lon="-4.550800"><ele>20.0</ele></trkpt>
    <trkpt lat="48.203150" lon="-4.551290"><ele>19.0</ele></trkpt>
    <trkpt lat="48.203150" lon="-4.551590"><ele>15.0</ele></trkpt>
    <trkpt lat="48.202960" lon="-4.551610"><ele>14.0</ele></trkpt>
    <trkpt lat="48.202670" lon="-4.551420"><ele>13.0</ele></trkpt>
    <trkpt lat="48.202620" lon="-4.551450"><ele>13.0</ele></trkpt>
    <trkpt lat="48.202540" lon="-4.551370"><ele>15.0</ele></trkpt>
    <trkpt lat="48.202340" lon="-4.551450"><ele>11.0</ele></trkpt>
    <trkpt lat="48.202130" lon="-4.551460"><ele>10.0</ele></trkpt>
    <trkpt lat="48.201480" lon="-4.551170"><ele>10.0</ele></trkpt>
    <trkpt lat="48.201150" lon="-4.551140"><ele>9.0</ele></trkpt>
    <trkpt lat="48.200820" lon="-4.550950"><ele>9.0</ele></trkpt>
    <trkpt lat="48.200710" lon="-4.550810"><ele>9.0</ele></trkpt>
    <trkpt lat="48.200440" lon="-4.550910"><ele>8.0</ele></trkpt>
    <trkpt lat="48.200480" lon="-4.550710"><ele>8.0</ele></trkpt>
    <trkpt lat="48.200340" lon="-4.550670"><ele>7.0</ele></trkpt>
    <trkpt lat="48.200090" lon="-4.550470"><ele>8.0</ele></trkpt>
    <trkpt lat="48.199700" lon="-4.550440"><ele>8.0</ele></trkpt>
    <trkpt lat="48.198980" lon="-4.550180"><ele>12.0</ele></trkpt>
    <trkpt lat="48.198240" lon="-4.550320"><ele>14.0</ele></trkpt>
    <trkpt lat="48.197600" lon="-4.550180"><ele>17.0</ele></trkpt>
    <trkpt lat="48.196940" lon="-4.549830"><ele>18.0</ele></trkpt>
    <trkpt lat="48.196860" lon="-4.549830"><ele>20.0</ele></trkpt>
    <trkpt lat="48.196680" lon="-4.549740"><ele>19.0</ele></trkpt>
    <trkpt lat="48.196500" lon="-4.549640"><ele>19.0</ele></trkpt>
    <trkpt lat="48.196280" lon="-4.549450"><ele>20.0</ele></trkpt>
    <trkpt lat="48.196170" lon="-4.549410"><ele>21.0</ele></trkpt>
    <trkpt lat="48.195930" lon="-4.549380"><ele>24.0</ele></trkpt>
    <trkpt lat="48.195770" lon="-4.549430"><ele>26.0</ele></trkpt>
    <trkpt lat="48.195610" lon="-4.549410"><ele>27.0</ele></trkpt>
    <trkpt lat="48.195490" lon="-4.549290"><ele>29.0</ele></trkpt>
    <trkpt lat="48.195370" lon="-4.549240"><ele>30.0</ele></trkpt>
    <trkpt lat="48.194810" lon="-4.549290"><ele>30.0</ele></trkpt>
    <trkpt lat="48.194770" lon="-4.549240"><ele>30.0</ele></trkpt>
    <trkpt lat="48.194620" lon="-4.549220"><ele>30.0</ele></trkpt>
    <trkpt lat="48.194400" lon="-4.549080"><ele>31.0</ele></trkpt>
    <trkpt lat="48.194290" lon="-4.549050"><ele>36.0</ele></trkpt>
    <trkpt lat="48.194210" lon="-4.549100"><ele>32.0</ele></trkpt>
    <trkpt lat="48.194030" lon="-4.549050"><ele>39.0</ele></trkpt>
    <trkpt lat="48.193860" lon="-4.548910"><ele>42.0</ele></trkpt>
    <trkpt lat="48.193830" lon="-4.548840"><ele>42.0</ele></trkpt>
    <trkpt lat="48.193850" lon="-4.548680"><ele>43.0</ele></trkpt>
    <trkpt lat="48.193790" lon="-4.548580"><ele>44.0</ele></trkpt>
    <trkpt lat="48.193600" lon="-4.548730"><ele>42.0</ele></trkpt>
    <trkpt lat="48.193230" lon="-4.548870"><ele>39.0</ele></trkpt>
    <trkpt lat="48.193010" lon="-4.548820"><ele>38.0</ele></trkpt>
    <trkpt lat="48.192420" lon="-4.548540"><ele>40.0</ele></trkpt>
    <trkpt lat="48.192330" lon="-4.548540"><ele>41.0</ele></trkpt>
    <trkpt lat="48.192240" lon="-4.548650"><ele>46.0</ele></trkpt>
    <trkpt lat="48.192190" lon="-4.549550"><ele>44.0</ele></trkpt>
    <trkpt lat="48.192100" lon="-4.549760"><ele>44.0</ele></trkpt>
    <trkpt lat="48.191690" lon="-4.550130"><ele>45.0</ele></trkpt>
    <trkpt lat="48.191300" lon="-4.550370"><ele>47.0</ele></trkpt>
    <trkpt lat="48.191170" lon="-4.550560"><ele>49.0</ele></trkpt>
    <trkpt lat="48.191040" lon="-4.550980"><ele>48.0</ele></trkpt>
    <trkpt lat="48.191020" lon="-4.551260"><ele>48.0</ele></trkpt>
    <trkpt lat="48.190960" lon="-4.551540"><ele>46.0</ele></trkpt>
    <trkpt lat="48.190870" lon="-4.551800"><ele>45.0</ele></trkpt>
    <trkpt lat="48.190750" lon="-4.551960"><ele>45.0</ele></trkpt>
    <trkpt lat="48.190380" lon="-4.552170"><ele>44.0</ele></trkpt>
    <trkpt lat="48.190210" lon="-4.552170"><ele>43.0</ele></trkpt>
    <trkpt lat="48.190030" lon="-4.552130"><ele>43.0</ele></trkpt>
    <trkpt lat="48.189950" lon="-4.551990"><ele>42.0</ele></trkpt>
    <trkpt lat="48.189900" lon="-4.551490"><ele>35.0</ele></trkpt>
    <trkpt lat="48.189730" lon="-4.550630"><ele>42.0</ele></trkpt>
    <trkpt lat="48.189430" lon="-4.549800"><ele>50.0</ele></trkpt>
    <trkpt lat="48.189150" lon="-4.549240"><ele>55.0</ele></trkpt>
    <trkpt lat="48.188930" lon="-4.548890"><ele>63.0</ele></trkpt>
    <trkpt lat="48.188890" lon="-4.548750"><ele>65.0</ele></trkpt>
    <trkpt lat="48.188810" lon="-4.548660"><ele>67.0</ele></trkpt>
    <trkpt lat="48.188790" lon="-4.548480"><ele>73.0</ele></trkpt>
    <trkpt lat="48.188720" lon="-4.548510"><ele>71.0</ele></trkpt>
    <trkpt lat="48.188610" lon="-4.548820"><ele>73.0</ele></trkpt>
    <trkpt lat="48.188260" lon="-4.549360"><ele>71.0</ele></trkpt>
    <trkpt lat="48.188030" lon="-4.549410"><ele>72.0</ele></trkpt>
    <trkpt lat="48.187940" lon="-4.549340"><ele>73.0</ele></trkpt>
    <trkpt lat="48.187670" lon="-4.549500"><ele>72.0</ele></trkpt>
    <trkpt lat="48.187370" lon="-4.549410"><ele>72.0</ele></trkpt>
    <trkpt lat="48.187070" lon="-4.549430"><ele>77.0</ele></trkpt>
    <trkpt lat="48.186600" lon="-4.549990"><ele>76.0</ele></trkpt>
    <trkpt lat="48.186220" lon="-4.550300"><ele>74.0</ele></trkpt>
    <trkpt lat="48.186070" lon="-4.550370"><ele>79.0</ele></trkpt>
    <trkpt lat="48.185900" lon="-4.550580"><ele>78.0</ele></trkpt>
    <trkpt lat="48.185820" lon="-4.550720"><ele>79.0</ele></trkpt>
    <trkpt lat="48.185560" lon="-4.551440"><ele>79.0</ele></trkpt>
    <trkpt lat="48.185360" lon="-4.551680"><ele>78.0</ele></trkpt>
    <trkpt lat="48.185110" lon="-4.551860"><ele>72.0</ele></trkpt>
    <trkpt lat="48.184650" lon="-4.551520"><ele>74.0</ele></trkpt>
    <trkpt lat="48.184250" lon="-4.551330"><ele>75.0</ele></trkpt>
    <trkpt lat="48.184140" lon="-4.551190"><ele>79.0</ele></trkpt>
    <trkpt lat="48.183920" lon="-4.551160"><ele>79.0</ele></trkpt>
    <trkpt lat="48.183870" lon="-4.551050"><ele>81.0</ele></trkpt>
    <trkpt lat="48.183730" lon="-4.550910"><ele>83.0</ele></trkpt>
    <trkpt lat="48.183540" lon="-4.550560"><ele>83.0</ele></trkpt>
    <trkpt lat="48.183430" lon="-4.550200"><ele>84.0</ele></trkpt>
    <trkpt lat="48.182980" lon="-4.549170"><ele>84.0</ele></trkpt>
    <trkpt lat="48.182890" lon="-4.548860"><ele>85.0</ele></trkpt>
    <trkpt lat="48.182320" lon="-4.548070"><ele>85.0</ele></trkpt>
    <trkpt lat="48.182160" lon="-4.547620"><ele>85.0</ele></trkpt>
    <trkpt lat="48.182090" lon="-4.547760"><ele>84.0</ele></trkpt>
    <trkpt lat="48.181930" lon="-4.547930"><ele>80.0</ele></trkpt>
    <trkpt lat="48.181690" lon="-4.548510"><ele>68.0</ele></trkpt>
    <trkpt lat="48.181450" lon="-4.548610"><ele>73.0</ele></trkpt>
    <trkpt lat="48.181400" lon="-4.548560"><ele>74.0</ele></trkpt>
    <trkpt lat="48.181270" lon="-4.548630"><ele>71.0</ele></trkpt>
    <trkpt lat="48.181240" lon="-4.548840"><ele>71.0</ele></trkpt>
    <trkpt lat="48.181080" lon="-4.549120"><ele>69.0</ele></trkpt>
    <trkpt lat="48.181020" lon="-4.549340"><ele>66.0</ele></trkpt>
    <trkpt lat="48.180830" lon="-4.549660"><ele>63.0</ele></trkpt>
    <trkpt lat="48.180720" lon="-4.550110"><ele>59.0</ele></trkpt>
    <trkpt lat="48.180570" lon="-4.550300"><ele>53.0</ele></trkpt>
    <trkpt lat="48.180530" lon="-4.550440"><ele>52.0</ele></trkpt>
    <trkpt lat="48.180370" lon="-4.550630"><ele>55.0</ele></trkpt>
    <trkpt lat="48.180290" lon="-4.551140"><ele>62.0</ele></trkpt>
    <trkpt lat="48.180240" lon="-4.551170"><ele>62.0</ele></trkpt>
    <trkpt lat="48.180070" lon="-4.551140"><ele>71.0</ele></trkpt>
    <trkpt lat="48.179800" lon="-4.551440"><ele>74.0</ele></trkpt>
    <trkpt lat="48.179310" lon="-4.551730"><ele>76.0</ele></trkpt>
    <trkpt lat="48.178950" lon="-4.551790"><ele>81.0</ele></trkpt>
    <trkpt lat="48.178680" lon="-4.552130"><ele>83.0</ele></trkpt>
    <trkpt lat="48.178570" lon="-4.552320"><ele>83.0</ele></trkpt>
    <trkpt lat="48.178480" lon="-4.552670"><ele>84.0</ele></trkpt>
    <trkpt lat="48.178390" lon="-4.552810"><ele>85.0</ele></trkpt>
    <trkpt lat="48.178320" lon="-4.552830"><ele>85.0</ele></trkpt>
    <trkpt lat="48.177800" lon="-4.553860"><ele>91.0</ele></trkpt>
    <trkpt lat="48.177400" lon="-4.554310"><ele>93.0</ele></trkpt>
    <trkpt lat="48.177400" lon="-4.554500"><ele>93.0</ele></trkpt>
    <trkpt lat="48.177480" lon="-4.554870"><ele>92.0</ele></trkpt>
    <trkpt lat="48.177470" lon="-4.555040"><ele>92.0</ele></trkpt>
    <trkpt lat="48.177320" lon="-4.555600"><ele>91.0</ele></trkpt>
    <trkpt lat="48.176960" lon="-4.556350"><ele>90.0</ele></trkpt>
    <trkpt lat="48.176830" lon="-4.556700"><ele>90.0</ele></trkpt>
    <trkpt lat="48.176640" lon="-4.556960"><ele>91.0</ele></trkpt>
    <trkpt lat="48.176510" lon="-4.557220"><ele>91.0</ele></trkpt>
    <trkpt lat="48.176330" lon="-4.557400"><ele>91.0</ele></trkpt>
    <trkpt lat="48.176260" lon="-4.557660"><ele>91.0</ele></trkpt>
    <trkpt lat="48.176100" lon="-4.557900"><ele>90.0</ele></trkpt>
    <trkpt lat="48.175860" lon="-4.557690"><ele>88.0</ele></trkpt>
    <trkpt lat="48.175720" lon="-4.557220"><ele>89.0</ele></trkpt>
    <trkpt lat="48.175720" lon="-4.557080"><ele>90.0</ele></trkpt>
    <trkpt lat="48.175530" lon="-4.556680"><ele>84.0</ele></trkpt>
    <trkpt lat="48.175430" lon="-4.556540"><ele>83.0</ele></trkpt>
    <trkpt lat="48.175100" lon="-4.556280"><ele>83.0</ele></trkpt>
    <trkpt lat="48.174900" lon="-4.556050"><ele>83.0</ele></trkpt>
    <trkpt lat="48.174630" lon="-4.555900"><ele>79.0</ele></trkpt>
    <trkpt lat="48.174500" lon="-4.555880"><ele>76.0</ele></trkpt>
    <trkpt lat="48.174480" lon="-4.555830"><ele>76.0</ele></trkpt>
    <trkpt lat="48.174260" lon="-4.555830"><ele>71.0</ele></trkpt>
    <trkpt lat="48.174140" lon="-4.555720"><ele>67.0</ele></trkpt>
    <trkpt lat="48.173920" lon="-4.555650"><ele>63.0</ele></trkpt>
    <trkpt lat="48.173780" lon="-4.555670"><ele>62.0</ele></trkpt>
    <trkpt lat="48.173470" lon="-4.555830"><ele>68.0</ele></trkpt>
    <trkpt lat="48.173160" lon="-4.555930"><ele>74.0</ele></trkpt>
    <trkpt lat="48.172980" lon="-4.555820"><ele>85.0</ele></trkpt>
    <trkpt lat="48.172920" lon="-4.555880"><ele>85.0</ele></trkpt>
    <trkpt lat="48.172820" lon="-4.556350"><ele>85.0</ele></trkpt>
    <trkpt lat="48.172660" lon="-4.556470"><ele>86.0</ele></trkpt>
    <trkpt lat="48.172430" lon="-4.556490"><ele>86.0</ele></trkpt>
    <trkpt lat="48.171870" lon="-4.556420"><ele>85.0</ele></trkpt>
    <trkpt lat="48.171760" lon="-4.556470"><ele>85.0</ele></trkpt>
    <trkpt lat="48.171570" lon="-4.556470"><ele>86.0</ele></trkpt>
    <trkpt lat="48.170630" lon="-4.556090"><ele>85.0</ele></trkpt>
    <trkpt lat="48.170590" lon="-4.555990"><ele>89.0</ele></trkpt>
    <trkpt lat="48.170520" lon="-4.555930"><ele>89.0</ele></trkpt>
    <trkpt lat="48.170380" lon="-4.555620"><ele>87.0</ele></trkpt>
    <trkpt lat="48.170360" lon="-4.555340"><ele>90.0</ele></trkpt>
    <trkpt lat="48.169970" lon="-4.554590"><ele>91.0</ele></trkpt>
    <trkpt lat="48.169810" lon="-4.553830"><ele>90.0</ele></trkpt>
    <trkpt lat="48.169120" lon="-4.553630"><ele>87.0</ele></trkpt>
    <trkpt lat="48.168960" lon="-4.552910"><ele>86.0</ele></trkpt>
    <trkpt lat="48.169090" lon="-4.551790"><ele>90.0</ele></trkpt>
    <trkpt lat="48.169120" lon="-4.551110"><ele>92.0</ele></trkpt>
    <trkpt lat="48.169280" lon="-4.550170"><ele>91.0</ele></trkpt>
    <trkpt lat="48.169270" lon="-4.549520"><ele>91.0</ele></trkpt>
    <trkpt lat="48.169190" lon="-4.548840"><ele>89.0</ele></trkpt>
    <trkpt lat="48.169330" lon="-4.548280"><ele>88.0</ele></trkpt>
    <trkpt lat="48.169440" lon="-4.547670"><ele>88.0</ele></trkpt>
    <trkpt lat="48.169490" lon="-4.546870"><ele>85.0</ele></trkpt>
    <trkpt lat="48.169550" lon="-4.546500"><ele>85.0</ele></trkpt>
    <trkpt lat="48.169650" lon="-4.546150"><ele>85.0</ele></trkpt>
    <trkpt lat="48.169690" lon="-4.546050"><ele>83.0</ele></trkpt>
    <trkpt lat="48.169760" lon="-4.545990"><ele>85.0</ele></trkpt>
    <trkpt lat="48.169920" lon="-4.545960"><ele>88.0</ele></trkpt>
    <trkpt lat="48.170040" lon="-4.545990"><ele>90.0</ele></trkpt>
    <trkpt lat="48.170120" lon="-4.545650"><ele>89.0</ele></trkpt>
    <trkpt lat="48.170140" lon="-4.545300"><ele>90.0</ele></trkpt>
    <trkpt lat="48.170080" lon="-4.544960"><ele>90.0</ele></trkpt>
    <trkpt lat="48.170090" lon="-4.544100"><ele>89.0</ele></trkpt>
    <trkpt lat="48.170030" lon="-4.543780"><ele>88.0</ele></trkpt>
    <trkpt lat="48.169900" lon="-4.543520"><ele>86.0</ele></trkpt>
    <trkpt lat="48.169770" lon="-4.543110"><ele>84.0</ele></trkpt>
    <trkpt lat="48.169790" lon="-4.543010"><ele>82.0</ele></trkpt>
    <trkpt lat="48.170140" lon="-4.542630"><ele>83.0</ele></trkpt>
    <trkpt lat="48.170380" lon="-4.542300"><ele>83.0</ele></trkpt>
    <trkpt lat="48.170450" lon="-4.541410"><ele>80.0</ele></trkpt>
    <trkpt lat="48.170490" lon="-4.541190"><ele>73.0</ele></trkpt>
    <trkpt lat="48.170570" lon="-4.540870"><ele>77.0</ele></trkpt>
    <trkpt lat="48.170640" lon="-4.540800"><ele>79.0</ele></trkpt>
    <trkpt lat="48.170750" lon="-4.540590"><ele>76.0</ele></trkpt>
    <trkpt lat="48.170860" lon="-4.540520"><ele>71.0</ele></trkpt>
    <trkpt lat="48.171020" lon="-4.540700"><ele>74.0</ele></trkpt>
    <trkpt lat="48.171220" lon="-4.541010"><ele>71.0</ele></trkpt>
    <trkpt lat="48.171620" lon="-4.541430"><ele>71.0</ele></trkpt>
    <trkpt lat="48.171840" lon="-4.541830"><ele>67.0</ele></trkpt>
    <trkpt lat="48.172050" lon="-4.542340"><ele>63.0</ele></trkpt>
    <trkpt lat="48.172070" lon="-4.542370"><ele>63.0</ele></trkpt>
    <trkpt lat="48.172090" lon="-4.542340"><ele>63.0</ele></trkpt>
    <trkpt lat="48.172060" lon="-4.542200"><ele>62.0</ele></trkpt>
    <trkpt lat="48.172080" lon="-4.542160"><ele>61.0</ele></trkpt>
    <trkpt lat="48.172230" lon="-4.542560"><ele>58.0</ele></trkpt>
    <trkpt lat="48.172470" lon="-4.542930"><ele>55.0</ele></trkpt>
    <trkpt lat="48.172760" lon="-4.543190"><ele>54.0</ele></trkpt>
    <trkpt lat="48.172950" lon="-4.543260"><ele>54.0</ele></trkpt>
    <trkpt lat="48.173260" lon="-4.543170"><ele>55.0</ele></trkpt>
    <trkpt lat="48.173460" lon="-4.542980"><ele>55.0</ele></trkpt>
    <trkpt lat="48.173640" lon="-4.542900"><ele>63.0</ele></trkpt>
    <trkpt lat="48.173950" lon="-4.542810"><ele>67.0</ele></trkpt>
    <trkpt lat="48.174710" lon="-4.542700"><ele>78.0</ele></trkpt>
    <trkpt lat="48.174790" lon="-4.542530"><ele>70.0</ele></trkpt>
    <trkpt lat="48.174830" lon="-4.542230"><ele>68.0</ele></trkpt>
    <trkpt lat="48.175090" lon="-4.541900"><ele>66.0</ele></trkpt>
    <trkpt lat="48.175790" lon="-4.541430"><ele>65.0</ele></trkpt>
    <trkpt lat="48.176410" lon="-4.540610"><ele>65.0</ele></trkpt>
    <trkpt lat="48.176590" lon="-4.540300"><ele>64.0</ele></trkpt>
    <trkpt lat="48.176610" lon="-4.540070"><ele>64.0</ele></trkpt>
    <trkpt lat="48.176700" lon="-4.539930"><ele>64.0</ele></trkpt>
    <trkpt lat="48.176690" lon="-4.539830"><ele>62.0</ele></trkpt>
    <trkpt lat="48.177140" lon="-4.540020"><ele>61.0</ele></trkpt>
    <trkpt lat="48.177550" lon="-4.540280"><ele>51.0</ele></trkpt>
    <trkpt lat="48.177960" lon="-4.540870"><ele>49.0</ele></trkpt>
    <trkpt lat="48.178150" lon="-4.540980"><ele>48.0</ele></trkpt>
    <trkpt lat="48.178230" lon="-4.540940"><ele>46.0</ele></trkpt>
    <trkpt lat="48.178360" lon="-4.541150"><ele>48.0</ele></trkpt>
    <trkpt lat="48.178390" lon="-4.541380"><ele>51.0</ele></trkpt>
    <trkpt lat="48.178450" lon="-4.541410"><ele>47.0</ele></trkpt>
    <trkpt lat="48.178550" lon="-4.541550"><ele>47.0</ele></trkpt>
    <trkpt lat="48.178650" lon="-4.541430"><ele>44.0</ele></trkpt>
    <trkpt lat="48.178860" lon="-4.541380"><ele>46.0</ele></trkpt>
    <trkpt lat="48.179110" lon="-4.541360"><ele>46.0</ele></trkpt>
    <trkpt lat="48.179240" lon="-4.541430"><ele>46.0</ele></trkpt>
    <trkpt lat="48.179480" lon="-4.541450"><ele>46.0</ele></trkpt>
    <trkpt lat="48.179690" lon="-4.541410"><ele>49.0</ele></trkpt>
    <trkpt lat="48.179910" lon="-4.541450"><ele>53.0</ele></trkpt>
    <trkpt lat="48.179980" lon="-4.541410"><ele>53.0</ele></trkpt>
    <trkpt lat="48.180060" lon="-4.541480"><ele>54.0</ele></trkpt>
    <trkpt lat="48.180200" lon="-4.541380"><ele>54.0</ele></trkpt>
    <trkpt lat="48.180400" lon="-4.541340"><ele>56.0</ele></trkpt>
    <trkpt lat="48.180820" lon="-4.541340"><ele>63.0</ele></trkpt>
    <trkpt lat="48.181050" lon="-4.541100"><ele>58.0</ele></trkpt>
    <trkpt lat="48.181300" lon="-4.540730"><ele>57.0</ele></trkpt>
    <trkpt lat="48.181380" lon="-4.540490"><ele>49.0</ele></trkpt>
    <trkpt lat="48.181390" lon="-4.540000"><ele>39.0</ele></trkpt>
    <trkpt lat="48.181440" lon="-4.539810"><ele>43.0</ele></trkpt>
    <trkpt lat="48.181500" lon="-4.539620"><ele>45.0</ele></trkpt>
    <trkpt lat="48.181790" lon="-4.539200"><ele>44.0</ele></trkpt>
    <trkpt lat="48.181880" lon="-4.538730"><ele>44.0</ele></trkpt>
    <trkpt lat="48.182020" lon="-4.538430"><ele>45.0</ele></trkpt>
    <trkpt lat="48.182470" lon="-4.538170"><ele>52.0</ele></trkpt>
    <trkpt lat="48.182730" lon="-4.538240"><ele>65.0</ele></trkpt>
    <trkpt lat="48.182940" lon="-4.538230"><ele>67.0</ele></trkpt>
    <trkpt lat="48.183060" lon="-4.538030"><ele>57.0</ele></trkpt>
    <trkpt lat="48.183220" lon="-4.537860"><ele>59.0</ele></trkpt>
    <trkpt lat="48.183440" lon="-4.537490"><ele>61.0</ele></trkpt>
    <trkpt lat="48.183530" lon="-4.537460"><ele>65.0</ele></trkpt>
    <trkpt lat="48.183570" lon="-4.537490"><ele>65.0</ele></trkpt>
    <trkpt lat="48.183740" lon="-4.537280"><ele>69.0</ele></trkpt>
    <trkpt lat="48.184010" lon="-4.537110"><ele>80.0</ele></trkpt>
    <trkpt lat="48.184030" lon="-4.537020"><ele>75.0</ele></trkpt>
    <trkpt lat="48.183970" lon="-4.536200"><ele>72.0</ele></trkpt>
    <trkpt lat="48.183870" lon="-4.536060"><ele>71.0</ele></trkpt>
    <trkpt lat="48.183800" lon="-4.535820"><ele>73.0</ele></trkpt>
    <trkpt lat="48.183760" lon="-4.535610"><ele>72.0</ele></trkpt>
    <trkpt lat="48.183790" lon="-4.535450"><ele>75.0</ele></trkpt>
    <trkpt lat="48.184090" lon="-4.534910"><ele>80.0</ele></trkpt>
    <trkpt lat="48.184300" lon="-4.534410"><ele>79.0</ele></trkpt>
    <trkpt lat="48.184490" lon="-4.533730"><ele>79.0</ele></trkpt>
    <trkpt lat="48.184620" lon="-4.533460"><ele>82.0</ele></trkpt>
    <trkpt lat="48.184760" lon="-4.533190"><ele>85.0</ele></trkpt>
    <trkpt lat="48.185560" lon="-4.532000"><ele>89.0</ele></trkpt>
    <trkpt lat="48.185640" lon="-4.531220"><ele>86.0</ele></trkpt>
    <trkpt lat="48.185810" lon="-4.531220"><ele>88.0</ele></trkpt>
    <trkpt lat="48.186120" lon="-4.530860"><ele>89.0</ele></trkpt>
    <trkpt lat="48.186150" lon="-4.530730"><ele>88.0</ele></trkpt>
    <trkpt lat="48.186210" lon="-4.530680"><ele>89.0</ele></trkpt>
    <trkpt lat="48.186290" lon="-4.530700"><ele>90.0</ele></trkpt>
    <trkpt lat="48.186740" lon="-4.529860"><ele>92.0</ele></trkpt>
    <trkpt lat="48.186790" lon="-4.529110"><ele>93.0</ele></trkpt>
    <trkpt lat="48.186890" lon="-4.528950"><ele>91.0</ele></trkpt>
    <trkpt lat="48.187010" lon="-4.528850"><ele>92.0</ele></trkpt>
    <trkpt lat="48.187010" lon="-4.528600"><ele>93.0</ele></trkpt>
    <trkpt lat="48.187320" lon="-4.528060"><ele>91.0</ele></trkpt>
    <trkpt lat="48.187390" lon="-4.527820"><ele>87.0</ele></trkpt>
    <trkpt lat="48.187730" lon="-4.527380"><ele>85.0</ele></trkpt>
    <trkpt lat="48.187940" lon="-4.527210"><ele>82.0</ele></trkpt>
    <trkpt lat="48.187940" lon="-4.527140"><ele>79.0</ele></trkpt>
    <trkpt lat="48.188060" lon="-4.526930"><ele>73.0</ele></trkpt>
    <trkpt lat="48.188420" lon="-4.526740"><ele>70.0</ele></trkpt>
    <trkpt lat="48.188560" lon="-4.526770"><ele>66.0</ele></trkpt>
    <trkpt lat="48.188650" lon="-4.526840"><ele>70.0</ele></trkpt>
    <trkpt lat="48.188800" lon="-4.527070"><ele>70.0</ele></trkpt>
    <trkpt lat="48.188960" lon="-4.527050"><ele>70.0</ele></trkpt>
    <trkpt lat="48.188940" lon="-4.527000"><ele>70.0</ele></trkpt>
    <trkpt lat="48.188970" lon="-4.526980"><ele>68.0</ele></trkpt>
    <trkpt lat="48.188920" lon="-4.526980"><ele>68.0</ele></trkpt>
    <trkpt lat="48.188990" lon="-4.526810"><ele>72.0</ele></trkpt>
    <trkpt lat="48.189220" lon="-4.526810"><ele>75.0</ele></trkpt>
    <trkpt lat="48.189360" lon="-4.526720"><ele>83.0</ele></trkpt>
    <trkpt lat="48.189760" lon="-4.526340"><ele>95.0</ele></trkpt>
    <trkpt lat="48.189880" lon="-4.526110"><ele>97.0</ele></trkpt>
    <trkpt lat="48.190110" lon="-4.525450"><ele>99.0</ele></trkpt>
    <trkpt lat="48.190190" lon="-4.525100"><ele>98.0</ele></trkpt>
    <trkpt lat="48.190590" lon="-4.524400"><ele>94.0</ele></trkpt>
    <trkpt lat="48.190650" lon="-4.524400"><ele>94.0</ele></trkpt>
    <trkpt lat="48.190720" lon="-4.524470"><ele>93.0</ele></trkpt>
    <trkpt lat="48.191680" lon="-4.524190"><ele>90.0</ele></trkpt>
    <trkpt lat="48.192190" lon="-4.523720"><ele>93.0</ele></trkpt>
    <trkpt lat="48.192510" lon="-4.523320"><ele>93.0</ele></trkpt>
    <trkpt lat="48.192630" lon="-4.523220"><ele>94.0</ele></trkpt>
    <trkpt lat="48.192720" lon="-4.523180"><ele>93.0</ele></trkpt>
    <trkpt lat="48.192790" lon="-4.523200"><ele>94.0</ele></trkpt>
    <trkpt lat="48.193210" lon="-4.523620"><ele>94.0</ele></trkpt>
    <trkpt lat="48.193650" lon="-4.523670"><ele>91.0</ele></trkpt>
    <trkpt lat="48.194110" lon="-4.523650"><ele>91.0</ele></trkpt>
    <trkpt lat="48.194630" lon="-4.523690"><ele>93.0</ele></trkpt>
    <trkpt lat="48.194730" lon="-4.523650"><ele>94.0</ele></trkpt>
    <trkpt lat="48.194960" lon="-4.523650"><ele>95.0</ele></trkpt>
    <trkpt lat="48.195030" lon="-4.523580"><ele>94.0</ele></trkpt>
    <trkpt lat="48.195170" lon="-4.523580"><ele>95.0</ele></trkpt>
    <trkpt lat="48.195610" lon="-4.523460"><ele>95.0</ele></trkpt>
    <trkpt lat="48.195950" lon="-4.522920"><ele>93.0</ele></trkpt>
    <trkpt lat="48.196130" lon="-4.522520"><ele>91.0</ele></trkpt>
    <trkpt lat="48.196360" lon="-4.522240"><ele>87.0</ele></trkpt>
    <trkpt lat="48.196510" lon="-4.521840"><ele>86.0</ele></trkpt>
    <trkpt lat="48.196570" lon="-4.521790"><ele>81.0</ele></trkpt>
    <trkpt lat="48.196730" lon="-4.521500"><ele>85.0</ele></trkpt>
    <trkpt lat="48.196980" lon="-4.521020"><ele>84.0</ele></trkpt>
    <trkpt lat="48.197000" lon="-4.520920"><ele>81.0</ele></trkpt>
    <trkpt lat="48.197070" lon="-4.520880"><ele>84.0</ele></trkpt>
    <trkpt lat="48.197230" lon="-4.520370"><ele>87.0</ele></trkpt>
    <trkpt lat="48.197310" lon="-4.520380"><ele>88.0</ele></trkpt>
    <trkpt lat="48.197420" lon="-4.520530"><ele>87.0</ele></trkpt>
    <trkpt lat="48.197580" lon="-4.520620"><ele>89.0</ele></trkpt>
    <trkpt lat="48.197710" lon="-4.520640"><ele>87.0</ele></trkpt>
    <trkpt lat="48.197910" lon="-4.520550"><ele>88.0</ele></trkpt>
    <trkpt lat="48.198080" lon="-4.520340"><ele>88.0</ele></trkpt>
    <trkpt lat="48.198400" lon="-4.520290"><ele>88.0</ele></trkpt>
    <trkpt lat="48.198640" lon="-4.520150"><ele>90.0</ele></trkpt>
    <trkpt lat="48.198860" lon="-4.520130"><ele>90.0</ele></trkpt>
    <trkpt lat="48.199100" lon="-4.519990"><ele>90.0</ele></trkpt>
    <trkpt lat="48.199370" lon="-4.519740"><ele>88.0</ele></trkpt>
    <trkpt lat="48.199610" lon="-4.519090"><ele>89.0</ele></trkpt>
    <trkpt lat="48.199800" lon="-4.518020"><ele>89.0</ele></trkpt>
    <trkpt lat="48.199770" lon="-4.517660"><ele>87.0</ele></trkpt>
    <trkpt lat="48.199790" lon="-4.517590"><ele>84.0</ele></trkpt>
    <trkpt lat="48.200060" lon="-4.517290"><ele>87.0</ele></trkpt>
    <trkpt lat="48.200230" lon="-4.517260"><ele>81.0</ele></trkpt>
    <trkpt lat="48.200320" lon="-4.516790"><ele>75.0</ele></trkpt>
    <trkpt lat="48.200540" lon="-4.516130"><ele>64.0</ele></trkpt>
    <trkpt lat="48.201020" lon="-4.515650"><ele>67.0</ele></trkpt>
    <trkpt lat="48.201360" lon="-4.515380"><ele>64.0</ele></trkpt>
    <trkpt lat="48.201510" lon="-4.514270"><ele>53.0</ele></trkpt>
    <trkpt lat="48.201820" lon="-4.514580"><ele>49.0</ele></trkpt>
    <trkpt lat="48.203580" lon="-4.515570"><ele>48.0</ele></trkpt>
    <trkpt lat="48.203750" lon="-4.515820"><ele>52.0</ele></trkpt>
    <trkpt lat="48.204540" lon="-4.516140"><ele>64.0</ele></trkpt>
    <trkpt lat="48.204710" lon="-4.516290"><ele>70.0</ele></trkpt>
    <trkpt lat="48.204860" lon="-4.518410"><ele>75.0</ele></trkpt>
    <trkpt lat="48.204900" lon="-4.518650"><ele>75.0</ele></trkpt>
    <trkpt lat="48.204080" lon="-4.518940"><ele>78.0</ele></trkpt>
    <trkpt lat="48.203230" lon="-4.519320"><ele>84.0</ele></trkpt>
    <trkpt lat="48.203070" lon="-4.519560"><ele>84.0</ele></trkpt>
    <trkpt lat="48.203250" lon="-4.521190"><ele>78.0</ele></trkpt>
    <trkpt lat="48.203680" lon="-4.525850"><ele>63.0</ele></trkpt>
    <trkpt lat="48.203750" lon="-4.526980"><ele>60.0</ele></trkpt>
    <trkpt lat="48.203730" lon="-4.527120"><ele>60.0</ele></trkpt>
    <trkpt lat="48.203810" lon="-4.527300"><ele>59.0</ele></trkpt>
    <trkpt lat="48.203820" lon="-4.527480"><ele>58.0</ele></trkpt>
    <trkpt lat="48.204150" lon="-4.527890"><ele>56.0</ele></trkpt>
    <trkpt lat="48.204000" lon="-4.528200"><ele>56.0</ele></trkpt>
    <trkpt lat="48.203720" lon="-4.528490"><ele>56.0</ele></trkpt>
    <trkpt lat="48.203580" lon="-4.528240"><ele>56.0</ele></trkpt>
    <trkpt lat="48.203720" lon="-4.528490"><ele>56.0</ele></trkpt>
    <trkpt lat="48.204000" lon="-4.528200"><ele>56.0</ele></trkpt>
    <trkpt lat="48.204150" lon="-4.527890"><ele>56.0</ele></trkpt>
    <trkpt lat="48.203820" lon="-4.527480"><ele>58.0</ele></trkpt>
    <trkpt lat="48.203070" lon="-4.519560"><ele>82.0</ele></trkpt>
    <trkpt lat="48.204080" lon="-4.518940"><ele>78.0</ele></trkpt>
    <trkpt lat="48.206250" lon="-4.518400"><ele>69.0</ele></trkpt>
    <trkpt lat="48.206890" lon="-4.518030"><ele>68.0</ele></trkpt>
    <trkpt lat="48.207960" lon="-4.517990"><ele>67.0</ele></trkpt>
    <trkpt lat="48.208000" lon="-4.517740"><ele>67.0</ele></trkpt>
    <trkpt lat="48.207770" lon="-4.517100"><ele>67.0</ele></trkpt>
    <trkpt lat="48.207600" lon="-4.516800"><ele>66.0</ele></trkpt>
    <trkpt lat="48.207350" lon="-4.515190"><ele>53.0</ele></trkpt>
    <trkpt lat="48.207280" lon="-4.514030"><ele>47.0</ele></trkpt>
    <trkpt lat="48.207370" lon="-4.513980"><ele>33.0</ele></trkpt>
    <trkpt lat="48.207450" lon="-4.514000"><ele>36.0</ele></trkpt>
    <trkpt lat="48.207640" lon="-4.513750"><ele>53.0</ele></trkpt>
    <trkpt lat="48.208320" lon="-4.513820"><ele>68.0</ele></trkpt>
    <trkpt lat="48.208450" lon="-4.513780"><ele>68.0</ele></trkpt>
    <trkpt lat="48.208620" lon="-4.513630"><ele>70.0</ele></trkpt>
    <trkpt lat="48.208750" lon="-4.513350"><ele>72.0</ele></trkpt>
    <trkpt lat="48.209090" lon="-4.512880"><ele>74.0</ele></trkpt>
    <trkpt lat="48.209140" lon="-4.512720"><ele>76.0</ele></trkpt>
    <trkpt lat="48.209280" lon="-4.512570"><ele>78.0</ele></trkpt>
    <trkpt lat="48.209970" lon="-4.512410"><ele>83.0</ele></trkpt>
    <trkpt lat="48.210410" lon="-4.512360"><ele>85.0</ele></trkpt>
    <trkpt lat="48.211030" lon="-4.512060"><ele>85.0</ele></trkpt>
    <trkpt lat="48.211090" lon="-4.511990"><ele>84.0</ele></trkpt>
    <trkpt lat="48.211570" lon="-4.511730"><ele>85.0</ele></trkpt>
    <trkpt lat="48.211990" lon="-4.511380"><ele>82.0</ele></trkpt>
    <trkpt lat="48.212910" lon="-4.510410"><ele>81.0</ele></trkpt>
    <trkpt lat="48.213150" lon="-4.510060"><ele>83.0</ele></trkpt>
    <trkpt lat="48.213470" lon="-4.509330"><ele>84.0</ele></trkpt>
    <trkpt lat="48.213610" lon="-4.509100"><ele>88.0</ele></trkpt>
    <trkpt lat="48.213760" lon="-4.508650"><ele>90.0</ele></trkpt>
    <trkpt lat="48.213810" lon="-4.508400"><ele>92.0</ele></trkpt>
    <trkpt lat="48.213880" lon="-4.508370"><ele>91.0</ele></trkpt>
    <trkpt lat="48.213910" lon="-4.508440"><ele>92.0</ele></trkpt>
    <trkpt lat="48.213970" lon="-4.508400"><ele>92.0</ele></trkpt>
    <trkpt lat="48.214130" lon="-4.508110"><ele>91.0</ele></trkpt>
    <trkpt lat="48.214320" lon="-4.508040"><ele>91.0</ele></trkpt>
    <trkpt lat="48.214420" lon="-4.507880"><ele>92.0</ele></trkpt>
    <trkpt lat="48.214470" lon="-4.507670"><ele>89.0</ele></trkpt>
    <trkpt lat="48.214590" lon="-4.507460"><ele>90.0</ele></trkpt>
    <trkpt lat="48.214870" lon="-4.507200"><ele>90.0</ele></trkpt>
    <trkpt lat="48.215090" lon="-4.506890"><ele>88.0</ele></trkpt>
    <trkpt lat="48.215310" lon="-4.506380"><ele>86.0</ele></trkpt>
    <trkpt lat="48.215320" lon="-4.506300"><ele>86.0</ele></trkpt>
    <trkpt lat="48.215280" lon="-4.506310"><ele>84.0</ele></trkpt>
    <trkpt lat="48.215500" lon="-4.506140"><ele>86.0</ele></trkpt>
    <trkpt lat="48.215730" lon="-4.505750"><ele>85.0</ele></trkpt>
    <trkpt lat="48.216010" lon="-4.505850"><ele>85.0</ele></trkpt>
    <trkpt lat="48.216250" lon="-4.506200"><ele>85.0</ele></trkpt>
    <trkpt lat="48.217200" lon="-4.503730"><ele>86.0</ele></trkpt>
    <trkpt lat="48.216690" lon="-4.503200"><ele>79.0</ele></trkpt>
    <trkpt lat="48.216870" lon="-4.502990"><ele>81.0</ele></trkpt>
    <trkpt lat="48.216930" lon="-4.502740"><ele>76.0</ele></trkpt>
    <trkpt lat="48.217110" lon="-4.502490"><ele>81.0</ele></trkpt>
    <trkpt lat="48.217130" lon="-4.501180"><ele>81.0</ele></trkpt>
    <trkpt lat="48.217290" lon="-4.500880"><ele>81.0</ele></trkpt>
    <trkpt lat="48.217480" lon="-4.500080"><ele>81.0</ele></trkpt>
    <trkpt lat="48.217640" lon="-4.500090"><ele>81.0</ele></trkpt>
    <trkpt lat="48.217720" lon="-4.499690"><ele>81.0</ele></trkpt>
    <trkpt lat="48.217880" lon="-4.499670"><ele>81.0</ele></trkpt>
    <trkpt lat="48.217940" lon="-4.499390"><ele>80.0</ele></trkpt>
    <trkpt lat="48.218140" lon="-4.499290"><ele>80.0</ele></trkpt>
    <trkpt lat="48.218190" lon="-4.499180"><ele>80.0</ele></trkpt>
    <trkpt lat="48.218350" lon="-4.499290"><ele>80.0</ele></trkpt>
    <trkpt lat="48.218510" lon="-4.499050"><ele>79.0</ele></trkpt>
    <trkpt lat="48.218470" lon="-4.498760"><ele>79.0</ele></trkpt>
    <trkpt lat="48.219070" lon="-4.498870"><ele>77.0</ele></trkpt>
    <trkpt lat="48.219970" lon="-4.496450"><ele>67.0</ele></trkpt>
    <trkpt lat="48.219800" lon="-4.496260"><ele>66.0</ele></trkpt>
    <trkpt lat="48.219800" lon="-4.496050"><ele>62.0</ele></trkpt>
    <trkpt lat="48.219620" lon="-4.496060"><ele>58.0</ele></trkpt>
    <trkpt lat="48.219610" lon="-4.495990"><ele>56.0</ele></trkpt>
    <trkpt lat="48.219650" lon="-4.495890"><ele>54.0</ele></trkpt>
    <trkpt lat="48.219560" lon="-4.495870"><ele>47.0</ele></trkpt>
    <trkpt lat="48.219540" lon="-4.495800"><ele>47.0</ele></trkpt>
    <trkpt lat="48.219570" lon="-4.495660"><ele>49.0</ele></trkpt>
    <trkpt lat="48.219620" lon="-4.495590"><ele>42.0</ele></trkpt>
    <trkpt lat="48.219910" lon="-4.495420"><ele>45.0</ele></trkpt>
    <trkpt lat="48.220100" lon="-4.495090"><ele>41.0</ele></trkpt>
    <trkpt lat="48.220200" lon="-4.494980"><ele>30.0</ele></trkpt>
    <trkpt lat="48.220290" lon="-4.495020"><ele>38.0</ele></trkpt>
    <trkpt lat="48.220510" lon="-4.494740"><ele>36.0</ele></trkpt>
    <trkpt lat="48.220650" lon="-4.494720"><ele>33.0</ele></trkpt>
    <trkpt lat="48.220930" lon="-4.494860"><ele>33.0</ele></trkpt>
    <trkpt lat="48.221050" lon="-4.494880"><ele>34.0</ele></trkpt>
    <trkpt lat="48.221130" lon="-4.494950"><ele>35.0</ele></trkpt>
    <trkpt lat="48.221240" lon="-4.494910"><ele>34.0</ele></trkpt>
    <trkpt lat="48.221450" lon="-4.495090"><ele>34.0</ele></trkpt>
    <trkpt lat="48.221570" lon="-4.495490"><ele>38.0</ele></trkpt>
    <trkpt lat="48.221770" lon="-4.496360"><ele>39.0</ele></trkpt>
    <trkpt lat="48.221860" lon="-4.496560"><ele>42.0</ele></trkpt>
    <trkpt lat="48.222280" lon="-4.496950"><ele>34.0</ele></trkpt>
    <trkpt lat="48.222500" lon="-4.497210"><ele>34.0</ele></trkpt>
    <trkpt lat="48.222630" lon="-4.497440"><ele>28.0</ele></trkpt>
    <trkpt lat="48.222850" lon="-4.498100"><ele>23.0</ele></trkpt>
    <trkpt lat="48.222940" lon="-4.498980"><ele>20.0</ele></trkpt>
    <trkpt lat="48.223130" lon="-4.499270"><ele>17.0</ele></trkpt>
    <trkpt lat="48.223270" lon="-4.499420"><ele>14.0</ele></trkpt>
    <trkpt lat="48.223360" lon="-4.499830"><ele>14.0</ele></trkpt>
    <trkpt lat="48.223420" lon="-4.499880"><ele>12.0</ele></trkpt>
    <trkpt lat="48.223520" lon="-4.500110"><ele>9.0</ele></trkpt>
    <trkpt lat="48.223570" lon="-4.500090"><ele>6.0</ele></trkpt>
    <trkpt lat="48.223800" lon="-4.501550"><ele>5.0</ele></trkpt>
    <trkpt lat="48.224220" lon="-4.502420"><ele>4.0</ele></trkpt>
    <trkpt lat="48.224460" lon="-4.502810"><ele>5.0</ele></trkpt>
    <trkpt lat="48.224670" lon="-4.503540"><ele>5.0</ele></trkpt>
    <trkpt lat="48.225110" lon="-4.504140"><ele>4.0</ele></trkpt>
    <trkpt lat="48.225770" lon="-4.504250"><ele>5.0</ele></trkpt>
    <trkpt lat="48.226620" lon="-4.503440"><ele>4.0</ele></trkpt>
    <trkpt lat="48.227390" lon="-4.503030"><ele>4.0</ele></trkpt>
    <trkpt lat="48.227850" lon="-4.502880"><ele>4.0</ele></trkpt>
    <trkpt lat="48.228870" lon="-4.502440"><ele>4.0</ele></trkpt>
    <trkpt lat="48.230130" lon="-4.501610"><ele>5.0</ele></trkpt>
    <trkpt lat="48.230450" lon="-4.501460"><ele>5.0</ele></trkpt>
    <trkpt lat="48.230710" lon="-4.501220"><ele>5.0</ele></trkpt>
    <trkpt lat="48.231040" lon="-4.501090"><ele>6.0</ele></trkpt>
    <trkpt lat="48.231400" lon="-4.500680"><ele>5.0</ele></trkpt>
    <trkpt lat="48.232700" lon="-4.498960"><ele>6.0</ele></trkpt>
    <trkpt lat="48.232760" lon="-4.499020"><ele>7.0</ele></trkpt>
    <trkpt lat="48.233040" lon="-4.498610"><ele>6.0</ele></trkpt>
    <trkpt lat="48.233330" lon="-4.498340"><ele>6.0</ele></trkpt>
    <trkpt lat="48.233350" lon="-4.498210"><ele>6.0</ele></trkpt>
    <trkpt lat="48.233510" lon="-4.497840"><ele>5.0</ele></trkpt>
    <trkpt lat="48.233740" lon="-4.497440"><ele>4.0</ele></trkpt>
    <trkpt lat="48.233850" lon="-4.497460"><ele>4.0</ele></trkpt>
    <trkpt lat="48.234120" lon="-4.497300"><ele>4.0</ele></trkpt>
    <trkpt lat="48.234400" lon="-4.496850"><ele>4.0</ele></trkpt>
    <trkpt lat="48.234660" lon="-4.496600"><ele>5.0</ele></trkpt>
    <trkpt lat="48.235060" lon="-4.496670"><ele>9.0</ele></trkpt>
    <trkpt lat="48.235240" lon="-4.496550"><ele>11.0</ele></trkpt>
    <trkpt lat="48.235400" lon="-4.496340"><ele>14.0</ele></trkpt>
    <trkpt lat="48.238100" lon="-4.487150"><ele>41.0</ele></trkpt>
    <trkpt lat="48.237450" lon="-4.486320"><ele>44.0</ele></trkpt>
    <trkpt lat="48.237310" lon="-4.486180"><ele>45.0</ele></trkpt>
    <trkpt lat="48.237100" lon="-4.486080"><ele>47.0</ele></trkpt>
    <trkpt lat="48.237280" lon="-4.485150"><ele>53.0</ele></trkpt>
    <trkpt lat="48.237520" lon="-4.483560"><ele>57.0</ele></trkpt>
    <trkpt lat="48.237320" lon="-4.483670"><ele>56.0</ele></trkpt>
    <trkpt lat="48.237140" lon="-4.483630"><ele>56.0</ele></trkpt>
    <trkpt lat="48.236990" lon="-4.483360"><ele>56.0</ele></trkpt>
    <trkpt lat="48.236890" lon="-4.483250"><ele>56.0</ele></trkpt>
    <trkpt lat="48.236780" lon="-4.482960"><ele>57.0</ele></trkpt>
    <trkpt lat="48.236740" lon="-4.482730"><ele>58.0</ele></trkpt>
    <trkpt lat="48.236770" lon="-4.482400"><ele>60.0</ele></trkpt>
    <trkpt lat="48.236680" lon="-4.482050"><ele>63.0</ele></trkpt>
    <trkpt lat="48.236680" lon="-4.481860"><ele>65.0</ele></trkpt>
    <trkpt lat="48.236810" lon="-4.481110"><ele>64.0</ele></trkpt>
    <trkpt lat="48.236810" lon="-4.480880"><ele>67.0</ele></trkpt>
    <trkpt lat="48.236740" lon="-4.480380"><ele>66.0</ele></trkpt>
    <trkpt lat="48.236530" lon="-4.479660"><ele>66.0</ele></trkpt>
    <trkpt lat="48.236560" lon="-4.479540"><ele>60.0</ele></trkpt>
    <trkpt lat="48.236620" lon="-4.479490"><ele>67.0</ele></trkpt>
    <trkpt lat="48.236840" lon="-4.479030"><ele>72.0</ele></trkpt>
    <trkpt lat="48.237010" lon="-4.478850"><ele>74.0</ele></trkpt>
    <trkpt lat="48.236970" lon="-4.478170"><ele>76.0</ele></trkpt>
    <trkpt lat="48.236790" lon="-4.477850"><ele>76.0</ele></trkpt>
    <trkpt lat="48.236690" lon="-4.477540"><ele>76.0</ele></trkpt>
    <trkpt lat="48.236710" lon="-4.477330"><ele>78.0</ele></trkpt>
    <trkpt lat="48.236830" lon="-4.476910"><ele>79.0</ele></trkpt>
    <trkpt lat="48.236750" lon="-4.476440"><ele>76.0</ele></trkpt>
    <trkpt lat="48.236720" lon="-4.476420"><ele>76.0</ele></trkpt>
    <trkpt lat="48.236870" lon="-4.475620"><ele>66.0</ele></trkpt>
    <trkpt lat="48.236950" lon="-4.475500"><ele>66.0</ele></trkpt>
    <trkpt lat="48.236990" lon="-4.475360"><ele>60.0</ele></trkpt>
    <trkpt lat="48.237110" lon="-4.474640"><ele>54.0</ele></trkpt>
    <trkpt lat="48.237070" lon="-4.474500"><ele>49.0</ele></trkpt>
    <trkpt lat="48.236870" lon="-4.474120"><ele>41.0</ele></trkpt>
    <trkpt lat="48.236890" lon="-4.474050"><ele>30.0</ele></trkpt>
    <trkpt lat="48.237150" lon="-4.473520"><ele>31.0</ele></trkpt>
    <trkpt lat="48.237460" lon="-4.472990"><ele>29.0</ele></trkpt>
    <trkpt lat="48.237840" lon="-4.472640"><ele>33.0</ele></trkpt>
    <trkpt lat="48.238180" lon="-4.471870"><ele>26.0</ele></trkpt>
    <trkpt lat="48.238170" lon="-4.471590"><ele>22.0</ele></trkpt>
    <trkpt lat="48.238080" lon="-4.471450"><ele>10.0</ele></trkpt>
    <trkpt lat="48.237910" lon="-4.471380"><ele>18.0</ele></trkpt>
    <trkpt lat="48.237980" lon="-4.470840"><ele>18.0</ele></trkpt>
    <trkpt lat="48.238020" lon="-4.470720"><ele>18.0</ele></trkpt>
    <trkpt lat="48.238270" lon="-4.470590"><ele>14.0</ele></trkpt>
    <trkpt lat="48.238260" lon="-4.470510"><ele>14.0</ele></trkpt>
    <trkpt lat="48.238180" lon="-4.470460"><ele>12.0</ele></trkpt>
    <trkpt lat="48.238180" lon="-4.470370"><ele>9.0</ele></trkpt>
    <trkpt lat="48.238120" lon="-4.470310"><ele>9.0</ele></trkpt>
    <trkpt lat="48.238140" lon="-4.469990"><ele>9.0</ele></trkpt>
    <trkpt lat="48.238120" lon="-4.469760"><ele>13.0</ele></trkpt>
    <trkpt lat="48.238190" lon="-4.469450"><ele>15.0</ele></trkpt>
    <trkpt lat="48.238310" lon="-4.469220"><ele>17.0</ele></trkpt>
    <trkpt lat="48.238390" lon="-4.468930"><ele>19.0</ele></trkpt>
    <trkpt lat="48.238370" lon="-4.468820"><ele>15.0</ele></trkpt>
    <trkpt lat="48.238460" lon="-4.468650"><ele>22.0</ele></trkpt>
    <trkpt lat="48.238580" lon="-4.468280"><ele>13.0</ele></trkpt>
    <trkpt lat="48.238550" lon="-4.468090"><ele>21.0</ele></trkpt>
    <trkpt lat="48.238500" lon="-4.468020"><ele>17.0</ele></trkpt>
    <trkpt lat="48.238610" lon="-4.467460"><ele>22.0</ele></trkpt>
    <trkpt lat="48.238790" lon="-4.467120"><ele>21.0</ele></trkpt>
    <trkpt lat="48.238800" lon="-4.466990"><ele>13.0</ele></trkpt>
    <trkpt lat="48.238720" lon="-4.466750"><ele>19.0</ele></trkpt>
    <trkpt lat="48.238850" lon="-4.466470"><ele>19.0</ele></trkpt>
    <trkpt lat="48.238870" lon="-4.466140"><ele>16.0</ele></trkpt>
    <trkpt lat="48.238960" lon="-4.465980"><ele>17.0</ele></trkpt>
    <trkpt lat="48.238950" lon="-4.465840"><ele>15.0</ele></trkpt>
    <trkpt lat="48.239090" lon="-4.465370"><ele>15.0</ele></trkpt>
    <trkpt lat="48.239170" lon="-4.465230"><ele>12.0</ele></trkpt>
    <trkpt lat="48.239460" lon="-4.464950"><ele>7.0</ele></trkpt>
    <trkpt lat="48.239510" lon="-4.464450"><ele>6.0</ele></trkpt>
    <trkpt lat="48.239550" lon="-4.464450"><ele>3.0</ele></trkpt>
    <trkpt lat="48.239540" lon="-4.463870"><ele>6.0</ele></trkpt>
    <trkpt lat="48.239380" lon="-4.463270"><ele>4.0</ele></trkpt>
    <trkpt lat="48.238990" lon="-4.462230"><ele>5.0</ele></trkpt>
    <trkpt lat="48.238870" lon="-4.462110"><ele>7.0</ele></trkpt>
    <trkpt lat="48.238670" lon="-4.462060"><ele>10.0</ele></trkpt>
    <trkpt lat="48.238490" lon="-4.462180"><ele>13.0</ele></trkpt>
    <trkpt lat="48.238430" lon="-4.462300"><ele>3.0</ele></trkpt>
    <trkpt lat="48.238320" lon="-4.462370"><ele>13.0</ele></trkpt>
    <trkpt lat="48.237650" lon="-4.461670"><ele>19.0</ele></trkpt>
    <trkpt lat="48.237830" lon="-4.461240"><ele>22.0</ele></trkpt>
    <trkpt lat="48.237620" lon="-4.461010"><ele>24.0</ele></trkpt>
    <trkpt lat="48.237440" lon="-4.460700"><ele>24.0</ele></trkpt>
    <trkpt lat="48.237400" lon="-4.460500"><ele>27.0</ele></trkpt>
    <trkpt lat="48.237110" lon="-4.460050"><ele>30.0</ele></trkpt>
    <trkpt lat="48.236660" lon="-4.459520"><ele>44.0</ele></trkpt>
    <trkpt lat="48.236380" lon="-4.459280"><ele>48.0</ele></trkpt>
    <trkpt lat="48.236330" lon="-4.458860"><ele>50.0</ele></trkpt>
    <trkpt lat="48.236470" lon="-4.458060"><ele>56.0</ele></trkpt>
    <trkpt lat="48.236670" lon="-4.455440"><ele>55.0</ele></trkpt>
    <trkpt lat="48.236750" lon="-4.454820"><ele>55.0</ele></trkpt>
    <trkpt lat="48.236830" lon="-4.453810"><ele>55.0</ele></trkpt>
    <trkpt lat="48.236790" lon="-4.453070"><ele>54.0</ele></trkpt>
    <trkpt lat="48.236930" lon="-4.452420"><ele>52.0</ele></trkpt>
    <trkpt lat="48.236770" lon="-4.451960"><ele>52.0</ele></trkpt>
    <trkpt lat="48.236890" lon="-4.451860"><ele>53.0</ele></trkpt>
    <trkpt lat="48.237070" lon="-4.451430"><ele>56.0</ele></trkpt>
    <trkpt lat="48.237540" lon="-4.451010"><ele>61.0</ele></trkpt>
    <trkpt lat="48.237900" lon="-4.450920"><ele>61.0</ele></trkpt>
    <trkpt lat="48.237900" lon="-4.450800"><ele>61.0</ele></trkpt>
    <trkpt lat="48.237960" lon="-4.450670"><ele>60.0</ele></trkpt>
    <trkpt lat="48.238060" lon="-4.449740"><ele>61.0</ele></trkpt>
    <trkpt lat="48.237900" lon="-4.448850"><ele>60.0</ele></trkpt>
    <trkpt lat="48.237960" lon="-4.447770"><ele>58.0</ele></trkpt>
    <trkpt lat="48.238100" lon="-4.447050"><ele>57.0</ele></trkpt>
    <trkpt lat="48.238090" lon="-4.446860"><ele>57.0</ele></trkpt>
    <trkpt lat="48.238120" lon="-4.446790"><ele>57.0</ele></trkpt>
    <trkpt lat="48.238150" lon="-4.446340"><ele>57.0</ele></trkpt>
    <trkpt lat="48.238110" lon="-4.446300"><ele>57.0</ele></trkpt>
    <trkpt lat="48.238070" lon="-4.446140"><ele>56.0</ele></trkpt>
    <trkpt lat="48.238090" lon="-4.446010"><ele>55.0</ele></trkpt>
    <trkpt lat="48.238390" lon="-4.445100"><ele>55.0</ele></trkpt>
    <trkpt lat="48.238700" lon="-4.442860"><ele>41.0</ele></trkpt>
    <trkpt lat="48.238850" lon="-4.442490"><ele>40.0</ele></trkpt>
    <trkpt lat="48.238840" lon="-4.441420"><ele>42.0</ele></trkpt>
    <trkpt lat="48.238870" lon="-4.440830"><ele>42.0</ele></trkpt>
    <trkpt lat="48.239250" lon="-4.438060"><ele>34.0</ele></trkpt>
    <trkpt lat="48.239500" lon="-4.436890"><ele>34.0</ele></trkpt>
    <trkpt lat="48.240000" lon="-4.435100"><ele>33.0</ele></trkpt>
    <trkpt lat="48.240150" lon="-4.434330"><ele>32.0</ele></trkpt>
    <trkpt lat="48.240160" lon="-4.432770"><ele>28.0</ele></trkpt>
    <trkpt lat="48.240060" lon="-4.432830"><ele>28.0</ele></trkpt>
    <trkpt lat="48.239650" lon="-4.432850"><ele>24.0</ele></trkpt>
    <trkpt lat="48.239250" lon="-4.432780"><ele>19.0</ele></trkpt>
    <trkpt lat="48.238360" lon="-4.432410"><ele>8.0</ele></trkpt>
    <trkpt lat="48.238030" lon="-4.432220"><ele>6.0</ele></trkpt>
    <trkpt lat="48.236040" lon="-4.429770"><ele>4.0</ele></trkpt>
    <trkpt lat="48.236400" lon="-4.429460"><ele>4.0</ele></trkpt>
    <trkpt lat="48.236770" lon="-4.428600"><ele>4.0</ele></trkpt>
    <trkpt lat="48.236760" lon="-4.428280"><ele>4.0</ele></trkpt>
    <trkpt lat="48.236340" lon="-4.427630"><ele>5.0</ele></trkpt>
    <trkpt lat="48.235880" lon="-4.427120"><ele>4.0</ele></trkpt>
    <trkpt lat="48.235560" lon="-4.426960"><ele>4.0</ele></trkpt>
    <trkpt lat="48.234970" lon="-4.428240"><ele>3.0</ele></trkpt>
    <trkpt lat="48.234630" lon="-4.428550"><ele>3.0</ele></trkpt>
    <trkpt lat="48.234310" lon="-4.428720"><ele>4.0</ele></trkpt>
    <trkpt lat="48.233470" lon="-4.429430"><ele>4.0</ele></trkpt>
    <trkpt lat="48.233170" lon="-4.429830"><ele>3.0</ele></trkpt>
    <trkpt lat="48.233070" lon="-4.430040"><ele>3.0</ele></trkpt>
    <trkpt lat="48.232170" lon="-4.430690"><ele>4.0</ele></trkpt>
    <trkpt lat="48.231410" lon="-4.431020"><ele>2.0</ele></trkpt>
    <trkpt lat="48.230930" lon="-4.430900"><ele>2.0</ele></trkpt>
    <trkpt lat="48.230590" lon="-4.430980"><ele>10.0</ele></trkpt>
    <trkpt lat="48.230600" lon="-4.430930"><ele>10.0</ele></trkpt>
    <trkpt lat="48.230550" lon="-4.430880"><ele>13.0</ele></trkpt>
    <trkpt lat="48.230110" lon="-4.431660"><ele>10.0</ele></trkpt>
    <trkpt lat="48.229980" lon="-4.431770"><ele>12.0</ele></trkpt>
    <trkpt lat="48.229930" lon="-4.432010"><ele>10.0</ele></trkpt>
    <trkpt lat="48.229690" lon="-4.432290"><ele>9.0</ele></trkpt>
    <trkpt lat="48.229480" lon="-4.432360"><ele>8.0</ele></trkpt>
    <trkpt lat="48.229130" lon="-4.432660"><ele>8.0</ele></trkpt>
    <trkpt lat="48.228960" lon="-4.432640"><ele>8.0</ele></trkpt>
    <trkpt lat="48.228820" lon="-4.432750"><ele>9.0</ele></trkpt>
    <trkpt lat="48.228950" lon="-4.432340"><ele>9.0</ele></trkpt>
    <trkpt lat="48.229210" lon="-4.430930"><ele>19.0</ele></trkpt>
    <trkpt lat="48.229590" lon="-4.430090"><ele>20.0</ele></trkpt>
    <trkpt lat="48.229860" lon="-4.429590"><ele>20.0</ele></trkpt>
    <trkpt lat="48.229490" lon="-4.429290"><ele>20.0</ele></trkpt>
    <trkpt lat="48.229240" lon="-4.429030"><ele>20.0</ele></trkpt>
    <trkpt lat="48.229230" lon="-4.428960"><ele>21.0</ele></trkpt>
    <trkpt lat="48.229430" lon="-4.427880"><ele>20.0</ele></trkpt>
    <trkpt lat="48.229720" lon="-4.427670"><ele>21.0</ele></trkpt>
    <trkpt lat="48.229920" lon="-4.427360"><ele>24.0</ele></trkpt>
    <trkpt lat="48.230000" lon="-4.427320"><ele>24.0</ele></trkpt>
    <trkpt lat="48.230010" lon="-4.427170"><ele>25.0</ele></trkpt>
    <trkpt lat="48.229930" lon="-4.427030"><ele>25.0</ele></trkpt>
    <trkpt lat="48.229980" lon="-4.426520"><ele>26.0</ele></trkpt>
    <trkpt lat="48.230030" lon="-4.426450"><ele>29.0</ele></trkpt>
    <trkpt lat="48.230060" lon="-4.426260"><ele>28.0</ele></trkpt>
    <trkpt lat="48.230090" lon="-4.425710"><ele>30.0</ele></trkpt>
    <trkpt lat="48.230050" lon="-4.425010"><ele>35.0</ele></trkpt>
    <trkpt lat="48.229870" lon="-4.424620"><ele>37.0</ele></trkpt>
    <trkpt lat="48.229830" lon="-4.424110"><ele>37.0</ele></trkpt>
    <trkpt lat="48.229730" lon="-4.423710"><ele>37.0</ele></trkpt>
    <trkpt lat="48.229690" lon="-4.423030"><ele>33.0</ele></trkpt>
    <trkpt lat="48.229220" lon="-4.420310"><ele>35.0</ele></trkpt>
    <trkpt lat="48.229070" lon="-4.419250"><ele>37.0</ele></trkpt>
    <trkpt lat="48.228920" lon="-4.418490"><ele>40.0</ele></trkpt>
    <trkpt lat="48.228930" lon="-4.417720"><ele>44.0</ele></trkpt>
    <trkpt lat="48.228130" lon="-4.417740"><ele>41.0</ele></trkpt>
    <trkpt lat="48.227700" lon="-4.417880"><ele>18.0</ele></trkpt>
    <trkpt lat="48.227610" lon="-4.417700"><ele>25.0</ele></trkpt>
    <trkpt lat="48.227560" lon="-4.417510"><ele>24.0</ele></trkpt>
    <trkpt lat="48.227590" lon="-4.417460"><ele>25.0</ele></trkpt>
    <trkpt lat="48.227510" lon="-4.417440"><ele>25.0</ele></trkpt>
    <trkpt lat="48.227470" lon="-4.417330"><ele>12.0</ele></trkpt>
    <trkpt lat="48.227410" lon="-4.416880"><ele>28.0</ele></trkpt>
    <trkpt lat="48.227350" lon="-4.416880"><ele>24.0</ele></trkpt>
    <trkpt lat="48.227290" lon="-4.416590"><ele>25.0</ele></trkpt>
    <trkpt lat="48.227210" lon="-4.416500"><ele>23.0</ele></trkpt>
    <trkpt lat="48.227040" lon="-4.415800"><ele>29.0</ele></trkpt>
    <trkpt lat="48.226930" lon="-4.415470"><ele>36.0</ele></trkpt>
    <trkpt lat="48.226940" lon="-4.415320"><ele>38.0</ele></trkpt>
    <trkpt lat="48.226850" lon="-4.414550"><ele>45.0</ele></trkpt>
    <trkpt lat="48.226290" lon="-4.413640"><ele>36.0</ele></trkpt>
    <trkpt lat="48.226240" lon="-4.413510"><ele>38.0</ele></trkpt>
    <trkpt lat="48.226190" lon="-4.413470"><ele>34.0</ele></trkpt>
    <trkpt lat="48.225860" lon="-4.412300"><ele>40.0</ele></trkpt>
    <trkpt lat="48.225730" lon="-4.412230"><ele>41.0</ele></trkpt>
    <trkpt lat="48.225490" lon="-4.412300"><ele>41.0</ele></trkpt>
    <trkpt lat="48.225180" lon="-4.413040"><ele>34.0</ele></trkpt>
    <trkpt lat="48.225160" lon="-4.413170"><ele>30.0</ele></trkpt>
    <trkpt lat="48.225020" lon="-4.413260"><ele>39.0</ele></trkpt>
    <trkpt lat="48.224660" lon="-4.412960"><ele>44.0</ele></trkpt>
    <trkpt lat="48.224460" lon="-4.412980"><ele>54.0</ele></trkpt>
    <trkpt lat="48.224390" lon="-4.412930"><ele>59.0</ele></trkpt>
    <trkpt lat="48.224310" lon="-4.412750"><ele>61.0</ele></trkpt>
    <trkpt lat="48.224220" lon="-4.412650"><ele>66.0</ele></trkpt>
    <trkpt lat="48.224210" lon="-4.412560"><ele>67.0</ele></trkpt>
    <trkpt lat="48.224250" lon="-4.412490"><ele>68.0</ele></trkpt>
    <trkpt lat="48.224230" lon="-4.412440"><ele>68.0</ele></trkpt>
    <trkpt lat="48.224030" lon="-4.412300"><ele>66.0</ele></trkpt>
    <trkpt lat="48.223990" lon="-4.412160"><ele>70.0</ele></trkpt>
    <trkpt lat="48.223930" lon="-4.412090"><ele>70.0</ele></trkpt>
    <trkpt lat="48.223850" lon="-4.411830"><ele>64.0</ele></trkpt>
    <trkpt lat="48.223860" lon="-4.411760"><ele>63.0</ele></trkpt>
    <trkpt lat="48.223790" lon="-4.411360"><ele>63.0</ele></trkpt>
    <trkpt lat="48.223760" lon="-4.410800"><ele>65.0</ele></trkpt>
    <trkpt lat="48.223700" lon="-4.410560"><ele>67.0</ele></trkpt>
    <trkpt lat="48.223730" lon="-4.410450"><ele>73.0</ele></trkpt>
    <trkpt lat="48.223890" lon="-4.410170"><ele>74.0</ele></trkpt>
    <trkpt lat="48.223920" lon="-4.409930"><ele>81.0</ele></trkpt>
    <trkpt lat="48.223950" lon="-4.409480"><ele>83.0</ele></trkpt>
    <trkpt lat="48.223940" lon="-4.409110"><ele>86.0</ele></trkpt>
    <trkpt lat="48.223900" lon="-4.408870"><ele>80.0</ele></trkpt>
    <trkpt lat="48.223920" lon="-4.408660"><ele>86.0</ele></trkpt>
    <trkpt lat="48.223890" lon="-4.408480"><ele>80.0</ele></trkpt>
    <trkpt lat="48.224120" lon="-4.407940"><ele>83.0</ele></trkpt>
    <trkpt lat="48.224200" lon="-4.407020"><ele>79.0</ele></trkpt>
    <trkpt lat="48.224140" lon="-4.406600"><ele>82.0</ele></trkpt>
    <trkpt lat="48.224040" lon="-4.406250"><ele>83.0</ele></trkpt>
    <trkpt lat="48.223870" lon="-4.405290"><ele>87.0</ele></trkpt>
    <trkpt lat="48.223350" lon="-4.403950"><ele>89.0</ele></trkpt>
    <trkpt lat="48.223130" lon="-4.402870"><ele>88.0</ele></trkpt>
    <trkpt lat="48.223010" lon="-4.402590"><ele>88.0</ele></trkpt>
    <trkpt lat="48.222760" lon="-4.402280"><ele>87.0</ele></trkpt>
    <trkpt lat="48.222710" lon="-4.402170"><ele>89.0</ele></trkpt>
    <trkpt lat="48.222600" lon="-4.402090"><ele>86.0</ele></trkpt>
    <trkpt lat="48.222530" lon="-4.401930"><ele>83.0</ele></trkpt>
    <trkpt lat="48.222430" lon="-4.401840"><ele>86.0</ele></trkpt>
    <trkpt lat="48.222220" lon="-4.401480"><ele>88.0</ele></trkpt>
    <trkpt lat="48.221700" lon="-4.400970"><ele>84.0</ele></trkpt>
    <trkpt lat="48.221290" lon="-4.399680"><ele>79.0</ele></trkpt>
    <trkpt lat="48.221260" lon="-4.398930"><ele>78.0</ele></trkpt>
    <trkpt lat="48.221340" lon="-4.398790"><ele>83.0</ele></trkpt>
    <trkpt lat="48.221750" lon="-4.398390"><ele>90.0</ele></trkpt>
    <trkpt lat="48.221830" lon="-4.398210"><ele>92.0</ele></trkpt>
    <trkpt lat="48.221860" lon="-4.397900"><ele>91.0</ele></trkpt>
    <trkpt lat="48.221840" lon="-4.397570"><ele>91.0</ele></trkpt>
    <trkpt lat="48.221720" lon="-4.397360"><ele>89.0</ele></trkpt>
    <trkpt lat="48.221600" lon="-4.397290"><ele>82.0</ele></trkpt>
    <trkpt lat="48.221590" lon="-4.396890"><ele>85.0</ele></trkpt>
    <trkpt lat="48.221470" lon="-4.396070"><ele>76.0</ele></trkpt>
    <trkpt lat="48.221390" lon="-4.395760"><ele>63.0</ele></trkpt>
    <trkpt lat="48.221330" lon="-4.395670"><ele>63.0</ele></trkpt>
    <trkpt lat="48.221290" lon="-4.395670"><ele>57.0</ele></trkpt>
    <trkpt lat="48.221170" lon="-4.395270"><ele>52.0</ele></trkpt>
    <trkpt lat="48.221000" lon="-4.395290"><ele>42.0</ele></trkpt>
    <trkpt lat="48.220950" lon="-4.395190"><ele>43.0</ele></trkpt>
    <trkpt lat="48.220870" lon="-4.395380"><ele>38.0</ele></trkpt>
    <trkpt lat="48.220790" lon="-4.395260"><ele>28.0</ele></trkpt>
    <trkpt lat="48.220720" lon="-4.394770"><ele>28.0</ele></trkpt>
    <trkpt lat="48.220730" lon="-4.393300"><ele>32.0</ele></trkpt>
    <trkpt lat="48.220690" lon="-4.393180"><ele>30.0</ele></trkpt>
    <trkpt lat="48.220760" lon="-4.392520"><ele>31.0</ele></trkpt>
    <trkpt lat="48.220540" lon="-4.391980"><ele>35.0</ele></trkpt>
    <trkpt lat="48.220140" lon="-4.391680"><ele>28.0</ele></trkpt>
    <trkpt lat="48.220050" lon="-4.391490"><ele>31.0</ele></trkpt>
    <trkpt lat="48.219910" lon="-4.391400"><ele>30.0</ele></trkpt>
    <trkpt lat="48.219750" lon="-4.391370"><ele>25.0</ele></trkpt>
    <trkpt lat="48.219540" lon="-4.391400"><ele>25.0</ele></trkpt>
    <trkpt lat="48.219260" lon="-4.391280"><ele>24.0</ele></trkpt>
    <trkpt lat="48.219120" lon="-4.391280"><ele>26.0</ele></trkpt>
    <trkpt lat="48.218670" lon="-4.391750"><ele>21.0</ele></trkpt>
    <trkpt lat="48.218630" lon="-4.392010"><ele>18.0</ele></trkpt>
    <trkpt lat="48.218650" lon="-4.392100"><ele>18.0</ele></trkpt>
    <trkpt lat="48.218610" lon="-4.392170"><ele>18.0</ele></trkpt>
    <trkpt lat="48.218540" lon="-4.392170"><ele>17.0</ele></trkpt>
    <trkpt lat="48.218420" lon="-4.392080"><ele>18.0</ele></trkpt>
    <trkpt lat="48.218350" lon="-4.391910"><ele>12.0</ele></trkpt>
    <trkpt lat="48.218350" lon="-4.391840"><ele>15.0</ele></trkpt>
    <trkpt lat="48.218280" lon="-4.391750"><ele>5.0</ele></trkpt>
    <trkpt lat="48.218220" lon="-4.391440"><ele>21.0</ele></trkpt>
    <trkpt lat="48.218020" lon="-4.391500"><ele>20.0</ele></trkpt>
    <trkpt lat="48.217950" lon="-4.391350"><ele>21.0</ele></trkpt>
    <trkpt lat="48.217830" lon="-4.391280"><ele>19.0</ele></trkpt>
    <trkpt lat="48.217770" lon="-4.391120"><ele>14.0</ele></trkpt>
    <trkpt lat="48.217860" lon="-4.390790"><ele>14.0</ele></trkpt>
    <trkpt lat="48.217990" lon="-4.390480"><ele>14.0</ele></trkpt>
    <trkpt lat="48.217980" lon="-4.390270"><ele>13.0</ele></trkpt>
    <trkpt lat="48.218030" lon="-4.389970"><ele>14.0</ele></trkpt>
    <trkpt lat="48.218320" lon="-4.389730"><ele>16.0</ele></trkpt>
    <trkpt lat="48.218460" lon="-4.389540"><ele>17.0</ele></trkpt>
    <trkpt lat="48.218730" lon="-4.389450"><ele>20.0</ele></trkpt>
    <trkpt lat="48.219040" lon="-4.389140"><ele>21.0</ele></trkpt>
    <trkpt lat="48.219130" lon="-4.388840"><ele>21.0</ele></trkpt>
    <trkpt lat="48.219200" lon="-4.388770"><ele>20.0</ele></trkpt>
    <trkpt lat="48.219370" lon="-4.388370"><ele>13.0</ele></trkpt>
    <trkpt lat="48.219410" lon="-4.388160"><ele>21.0</ele></trkpt>
    <trkpt lat="48.219480" lon="-4.387990"><ele>16.0</ele></trkpt>
    <trkpt lat="48.219710" lon="-4.386540"><ele>25.0</ele></trkpt>
    <trkpt lat="48.219690" lon="-4.386420"><ele>13.0</ele></trkpt>
    <trkpt lat="48.219720" lon="-4.386350"><ele>27.0</ele></trkpt>
    <trkpt lat="48.219710" lon="-4.386260"><ele>28.0</ele></trkpt>
    <trkpt lat="48.219760" lon="-4.386240"><ele>28.0</ele></trkpt>
    <trkpt lat="48.219780" lon="-4.386080"><ele>30.0</ele></trkpt>
    <trkpt lat="48.219800" lon="-4.385530"><ele>34.0</ele></trkpt>
    <trkpt lat="48.219780" lon="-4.385030"><ele>31.0</ele></trkpt>
    <trkpt lat="48.219410" lon="-4.385320"><ele>27.0</ele></trkpt>
    <trkpt lat="48.219370" lon="-4.385040"><ele>28.0</ele></trkpt>
    <trkpt lat="48.219400" lon="-4.384910"><ele>25.0</ele></trkpt>
    <trkpt lat="48.219360" lon="-4.384870"><ele>26.0</ele></trkpt>
    <trkpt lat="48.219310" lon="-4.384640"><ele>27.0</ele></trkpt>
    <trkpt lat="48.219280" lon="-4.384640"><ele>21.0</ele></trkpt>
    <trkpt lat="48.219240" lon="-4.384480"><ele>25.0</ele></trkpt>
    <trkpt lat="48.219270" lon="-4.384330"><ele>24.0</ele></trkpt>
    <trkpt lat="48.219260" lon="-4.384190"><ele>21.0</ele></trkpt>
    <trkpt lat="48.219210" lon="-4.383980"><ele>29.0</ele></trkpt>
    <trkpt lat="48.219170" lon="-4.383940"><ele>25.0</ele></trkpt>
    <trkpt lat="48.219140" lon="-4.383580"><ele>29.0</ele></trkpt>
    <trkpt lat="48.219250" lon="-4.383210"><ele>29.0</ele></trkpt>
    <trkpt lat="48.219250" lon="-4.383070"><ele>32.0</ele></trkpt>
    <trkpt lat="48.219150" lon="-4.382880"><ele>29.0</ele></trkpt>
    <trkpt lat="48.219070" lon="-4.382360"><ele>32.0</ele></trkpt>
    <trkpt lat="48.219040" lon="-4.381610"><ele>32.0</ele></trkpt>
    <trkpt lat="48.218940" lon="-4.381570"><ele>22.0</ele></trkpt>
    <trkpt lat="48.218940" lon="-4.381310"><ele>24.0</ele></trkpt>
    <trkpt lat="48.218850" lon="-4.381070"><ele>20.0</ele></trkpt>
    <trkpt lat="48.218870" lon="-4.380910"><ele>17.0</ele></trkpt>
    <trkpt lat="48.218850" lon="-4.380300"><ele>16.0</ele></trkpt>
    <trkpt lat="48.218890" lon="-4.379950"><ele>19.0</ele></trkpt>
    <trkpt lat="48.218960" lon="-4.379810"><ele>23.0</ele></trkpt>
    <trkpt lat="48.218960" lon="-4.379200"><ele>13.0</ele></trkpt>
    <trkpt lat="48.219020" lon="-4.378920"><ele>13.0</ele></trkpt>
    <trkpt lat="48.219010" lon="-4.378210"><ele>14.0</ele></trkpt>
    <trkpt lat="48.218950" lon="-4.377840"><ele>11.0</ele></trkpt>
    <trkpt lat="48.218650" lon="-4.377410"><ele>14.0</ele></trkpt>
    <trkpt lat="48.218320" lon="-4.377200"><ele>4.0</ele></trkpt>
    <trkpt lat="48.217980" lon="-4.376830"><ele>4.0</ele></trkpt>
    <trkpt lat="48.217910" lon="-4.376580"><ele>6.0</ele></trkpt>
    <trkpt lat="48.217770" lon="-4.376480"><ele>10.0</ele></trkpt>
    <trkpt lat="48.217630" lon="-4.376310"><ele>8.0</ele></trkpt>
    <trkpt lat="48.217290" lon="-4.375820"><ele>8.0</ele></trkpt>
    <trkpt lat="48.217210" lon="-4.375540"><ele>8.0</ele></trkpt>
    <trkpt lat="48.217020" lon="-4.375230"><ele>6.0</ele></trkpt>
    <trkpt lat="48.216940" lon="-4.375180"><ele>6.0</ele></trkpt>
    <trkpt lat="48.216820" lon="-4.375200"><ele>5.0</ele></trkpt>
    <trkpt lat="48.216640" lon="-4.375380"><ele>3.0</ele></trkpt>
    <trkpt lat="48.216010" lon="-4.374500"><ele>3.0</ele></trkpt>
    <trkpt lat="48.215640" lon="-4.374060"><ele>2.0</ele></trkpt>
    <trkpt lat="48.215280" lon="-4.373750"><ele>2.0</ele></trkpt>
    <trkpt lat="48.213880" lon="-4.372350"><ele>3.0</ele></trkpt>
    <trkpt lat="48.212760" lon="-4.371300"><ele>3.0</ele></trkpt>
    <trkpt lat="48.211770" lon="-4.370270"><ele>3.0</ele></trkpt>
    <trkpt lat="48.211330" lon="-4.369860"><ele>3.0</ele></trkpt>
    <trkpt lat="48.210640" lon="-4.369400"><ele>5.0</ele></trkpt>
    <trkpt lat="48.210520" lon="-4.369260"><ele>4.0</ele></trkpt>
    <trkpt lat="48.210510" lon="-4.369150"><ele>7.0</ele></trkpt>
    <trkpt lat="48.209720" lon="-4.368740"><ele>14.0</ele></trkpt>
    <trkpt lat="48.210030" lon="-4.368100"><ele>15.0</ele></trkpt>
  </trkseg></trk>
</gpx>
