<?xml version="1.0" encoding="UTF-8"?>
<gpx version="1.1" creator="tcap-parcours" xmlns="http://www.topografix.com/GPX/1/1">
  <metadata><name>TBM 57 km : Plouzané → Le Conquet par le GR34 – 57 km en ligne</name></metadata>
  <trk><name>TBM 57 km : Plouzané → Le Conquet par le GR34 – 57 km en ligne</name><trkseg>
    <trkpt lat="48.385879" lon="-4.595718"><ele>88.6</ele></trkpt>
    <trkpt lat="48.386038" lon="-4.595745"><ele>88.6</ele></trkpt>
    <trkpt lat="48.386224" lon="-4.595705"><ele>88.4</ele></trkpt>
    <trkpt lat="48.386252" lon="-4.595601"><ele>88.0</ele></trkpt>
    <trkpt lat="48.386561" lon="-4.595403"><ele>84.8</ele></trkpt>
    <trkpt lat="48.386631" lon="-4.595242"><ele>83.6</ele></trkpt>
    <trkpt lat="48.386624" lon="-4.595106"><ele>83.0</ele></trkpt>
    <trkpt lat="48.386535" lon="-4.594987"><ele>82.0</ele></trkpt>
    <trkpt lat="48.386249" lon="-4.595058"><ele>82.6</ele></trkpt>
    <trkpt lat="48.386049" lon="-4.595251"><ele>84.4</ele></trkpt>
    <trkpt lat="48.385859" lon="-4.595300"><ele>85.4</ele></trkpt>
    <trkpt lat="48.385583" lon="-4.595285"><ele>85.6</ele></trkpt>
    <trkpt lat="48.385523" lon="-4.595202"><ele>85.6</ele></trkpt>
    <trkpt lat="48.385512" lon="-4.595024"><ele>85.8</ele></trkpt>
    <trkpt lat="48.385595" lon="-4.594613"><ele>85.8</ele></trkpt>
    <trkpt lat="48.385684" lon="-4.594461"><ele>85.4</ele></trkpt>
    <trkpt lat="48.386100" lon="-4.594387"><ele>84.8</ele></trkpt>
    <trkpt lat="48.386304" lon="-4.594465"><ele>83.8</ele></trkpt>
    <trkpt lat="48.386439" lon="-4.594679"><ele>83.2</ele></trkpt>
    <trkpt lat="48.386460" lon="-4.595003"><ele>83.6</ele></trkpt>
    <trkpt lat="48.386397" lon="-4.595240"><ele>84.4</ele></trkpt>
    <trkpt lat="48.386223" lon="-4.595441"><ele>85.4</ele></trkpt>
    <trkpt lat="48.385842" lon="-4.595586"><ele>86.8</ele></trkpt>
    <trkpt lat="48.385466" lon="-4.595661"><ele>89.4</ele></trkpt>
    <trkpt lat="48.385283" lon="-4.595578"><ele>89.6</ele></trkpt>
    <trkpt lat="48.385115" lon="-4.595228"><ele>89.2</ele></trkpt>
    <trkpt lat="48.385087" lon="-4.595253"><ele>89.4</ele></trkpt>
    <trkpt lat="48.385103" lon="-4.595400"><ele>89.6</ele></trkpt>
    <trkpt lat="48.385156" lon="-4.595527"><ele>90.0</ele></trkpt>
    <trkpt lat="48.385258" lon="-4.595693"><ele>90.6</ele></trkpt>
    <trkpt lat="48.385383" lon="-4.595807"><ele>91.2</ele></trkpt>
    <trkpt lat="48.385685" lon="-4.595886"><ele>91.4</ele></trkpt>
    <trkpt lat="48.385955" lon="-4.595789"><ele>90.6</ele></trkpt>
    <trkpt lat="48.386119" lon="-4.595805"><ele>89.8</ele></trkpt>
    <trkpt lat="48.386238" lon="-4.595873"><ele>89.2</ele></trkpt>
    <trkpt lat="48.386351" lon="-4.596064"><ele>88.8</ele></trkpt>
    <trkpt lat="48.386447" lon="-4.596068"><ele>88.4</ele></trkpt>
    <trkpt lat="48.386520" lon="-4.595982"><ele>88.0</ele></trkpt>
    <trkpt lat="48.386879" lon="-4.595299"><ele>81.8</ele></trkpt>
    <trkpt lat="48.387446" lon="-4.594001"><ele>73.0</ele></trkpt>
    <trkpt lat="48.387536" lon="-4.593733"><ele>72.6</ele></trkpt>
    <trkpt lat="48.387528" lon="-4.593650"><ele>72.6</ele></trkpt>
    <trkpt lat="48.386490" lon="-4.592599"><ele>74.2</ele></trkpt>
    <trkpt lat="48.385956" lon="-4.592407"><ele>74.6</ele></trkpt>
    <trkpt lat="48.385577" lon="-4.592058"><ele>74.6</ele></trkpt>
    <trkpt lat="48.383885" lon="-4.591798"><ele>73.0</ele></trkpt>
    <trkpt lat="48.383351" lon="-4.592398"><ele>75.8</ele></trkpt>
    <trkpt lat="48.383251" lon="-4.592554"><ele>76.4</ele></trkpt>
    <trkpt lat="48.383191" lon="-4.592753"><ele>76.8</ele></trkpt>
    <trkpt lat="48.383130" lon="-4.593175"><ele>78.8</ele></trkpt>
    <trkpt lat="48.383452" lon="-4.593532"><ele>83.0</ele></trkpt>
    <trkpt lat="48.384111" lon="-4.594456"><ele>88.0</ele></trkpt>
    <trkpt lat="48.384307" lon="-4.594804"><ele>90.2</ele></trkpt>
    <trkpt lat="48.384326" lon="-4.594944"><ele>90.8</ele></trkpt>
    <trkpt lat="48.384283" lon="-4.595081"><ele>91.0</ele></trkpt>
    <trkpt lat="48.384011" lon="-4.595357"><ele>92.0</ele></trkpt>
    <trkpt lat="48.383722" lon="-4.595843"><ele>92.0</ele></trkpt>
    <trkpt lat="48.383578" lon="-4.596148"><ele>91.4</ele></trkpt>
    <trkpt lat="48.383421" lon="-4.596716"><ele>91.4</ele></trkpt>
    <trkpt lat="48.383325" lon="-4.597359"><ele>91.2</ele></trkpt>
    <trkpt lat="48.383231" lon="-4.597627"><ele>90.6</ele></trkpt>
    <trkpt lat="48.383127" lon="-4.597637"><ele>90.0</ele></trkpt>
    <trkpt lat="48.382521" lon="-4.597299"><ele>86.0</ele></trkpt>
    <trkpt lat="48.382090" lon="-4.597117"><ele>84.0</ele></trkpt>
    <trkpt lat="48.381461" lon="-4.596976"><ele>83.0</ele></trkpt>
    <trkpt lat="48.380846" lon="-4.597030"><ele>80.8</ele></trkpt>
    <trkpt lat="48.380593" lon="-4.596959"><ele>80.2</ele></trkpt>
    <trkpt lat="48.380426" lon="-4.596961"><ele>80.0</ele></trkpt>
    <trkpt lat="48.380202" lon="-4.596815"><ele>80.2</ele></trkpt>
    <trkpt lat="48.379242" lon="-4.596513"><ele>81.8</ele></trkpt>
    <trkpt lat="48.378467" lon="-4.596095"><ele>81.0</ele></trkpt>
    <trkpt lat="48.378056" lon="-4.595764"><ele>80.8</ele></trkpt>
    <trkpt lat="48.377927" lon="-4.595588"><ele>80.8</ele></trkpt>
    <trkpt lat="48.377612" lon="-4.595003"><ele>80.8</ele></trkpt>
    <trkpt lat="48.377198" lon="-4.594640"><ele>83.0</ele></trkpt>
    <trkpt lat="48.377021" lon="-4.594210"><ele>84.4</ele></trkpt>
    <trkpt lat="48.376858" lon="-4.594010"><ele>86.2</ele></trkpt>
    <trkpt lat="48.376590" lon="-4.593541"><ele>87.8</ele></trkpt>
    <trkpt lat="48.376360" lon="-4.593223"><ele>88.0</ele></trkpt>
    <trkpt lat="48.376277" lon="-4.592984"><ele>88.6</ele></trkpt>
    <trkpt lat="48.376097" lon="-4.592080"><ele>90.2</ele></trkpt>
    <trkpt lat="48.375622" lon="-4.591100"><ele>92.0</ele></trkpt>
    <trkpt lat="48.375612" lon="-4.590890"><ele>92.0</ele></trkpt>
    <trkpt lat="48.375699" lon="-4.590397"><ele>91.8</ele></trkpt>
    <trkpt lat="48.375703" lon="-4.590220"><ele>91.8</ele></trkpt>
    <trkpt lat="48.375679" lon="-4.590152"><ele>91.8</ele></trkpt>
    <trkpt lat="48.375181" lon="-4.589939"><ele>92.2</ele></trkpt>
    <trkpt lat="48.374956" lon="-4.589768"><ele>93.0</ele></trkpt>
    <trkpt lat="48.374574" lon="-4.589686"><ele>93.4</ele></trkpt>
    <trkpt lat="48.374428" lon="-4.589582"><ele>93.4</ele></trkpt>
    <trkpt lat="48.374085" lon="-4.589227"><ele>93.2</ele></trkpt>
    <trkpt lat="48.373404" lon="-4.588737"><ele>93.8</ele></trkpt>
    <trkpt lat="48.373330" lon="-4.588737"><ele>94.2</ele></trkpt>
    <trkpt lat="48.373200" lon="-4.588870"><ele>94.8</ele></trkpt>
    <trkpt lat="48.372870" lon="-4.589478"><ele>93.8</ele></trkpt>
    <trkpt lat="48.372807" lon="-4.589527"><ele>93.2</ele></trkpt>
    <trkpt lat="48.372322" lon="-4.589108"><ele>92.0</ele></trkpt>
    <trkpt lat="48.372122" lon="-4.589065"><ele>92.2</ele></trkpt>
    <trkpt lat="48.371911" lon="-4.588954"><ele>92.2</ele></trkpt>
    <trkpt lat="48.371612" lon="-4.588723"><ele>91.8</ele></trkpt>
    <trkpt lat="48.371599" lon="-4.588625"><ele>91.8</ele></trkpt>
    <trkpt lat="48.371653" lon="-4.588306"><ele>92.2</ele></trkpt>
    <trkpt lat="48.371646" lon="-4.588094"><ele>92.6</ele></trkpt>
    <trkpt lat="48.371953" lon="-4.587181"><ele>90.8</ele></trkpt>
    <trkpt lat="48.371940" lon="-4.587067"><ele>90.8</ele></trkpt>
    <trkpt lat="48.371531" lon="-4.586707"><ele>89.2</ele></trkpt>
    <trkpt lat="48.370757" lon="-4.585654"><ele>81.2</ele></trkpt>
    <trkpt lat="48.370671" lon="-4.585617"><ele>81.0</ele></trkpt>
    <trkpt lat="48.370549" lon="-4.585640"><ele>80.6</ele></trkpt>
    <trkpt lat="48.370300" lon="-4.585858"><ele>79.2</ele></trkpt>
    <trkpt lat="48.369911" lon="-4.585393"><ele>75.0</ele></trkpt>
    <trkpt lat="48.369885" lon="-4.585290"><ele>74.4</ele></trkpt>
    <trkpt lat="48.369875" lon="-4.584775"><ele>71.6</ele></trkpt>
    <trkpt lat="48.369838" lon="-4.584624"><ele>70.6</ele></trkpt>
    <trkpt lat="48.369730" lon="-4.584494"><ele>69.4</ele></trkpt>
    <trkpt lat="48.369373" lon="-4.584233"><ele>65.8</ele></trkpt>
    <trkpt lat="48.369089" lon="-4.583859"><ele>63.4</ele></trkpt>
    <trkpt lat="48.368867" lon="-4.583438"><ele>62.8</ele></trkpt>
    <trkpt lat="48.368855" lon="-4.583010"><ele>61.6</ele></trkpt>
    <trkpt lat="48.368808" lon="-4.582860"><ele>61.4</ele></trkpt>
    <trkpt lat="48.368438" lon="-4.582499"><ele>60.4</ele></trkpt>
    <trkpt lat="48.367884" lon="-4.582146"><ele>57.6</ele></trkpt>
    <trkpt lat="48.367613" lon="-4.581834"><ele>58.0</ele></trkpt>
    <trkpt lat="48.367259" lon="-4.580983"><ele>59.6</ele></trkpt>
    <trkpt lat="48.367178" lon="-4.580703"><ele>60.6</ele></trkpt>
    <trkpt lat="48.367111" lon="-4.580254"><ele>60.8</ele></trkpt>
    <trkpt lat="48.367115" lon="-4.579694"><ele>60.4</ele></trkpt>
    <trkpt lat="48.366820" lon="-4.579284"><ele>62.4</ele></trkpt>
    <trkpt lat="48.366751" lon="-4.579234"><ele>62.2</ele></trkpt>
    <trkpt lat="48.366703" lon="-4.579252"><ele>61.4</ele></trkpt>
    <trkpt lat="48.366726" lon="-4.579248"><ele>60.0</ele></trkpt>
    <trkpt lat="48.366775" lon="-4.579057"><ele>59.2</ele></trkpt>
    <trkpt lat="48.366817" lon="-4.578772"><ele>57.2</ele></trkpt>
    <trkpt lat="48.366807" lon="-4.577831"><ele>49.6</ele></trkpt>
    <trkpt lat="48.366861" lon="-4.576779"><ele>46.2</ele></trkpt>
    <trkpt lat="48.367123" lon="-4.575513"><ele>43.4</ele></trkpt>
    <trkpt lat="48.367153" lon="-4.575220"><ele>41.6</ele></trkpt>
    <trkpt lat="48.367341" lon="-4.574962"><ele>39.8</ele></trkpt>
    <trkpt lat="48.367476" lon="-4.574650"><ele>39.0</ele></trkpt>
    <trkpt lat="48.367448" lon="-4.574315"><ele>39.0</ele></trkpt>
    <trkpt lat="48.367217" lon="-4.573780"><ele>45.0</ele></trkpt>
    <trkpt lat="48.367179" lon="-4.573597"><ele>46.6</ele></trkpt>
    <trkpt lat="48.367222" lon="-4.573491"><ele>47.4</ele></trkpt>
    <trkpt lat="48.367383" lon="-4.573336"><ele>48.6</ele></trkpt>
    <trkpt lat="48.367478" lon="-4.573033"><ele>50.0</ele></trkpt>
    <trkpt lat="48.367406" lon="-4.572079"><ele>51.8</ele></trkpt>
    <trkpt lat="48.367478" lon="-4.571975"><ele>52.8</ele></trkpt>
    <trkpt lat="48.367789" lon="-4.571977"><ele>55.8</ele></trkpt>
    <trkpt lat="48.367911" lon="-4.571884"><ele>57.6</ele></trkpt>
    <trkpt lat="48.367843" lon="-4.571716"><ele>58.2</ele></trkpt>
    <trkpt lat="48.367840" lon="-4.571378"><ele>58.4</ele></trkpt>
    <trkpt lat="48.367668" lon="-4.570358"><ele>57.2</ele></trkpt>
    <trkpt lat="48.367869" lon="-4.569092"><ele>58.2</ele></trkpt>
    <trkpt lat="48.367915" lon="-4.568575"><ele>58.2</ele></trkpt>
    <trkpt lat="48.368031" lon="-4.568131"><ele>58.0</ele></trkpt>
    <trkpt lat="48.368135" lon="-4.567541"><ele>53.4</ele></trkpt>
    <trkpt lat="48.368201" lon="-4.567475"><ele>52.4</ele></trkpt>
    <trkpt lat="48.368321" lon="-4.567438"><ele>52.0</ele></trkpt>
    <trkpt lat="48.368359" lon="-4.567481"><ele>53.2</ele></trkpt>
    <trkpt lat="48.368396" lon="-4.567413"><ele>53.4</ele></trkpt>
    <trkpt lat="48.368549" lon="-4.567358"><ele>53.0</ele></trkpt>
    <trkpt lat="48.368587" lon="-4.567061"><ele>50.2</ele></trkpt>
    <trkpt lat="48.368573" lon="-4.566989"><ele>50.0</ele></trkpt>
    <trkpt lat="48.368662" lon="-4.566959"><ele>51.0</ele></trkpt>
    <trkpt lat="48.368611" lon="-4.566792"><ele>53.0</ele></trkpt>
    <trkpt lat="48.368634" lon="-4.566598"><ele>57.2</ele></trkpt>
    <trkpt lat="48.368345" lon="-4.566144"><ele>63.0</ele></trkpt>
    <trkpt lat="48.368275" lon="-4.565897"><ele>64.6</ele></trkpt>
    <trkpt lat="48.368183" lon="-4.565775"><ele>64.6</ele></trkpt>
    <trkpt lat="48.368086" lon="-4.565750"><ele>63.6</ele></trkpt>
    <trkpt lat="48.367787" lon="-4.565854"><ele>60.0</ele></trkpt>
    <trkpt lat="48.367639" lon="-4.565779"><ele>57.6</ele></trkpt>
    <trkpt lat="48.367415" lon="-4.565790"><ele>54.2</ele></trkpt>
    <trkpt lat="48.367278" lon="-4.565886"><ele>51.6</ele></trkpt>
    <trkpt lat="48.366919" lon="-4.565878"><ele>47.4</ele></trkpt>
    <trkpt lat="48.366424" lon="-4.566035"><ele>41.2</ele></trkpt>
    <trkpt lat="48.366165" lon="-4.565977"><ele>39.2</ele></trkpt>
    <trkpt lat="48.366046" lon="-4.566011"><ele>38.2</ele></trkpt>
    <trkpt lat="48.365929" lon="-4.566118"><ele>36.8</ele></trkpt>
    <trkpt lat="48.365432" lon="-4.566857"><ele>24.6</ele></trkpt>
    <trkpt lat="48.365434" lon="-4.566973"><ele>23.0</ele></trkpt>
    <trkpt lat="48.365498" lon="-4.567141"><ele>21.2</ele></trkpt>
    <trkpt lat="48.365330" lon="-4.567363"><ele>21.2</ele></trkpt>
    <trkpt lat="48.365255" lon="-4.567694"><ele>22.0</ele></trkpt>
    <trkpt lat="48.365470" lon="-4.568293"><ele>25.6</ele></trkpt>
    <trkpt lat="48.365630" lon="-4.568557"><ele>25.2</ele></trkpt>
    <trkpt lat="48.365691" lon="-4.568724"><ele>25.6</ele></trkpt>
    <trkpt lat="48.365780" lon="-4.569211"><ele>27.4</ele></trkpt>
    <trkpt lat="48.365806" lon="-4.569639"><ele>29.4</ele></trkpt>
    <trkpt lat="48.365962" lon="-4.570225"><ele>31.4</ele></trkpt>
    <trkpt lat="48.366036" lon="-4.570819"><ele>34.4</ele></trkpt>
    <trkpt lat="48.366312" lon="-4.571877"><ele>36.4</ele></trkpt>
    <trkpt lat="48.366388" lon="-4.572308"><ele>35.4</ele></trkpt>
    <trkpt lat="48.366404" lon="-4.572611"><ele>35.8</ele></trkpt>
    <trkpt lat="48.366316" lon="-4.573138"><ele>40.2</ele></trkpt>
    <trkpt lat="48.366327" lon="-4.573603"><ele>44.2</ele></trkpt>
    <trkpt lat="48.366308" lon="-4.573654"><ele>45.2</ele></trkpt>
    <trkpt lat="48.366227" lon="-4.573617"><ele>48.2</ele></trkpt>
    <trkpt lat="48.366086" lon="-4.573405"><ele>51.6</ele></trkpt>
    <trkpt lat="48.365944" lon="-4.573302"><ele>55.4</ele></trkpt>
    <trkpt lat="48.365897" lon="-4.573216"><ele>56.4</ele></trkpt>
    <trkpt lat="48.365933" lon="-4.572743"><ele>54.0</ele></trkpt>
    <trkpt lat="48.365926" lon="-4.572039"><ele>50.6</ele></trkpt>
    <trkpt lat="48.365748" lon="-4.571035"><ele>47.4</ele></trkpt>
    <trkpt lat="48.365516" lon="-4.570730"><ele>48.6</ele></trkpt>
    <trkpt lat="48.365248" lon="-4.570516"><ele>49.2</ele></trkpt>
    <trkpt lat="48.365117" lon="-4.570344"><ele>49.8</ele></trkpt>
    <trkpt lat="48.365075" lon="-4.570211"><ele>50.4</ele></trkpt>
    <trkpt lat="48.365064" lon="-4.570004"><ele>50.6</ele></trkpt>
    <trkpt lat="48.365312" lon="-4.569823"><ele>46.6</ele></trkpt>
    <trkpt lat="48.365393" lon="-4.569671"><ele>44.2</ele></trkpt>
    <trkpt lat="48.365261" lon="-4.569358"><ele>42.6</ele></trkpt>
    <trkpt lat="48.365211" lon="-4.569108"><ele>42.6</ele></trkpt>
    <trkpt lat="48.364917" lon="-4.568751"><ele>42.0</ele></trkpt>
    <trkpt lat="48.364836" lon="-4.568718"><ele>42.2</ele></trkpt>
    <trkpt lat="48.364752" lon="-4.568765"><ele>43.0</ele></trkpt>
    <trkpt lat="48.364654" lon="-4.568996"><ele>44.8</ele></trkpt>
    <trkpt lat="48.364284" lon="-4.569129"><ele>47.2</ele></trkpt>
    <trkpt lat="48.364130" lon="-4.569238"><ele>48.2</ele></trkpt>
    <trkpt lat="48.364052" lon="-4.569206"><ele>48.0</ele></trkpt>
    <trkpt lat="48.364031" lon="-4.568709"><ele>46.6</ele></trkpt>
    <trkpt lat="48.364119" lon="-4.568073"><ele>46.2</ele></trkpt>
    <trkpt lat="48.364077" lon="-4.567822"><ele>44.6</ele></trkpt>
    <trkpt lat="48.364053" lon="-4.566683"><ele>42.2</ele></trkpt>
    <trkpt lat="48.364021" lon="-4.566459"><ele>42.4</ele></trkpt>
    <trkpt lat="48.363565" lon="-4.565514"><ele>42.8</ele></trkpt>
    <trkpt lat="48.363357" lon="-4.565343"><ele>41.4</ele></trkpt>
    <trkpt lat="48.363147" lon="-4.565274"><ele>40.4</ele></trkpt>
    <trkpt lat="48.363160" lon="-4.565128"><ele>39.8</ele></trkpt>
    <trkpt lat="48.363279" lon="-4.564858"><ele>37.8</ele></trkpt>
    <trkpt lat="48.363334" lon="-4.564446"><ele>35.8</ele></trkpt>
    <trkpt lat="48.363248" lon="-4.563741"><ele>33.4</ele></trkpt>
    <trkpt lat="48.363046" lon="-4.563160"><ele>35.2</ele></trkpt>
    <trkpt lat="48.362924" lon="-4.562904"><ele>35.8</ele></trkpt>
    <trkpt lat="48.362806" lon="-4.562731"><ele>37.0</ele></trkpt>
    <trkpt lat="48.362605" lon="-4.562560"><ele>38.4</ele></trkpt>
    <trkpt lat="48.362502" lon="-4.562252"><ele>38.2</ele></trkpt>
    <trkpt lat="48.362278" lon="-4.561758"><ele>35.0</ele></trkpt>
    <trkpt lat="48.362300" lon="-4.561672"><ele>34.0</ele></trkpt>
    <trkpt lat="48.362414" lon="-4.561662"><ele>32.0</ele></trkpt>
    <trkpt lat="48.362692" lon="-4.561733"><ele>27.8</ele></trkpt>
    <trkpt lat="48.362769" lon="-4.561803"><ele>26.6</ele></trkpt>
    <trkpt lat="48.362925" lon="-4.562067"><ele>25.0</ele></trkpt>
    <trkpt lat="48.363228" lon="-4.562919"><ele>23.6</ele></trkpt>
    <trkpt lat="48.363793" lon="-4.563587"><ele>16.6</ele></trkpt>
    <trkpt lat="48.363895" lon="-4.563784"><ele>16.0</ele></trkpt>
    <trkpt lat="48.364116" lon="-4.564804"><ele>18.0</ele></trkpt>
    <trkpt lat="48.364388" lon="-4.565289"><ele>19.0</ele></trkpt>
    <trkpt lat="48.364481" lon="-4.565572"><ele>18.6</ele></trkpt>
    <trkpt lat="48.364662" lon="-4.565932"><ele>18.0</ele></trkpt>
    <trkpt lat="48.364667" lon="-4.566112"><ele>18.0</ele></trkpt>
    <trkpt lat="48.364588" lon="-4.566664"><ele>20.8</ele></trkpt>
    <trkpt lat="48.364540" lon="-4.566825"><ele>22.8</ele></trkpt>
    <trkpt lat="48.364541" lon="-4.566960"><ele>23.6</ele></trkpt>
    <trkpt lat="48.364656" lon="-4.567338"><ele>22.8</ele></trkpt>
    <trkpt lat="48.364780" lon="-4.567476"><ele>21.4</ele></trkpt>
    <trkpt lat="48.364868" lon="-4.567507"><ele>20.6</ele></trkpt>
    <trkpt lat="48.364922" lon="-4.567338"><ele>19.8</ele></trkpt>
    <trkpt lat="48.364880" lon="-4.566838"><ele>19.0</ele></trkpt>
    <trkpt lat="48.365033" lon="-4.566015"><ele>18.6</ele></trkpt>
    <trkpt lat="48.365032" lon="-4.565239"><ele>19.2</ele></trkpt>
    <trkpt lat="48.364974" lon="-4.564915"><ele>19.8</ele></trkpt>
    <trkpt lat="48.364791" lon="-4.564447"><ele>20.6</ele></trkpt>
    <trkpt lat="48.364705" lon="-4.563940"><ele>21.8</ele></trkpt>
    <trkpt lat="48.364802" lon="-4.563912"><ele>24.0</ele></trkpt>
    <trkpt lat="48.364864" lon="-4.563759"><ele>26.8</ele></trkpt>
    <trkpt lat="48.364919" lon="-4.563703"><ele>28.4</ele></trkpt>
    <trkpt lat="48.365492" lon="-4.563526"><ele>41.2</ele></trkpt>
    <trkpt lat="48.365580" lon="-4.563422"><ele>43.8</ele></trkpt>
    <trkpt lat="48.365762" lon="-4.563330"><ele>48.2</ele></trkpt>
    <trkpt lat="48.365873" lon="-4.563184"><ele>50.2</ele></trkpt>
    <trkpt lat="48.365936" lon="-4.563024"><ele>52.8</ele></trkpt>
    <trkpt lat="48.366067" lon="-4.562911"><ele>55.2</ele></trkpt>
    <trkpt lat="48.366068" lon="-4.562778"><ele>55.8</ele></trkpt>
    <trkpt lat="48.365942" lon="-4.562531"><ele>55.8</ele></trkpt>
    <trkpt lat="48.365837" lon="-4.562025"><ele>56.8</ele></trkpt>
    <trkpt lat="48.365605" lon="-4.561261"><ele>58.2</ele></trkpt>
    <trkpt lat="48.365549" lon="-4.560980"><ele>58.8</ele></trkpt>
    <trkpt lat="48.365504" lon="-4.560461"><ele>59.0</ele></trkpt>
    <trkpt lat="48.365588" lon="-4.560233"><ele>61.2</ele></trkpt>
    <trkpt lat="48.365776" lon="-4.560048"><ele>63.4</ele></trkpt>
    <trkpt lat="48.365930" lon="-4.559830"><ele>64.2</ele></trkpt>
    <trkpt lat="48.366068" lon="-4.559512"><ele>63.4</ele></trkpt>
    <trkpt lat="48.366078" lon="-4.559216"><ele>62.2</ele></trkpt>
    <trkpt lat="48.366183" lon="-4.558879"><ele>60.0</ele></trkpt>
    <trkpt lat="48.366202" lon="-4.558721"><ele>59.2</ele></trkpt>
    <trkpt lat="48.366360" lon="-4.558603"><ele>57.4</ele></trkpt>
    <trkpt lat="48.366413" lon="-4.558466"><ele>55.2</ele></trkpt>
    <trkpt lat="48.366371" lon="-4.558392"><ele>54.2</ele></trkpt>
    <trkpt lat="48.366297" lon="-4.558373"><ele>53.2</ele></trkpt>
    <trkpt lat="48.365881" lon="-4.558458"><ele>50.0</ele></trkpt>
    <trkpt lat="48.365578" lon="-4.559158"><ele>43.4</ele></trkpt>
    <trkpt lat="48.365301" lon="-4.559596"><ele>38.8</ele></trkpt>
    <trkpt lat="48.365083" lon="-4.559833"><ele>36.2</ele></trkpt>
    <trkpt lat="48.364934" lon="-4.559874"><ele>33.6</ele></trkpt>
    <trkpt lat="48.364742" lon="-4.560063"><ele>30.2</ele></trkpt>
    <trkpt lat="48.364587" lon="-4.560077"><ele>27.0</ele></trkpt>
    <trkpt lat="48.364396" lon="-4.559929"><ele>22.4</ele></trkpt>
    <trkpt lat="48.363884" lon="-4.560053"><ele>14.0</ele></trkpt>
    <trkpt lat="48.363716" lon="-4.559817"><ele>13.4</ele></trkpt>
    <trkpt lat="48.363751" lon="-4.559583"><ele>15.6</ele></trkpt>
    <trkpt lat="48.363693" lon="-4.559159"><ele>17.4</ele></trkpt>
    <trkpt lat="48.363518" lon="-4.558725"><ele>18.0</ele></trkpt>
    <trkpt lat="48.363295" lon="-4.558009"><ele>16.4</ele></trkpt>
    <trkpt lat="48.363191" lon="-4.557508"><ele>16.6</ele></trkpt>
    <trkpt lat="48.363011" lon="-4.557008"><ele>16.0</ele></trkpt>
    <trkpt lat="48.362961" lon="-4.556697"><ele>16.0</ele></trkpt>
    <trkpt lat="48.362734" lon="-4.555822"><ele>16.0</ele></trkpt>
    <trkpt lat="48.362663" lon="-4.555651"><ele>15.2</ele></trkpt>
    <trkpt lat="48.362591" lon="-4.555585"><ele>14.4</ele></trkpt>
    <trkpt lat="48.362297" lon="-4.555672"><ele>10.6</ele></trkpt>
    <trkpt lat="48.362190" lon="-4.555596"><ele>9.0</ele></trkpt>
    <trkpt lat="48.362021" lon="-4.555018"><ele>7.2</ele></trkpt>
    <trkpt lat="48.361873" lon="-4.554654"><ele>6.8</ele></trkpt>
    <trkpt lat="48.361824" lon="-4.554430"><ele>7.0</ele></trkpt>
    <trkpt lat="48.361733" lon="-4.554386"><ele>7.4</ele></trkpt>
    <trkpt lat="48.361364" lon="-4.554652"><ele>7.6</ele></trkpt>
    <trkpt lat="48.361004" lon="-4.555015"><ele>11.2</ele></trkpt>
    <trkpt lat="48.360880" lon="-4.554976"><ele>12.4</ele></trkpt>
    <trkpt lat="48.360794" lon="-4.554863"><ele>13.0</ele></trkpt>
    <trkpt lat="48.360742" lon="-4.554910"><ele>16.0</ele></trkpt>
    <trkpt lat="48.360770" lon="-4.554945"><ele>16.6</ele></trkpt>
    <trkpt lat="48.360730" lon="-4.554938"><ele>17.4</ele></trkpt>
    <trkpt lat="48.360708" lon="-4.555042"><ele>19.8</ele></trkpt>
    <trkpt lat="48.360605" lon="-4.555165"><ele>24.8</ele></trkpt>
    <trkpt lat="48.360627" lon="-4.555253"><ele>26.2</ele></trkpt>
    <trkpt lat="48.360601" lon="-4.555287"><ele>27.2</ele></trkpt>
    <trkpt lat="48.360356" lon="-4.555320"><ele>31.6</ele></trkpt>
    <trkpt lat="48.359896" lon="-4.555297"><ele>30.4</ele></trkpt>
    <trkpt lat="48.359670" lon="-4.555356"><ele>29.2</ele></trkpt>
    <trkpt lat="48.358850" lon="-4.556025"><ele>33.2</ele></trkpt>
    <trkpt lat="48.357929" lon="-4.556599"><ele>38.6</ele></trkpt>
    <trkpt lat="48.357566" lon="-4.556874"><ele>37.6</ele></trkpt>
    <trkpt lat="48.357308" lon="-4.557212"><ele>37.2</ele></trkpt>
    <trkpt lat="48.357036" lon="-4.557489"><ele>36.2</ele></trkpt>
    <trkpt lat="48.356742" lon="-4.557945"><ele>34.0</ele></trkpt>
    <trkpt lat="48.356592" lon="-4.558107"><ele>33.8</ele></trkpt>
    <trkpt lat="48.356085" lon="-4.558369"><ele>33.0</ele></trkpt>
    <trkpt lat="48.355550" lon="-4.558710"><ele>32.0</ele></trkpt>
    <trkpt lat="48.355406" lon="-4.558847"><ele>31.6</ele></trkpt>
    <trkpt lat="48.355408" lon="-4.558963"><ele>31.2</ele></trkpt>
    <trkpt lat="48.355486" lon="-4.559083"><ele>31.0</ele></trkpt>
    <trkpt lat="48.355819" lon="-4.559109"><ele>31.4</ele></trkpt>
    <trkpt lat="48.356472" lon="-4.559535"><ele>36.0</ele></trkpt>
    <trkpt lat="48.356558" lon="-4.559780"><ele>36.6</ele></trkpt>
    <trkpt lat="48.356724" lon="-4.560657"><ele>36.2</ele></trkpt>
    <trkpt lat="48.356784" lon="-4.561520"><ele>37.0</ele></trkpt>
    <trkpt lat="48.356794" lon="-4.562300"><ele>34.4</ele></trkpt>
    <trkpt lat="48.356587" lon="-4.562286"><ele>28.4</ele></trkpt>
    <trkpt lat="48.356549" lon="-4.562377"><ele>27.2</ele></trkpt>
    <trkpt lat="48.356741" lon="-4.563214"><ele>27.6</ele></trkpt>
    <trkpt lat="48.356581" lon="-4.563647"><ele>25.2</ele></trkpt>
    <trkpt lat="48.356608" lon="-4.563860"><ele>25.6</ele></trkpt>
    <trkpt lat="48.356585" lon="-4.563997"><ele>25.8</ele></trkpt>
    <trkpt lat="48.356396" lon="-4.564406"><ele>25.6</ele></trkpt>
    <trkpt lat="48.356343" lon="-4.564916"><ele>24.4</ele></trkpt>
    <trkpt lat="48.356175" lon="-4.565151"><ele>21.2</ele></trkpt>
    <trkpt lat="48.356020" lon="-4.565456"><ele>19.6</ele></trkpt>
    <trkpt lat="48.355824" lon="-4.565597"><ele>19.2</ele></trkpt>
    <trkpt lat="48.355258" lon="-4.566625"><ele>16.2</ele></trkpt>
    <trkpt lat="48.355144" lon="-4.566922"><ele>16.2</ele></trkpt>
    <trkpt lat="48.355129" lon="-4.567184"><ele>17.8</ele></trkpt>
    <trkpt lat="48.355182" lon="-4.567321"><ele>18.6</ele></trkpt>
    <trkpt lat="48.355156" lon="-4.567373"><ele>18.8</ele></trkpt>
    <trkpt lat="48.355024" lon="-4.567384"><ele>18.6</ele></trkpt>
    <trkpt lat="48.354840" lon="-4.567325"><ele>17.6</ele></trkpt>
    <trkpt lat="48.354355" lon="-4.567342"><ele>13.8</ele></trkpt>
    <trkpt lat="48.353891" lon="-4.567105"><ele>10.0</ele></trkpt>
    <trkpt lat="48.353737" lon="-4.567092"><ele>9.6</ele></trkpt>
    <trkpt lat="48.353613" lon="-4.567135"><ele>10.0</ele></trkpt>
    <trkpt lat="48.353190" lon="-4.567442"><ele>12.0</ele></trkpt>
    <trkpt lat="48.352718" lon="-4.567568"><ele>11.8</ele></trkpt>
    <trkpt lat="48.352602" lon="-4.567650"><ele>12.0</ele></trkpt>
    <trkpt lat="48.352565" lon="-4.567781"><ele>13.0</ele></trkpt>
    <trkpt lat="48.352536" lon="-4.568523"><ele>20.2</ele></trkpt>
    <trkpt lat="48.352094" lon="-4.568725"><ele>16.4</ele></trkpt>
    <trkpt lat="48.351866" lon="-4.568929"><ele>12.8</ele></trkpt>
    <trkpt lat="48.351970" lon="-4.569386"><ele>12.6</ele></trkpt>
    <trkpt lat="48.351939" lon="-4.569693"><ele>11.8</ele></trkpt>
    <trkpt lat="48.351790" lon="-4.570000"><ele>10.2</ele></trkpt>
    <trkpt lat="48.351721" lon="-4.570075"><ele>9.6</ele></trkpt>
    <trkpt lat="48.351645" lon="-4.570405"><ele>10.6</ele></trkpt>
    <trkpt lat="48.351733" lon="-4.571260"><ele>19.2</ele></trkpt>
    <trkpt lat="48.351809" lon="-4.571737"><ele>22.8</ele></trkpt>
    <trkpt lat="48.351868" lon="-4.571934"><ele>24.6</ele></trkpt>
    <trkpt lat="48.351727" lon="-4.572003"><ele>27.2</ele></trkpt>
    <trkpt lat="48.351447" lon="-4.571891"><ele>27.2</ele></trkpt>
    <trkpt lat="48.351355" lon="-4.571904"><ele>27.4</ele></trkpt>
    <trkpt lat="48.351249" lon="-4.572042"><ele>28.2</ele></trkpt>
    <trkpt lat="48.351139" lon="-4.572334"><ele>30.0</ele></trkpt>
    <trkpt lat="48.351070" lon="-4.572385"><ele>30.8</ele></trkpt>
    <trkpt lat="48.350873" lon="-4.572330"><ele>31.2</ele></trkpt>
    <trkpt lat="48.350368" lon="-4.571771"><ele>30.8</ele></trkpt>
    <trkpt lat="48.350288" lon="-4.571784"><ele>30.8</ele></trkpt>
    <trkpt lat="48.350065" lon="-4.572014"><ele>34.0</ele></trkpt>
    <trkpt lat="48.350073" lon="-4.572085"><ele>35.4</ele></trkpt>
    <trkpt lat="48.350173" lon="-4.572279"><ele>38.6</ele></trkpt>
    <trkpt lat="48.350076" lon="-4.572594"><ele>41.6</ele></trkpt>
    <trkpt lat="48.350160" lon="-4.572925"><ele>42.2</ele></trkpt>
    <trkpt lat="48.350068" lon="-4.573074"><ele>41.6</ele></trkpt>
    <trkpt lat="48.350035" lon="-4.573203"><ele>41.2</ele></trkpt>
    <trkpt lat="48.349968" lon="-4.573950"><ele>39.6</ele></trkpt>
    <trkpt lat="48.349774" lon="-4.575358"><ele>36.2</ele></trkpt>
    <trkpt lat="48.349766" lon="-4.575799"><ele>36.0</ele></trkpt>
    <trkpt lat="48.349647" lon="-4.576389"><ele>35.6</ele></trkpt>
    <trkpt lat="48.349646" lon="-4.577526"><ele>39.0</ele></trkpt>
    <trkpt lat="48.349595" lon="-4.577972"><ele>38.2</ele></trkpt>
    <trkpt lat="48.349334" lon="-4.579320"><ele>34.0</ele></trkpt>
    <trkpt lat="48.349301" lon="-4.579708"><ele>36.4</ele></trkpt>
    <trkpt lat="48.349197" lon="-4.580134"><ele>39.0</ele></trkpt>
    <trkpt lat="48.349118" lon="-4.580375"><ele>38.6</ele></trkpt>
    <trkpt lat="48.348830" lon="-4.580879"><ele>34.8</ele></trkpt>
    <trkpt lat="48.348679" lon="-4.581460"><ele>33.8</ele></trkpt>
    <trkpt lat="48.348532" lon="-4.582354"><ele>31.0</ele></trkpt>
    <trkpt lat="48.348546" lon="-4.582621"><ele>30.8</ele></trkpt>
    <trkpt lat="48.348500" lon="-4.582981"><ele>30.0</ele></trkpt>
    <trkpt lat="48.348409" lon="-4.583473"><ele>26.8</ele></trkpt>
    <trkpt lat="48.348309" lon="-4.583729"><ele>24.4</ele></trkpt>
    <trkpt lat="48.348284" lon="-4.583957"><ele>22.6</ele></trkpt>
    <trkpt lat="48.348200" lon="-4.584196"><ele>20.4</ele></trkpt>
    <trkpt lat="48.348088" lon="-4.584698"><ele>17.4</ele></trkpt>
    <trkpt lat="48.348302" lon="-4.585019"><ele>24.8</ele></trkpt>
    <trkpt lat="48.348500" lon="-4.585485"><ele>26.6</ele></trkpt>
    <trkpt lat="48.348705" lon="-4.586147"><ele>17.4</ele></trkpt>
    <trkpt lat="48.348919" lon="-4.586479"><ele>10.2</ele></trkpt>
    <trkpt lat="48.348759" lon="-4.586799"><ele>8.0</ele></trkpt>
    <trkpt lat="48.348733" lon="-4.586973"><ele>7.8</ele></trkpt>
    <trkpt lat="48.348774" lon="-4.587186"><ele>8.0</ele></trkpt>
    <trkpt lat="48.348996" lon="-4.587384"><ele>13.0</ele></trkpt>
    <trkpt lat="48.348957" lon="-4.587441"><ele>15.4</ele></trkpt>
    <trkpt lat="48.348986" lon="-4.587499"><ele>17.6</ele></trkpt>
    <trkpt lat="48.348931" lon="-4.587577"><ele>19.6</ele></trkpt>
    <trkpt lat="48.348940" lon="-4.587658"><ele>21.6</ele></trkpt>
    <trkpt lat="48.349044" lon="-4.587749"><ele>27.2</ele></trkpt>
    <trkpt lat="48.349149" lon="-4.587690"><ele>28.4</ele></trkpt>
    <trkpt lat="48.349397" lon="-4.587683"><ele>29.6</ele></trkpt>
    <trkpt lat="48.349566" lon="-4.587752"><ele>31.4</ele></trkpt>
    <trkpt lat="48.349723" lon="-4.587893"><ele>34.0</ele></trkpt>
    <trkpt lat="48.349837" lon="-4.588095"><ele>36.2</ele></trkpt>
    <trkpt lat="48.349959" lon="-4.588587"><ele>40.4</ele></trkpt>
    <trkpt lat="48.349954" lon="-4.588910"><ele>42.2</ele></trkpt>
    <trkpt lat="48.349843" lon="-4.589064"><ele>44.8</ele></trkpt>
    <trkpt lat="48.349650" lon="-4.589157"><ele>49.0</ele></trkpt>
    <trkpt lat="48.349465" lon="-4.589532"><ele>52.4</ele></trkpt>
    <trkpt lat="48.349364" lon="-4.589687"><ele>53.4</ele></trkpt>
    <trkpt lat="48.349304" lon="-4.589720"><ele>53.8</ele></trkpt>
    <trkpt lat="48.349051" lon="-4.589561"><ele>55.2</ele></trkpt>
    <trkpt lat="48.348558" lon="-4.589351"><ele>56.2</ele></trkpt>
    <trkpt lat="48.348435" lon="-4.589397"><ele>56.8</ele></trkpt>
    <trkpt lat="48.348190" lon="-4.589640"><ele>57.6</ele></trkpt>
    <trkpt lat="48.348092" lon="-4.589684"><ele>57.2</ele></trkpt>
    <trkpt lat="48.348010" lon="-4.589382"><ele>56.2</ele></trkpt>
    <trkpt lat="48.347800" lon="-4.589219"><ele>56.2</ele></trkpt>
    <trkpt lat="48.347785" lon="-4.589134"><ele>56.6</ele></trkpt>
    <trkpt lat="48.347667" lon="-4.589145"><ele>58.2</ele></trkpt>
    <trkpt lat="48.347494" lon="-4.589052"><ele>58.4</ele></trkpt>
    <trkpt lat="48.347211" lon="-4.588988"><ele>57.0</ele></trkpt>
    <trkpt lat="48.347067" lon="-4.589066"><ele>53.8</ele></trkpt>
    <trkpt lat="48.346856" lon="-4.589281"><ele>49.6</ele></trkpt>
    <trkpt lat="48.346295" lon="-4.590246"><ele>45.8</ele></trkpt>
    <trkpt lat="48.345682" lon="-4.591040"><ele>46.8</ele></trkpt>
    <trkpt lat="48.345463" lon="-4.591616"><ele>47.6</ele></trkpt>
    <trkpt lat="48.345338" lon="-4.592154"><ele>50.4</ele></trkpt>
    <trkpt lat="48.345020" lon="-4.593050"><ele>50.6</ele></trkpt>
    <trkpt lat="48.344952" lon="-4.593607"><ele>52.0</ele></trkpt>
    <trkpt lat="48.345011" lon="-4.593837"><ele>55.0</ele></trkpt>
    <trkpt lat="48.345001" lon="-4.594170"><ele>57.2</ele></trkpt>
    <trkpt lat="48.344941" lon="-4.594364"><ele>57.4</ele></trkpt>
    <trkpt lat="48.344942" lon="-4.594601"><ele>56.6</ele></trkpt>
    <trkpt lat="48.344896" lon="-4.594929"><ele>54.0</ele></trkpt>
    <trkpt lat="48.344652" lon="-4.595463"><ele>51.0</ele></trkpt>
    <trkpt lat="48.344469" lon="-4.596388"><ele>40.2</ele></trkpt>
    <trkpt lat="48.344392" lon="-4.596545"><ele>36.6</ele></trkpt>
    <trkpt lat="48.344239" lon="-4.596686"><ele>29.6</ele></trkpt>
    <trkpt lat="48.344098" lon="-4.596932"><ele>24.0</ele></trkpt>
    <trkpt lat="48.344102" lon="-4.597152"><ele>19.2</ele></trkpt>
    <trkpt lat="48.344139" lon="-4.597235"><ele>18.0</ele></trkpt>
    <trkpt lat="48.344196" lon="-4.597702"><ele>20.4</ele></trkpt>
    <trkpt lat="48.344300" lon="-4.597945"><ele>25.2</ele></trkpt>
    <trkpt lat="48.344277" lon="-4.598028"><ele>26.6</ele></trkpt>
    <trkpt lat="48.344200" lon="-4.598093"><ele>27.6</ele></trkpt>
    <trkpt lat="48.344136" lon="-4.598010"><ele>28.0</ele></trkpt>
    <trkpt lat="48.343948" lon="-4.597951"><ele>31.0</ele></trkpt>
    <trkpt lat="48.343843" lon="-4.597862"><ele>32.2</ele></trkpt>
    <trkpt lat="48.343613" lon="-4.597786"><ele>30.8</ele></trkpt>
    <trkpt lat="48.343548" lon="-4.597810"><ele>30.4</ele></trkpt>
    <trkpt lat="48.342984" lon="-4.598442"><ele>33.6</ele></trkpt>
    <trkpt lat="48.342857" lon="-4.598673"><ele>34.4</ele></trkpt>
    <trkpt lat="48.342200" lon="-4.599516"><ele>35.6</ele></trkpt>
    <trkpt lat="48.341895" lon="-4.600146"><ele>41.0</ele></trkpt>
    <trkpt lat="48.341758" lon="-4.600755"><ele>41.2</ele></trkpt>
    <trkpt lat="48.341649" lon="-4.600977"><ele>40.0</ele></trkpt>
    <trkpt lat="48.341699" lon="-4.601355"><ele>39.2</ele></trkpt>
    <trkpt lat="48.341668" lon="-4.602002"><ele>39.4</ele></trkpt>
    <trkpt lat="48.341431" lon="-4.602524"><ele>40.4</ele></trkpt>
    <trkpt lat="48.341234" lon="-4.602798"><ele>39.8</ele></trkpt>
    <trkpt lat="48.341138" lon="-4.603280"><ele>41.0</ele></trkpt>
    <trkpt lat="48.341061" lon="-4.603517"><ele>42.0</ele></trkpt>
    <trkpt lat="48.340532" lon="-4.604339"><ele>34.2</ele></trkpt>
    <trkpt lat="48.340322" lon="-4.604852"><ele>32.4</ele></trkpt>
    <trkpt lat="48.340210" lon="-4.605044"><ele>32.6</ele></trkpt>
    <trkpt lat="48.340133" lon="-4.605279"><ele>32.8</ele></trkpt>
    <trkpt lat="48.339889" lon="-4.605449"><ele>28.2</ele></trkpt>
    <trkpt lat="48.339651" lon="-4.605434"><ele>24.0</ele></trkpt>
    <trkpt lat="48.339525" lon="-4.605550"><ele>22.2</ele></trkpt>
    <trkpt lat="48.339410" lon="-4.605734"><ele>21.6</ele></trkpt>
    <trkpt lat="48.339209" lon="-4.606620"><ele>28.4</ele></trkpt>
    <trkpt lat="48.339237" lon="-4.606691"><ele>31.2</ele></trkpt>
    <trkpt lat="48.339210" lon="-4.606815"><ele>33.2</ele></trkpt>
    <trkpt lat="48.339078" lon="-4.607004"><ele>34.8</ele></trkpt>
    <trkpt lat="48.339094" lon="-4.607131"><ele>36.0</ele></trkpt>
    <trkpt lat="48.339171" lon="-4.607203"><ele>39.2</ele></trkpt>
    <trkpt lat="48.339161" lon="-4.607293"><ele>39.6</ele></trkpt>
    <trkpt lat="48.338943" lon="-4.607954"><ele>36.4</ele></trkpt>
    <trkpt lat="48.338777" lon="-4.608801"><ele>39.2</ele></trkpt>
    <trkpt lat="48.338838" lon="-4.609035"><ele>39.6</ele></trkpt>
    <trkpt lat="48.338931" lon="-4.609667"><ele>40.8</ele></trkpt>
    <trkpt lat="48.339161" lon="-4.610564"><ele>36.4</ele></trkpt>
    <trkpt lat="48.339221" lon="-4.610990"><ele>34.2</ele></trkpt>
    <trkpt lat="48.339360" lon="-4.611221"><ele>31.0</ele></trkpt>
    <trkpt lat="48.339380" lon="-4.611445"><ele>30.2</ele></trkpt>
    <trkpt lat="48.339032" lon="-4.612106"><ele>29.2</ele></trkpt>
    <trkpt lat="48.338829" lon="-4.612363"><ele>28.4</ele></trkpt>
    <trkpt lat="48.338766" lon="-4.612496"><ele>28.2</ele></trkpt>
    <trkpt lat="48.338677" lon="-4.612969"><ele>28.2</ele></trkpt>
    <trkpt lat="48.338655" lon="-4.613790"><ele>28.0</ele></trkpt>
    <trkpt lat="48.338628" lon="-4.613920"><ele>27.2</ele></trkpt>
    <trkpt lat="48.338323" lon="-4.614325"><ele>24.0</ele></trkpt>
    <trkpt lat="48.338056" lon="-4.614513"><ele>20.2</ele></trkpt>
    <trkpt lat="48.337781" lon="-4.614352"><ele>14.6</ele></trkpt>
    <trkpt lat="48.337426" lon="-4.614402"><ele>7.4</ele></trkpt>
    <trkpt lat="48.337068" lon="-4.614112"><ele>4.4</ele></trkpt>
    <trkpt lat="48.336987" lon="-4.614129"><ele>4.4</ele></trkpt>
    <trkpt lat="48.336768" lon="-4.614314"><ele>4.4</ele></trkpt>
    <trkpt lat="48.336635" lon="-4.614249"><ele>4.2</ele></trkpt>
    <trkpt lat="48.336525" lon="-4.614287"><ele>3.8</ele></trkpt>
    <trkpt lat="48.336529" lon="-4.614342"><ele>4.0</ele></trkpt>
    <trkpt lat="48.336567" lon="-4.614362"><ele>4.2</ele></trkpt>
    <trkpt lat="48.336713" lon="-4.614298"><ele>5.0</ele></trkpt>
    <trkpt lat="48.336830" lon="-4.614329"><ele>5.8</ele></trkpt>
    <trkpt lat="48.337009" lon="-4.614202"><ele>7.2</ele></trkpt>
    <trkpt lat="48.337132" lon="-4.614192"><ele>7.4</ele></trkpt>
    <trkpt lat="48.337493" lon="-4.614440"><ele>9.2</ele></trkpt>
    <trkpt lat="48.337849" lon="-4.614384"><ele>15.6</ele></trkpt>
    <trkpt lat="48.338030" lon="-4.614542"><ele>19.0</ele></trkpt>
    <trkpt lat="48.338106" lon="-4.614557"><ele>20.0</ele></trkpt>
    <trkpt lat="48.338338" lon="-4.614374"><ele>23.0</ele></trkpt>
    <trkpt lat="48.338677" lon="-4.613909"><ele>28.0</ele></trkpt>
    <trkpt lat="48.338702" lon="-4.613755"><ele>30.0</ele></trkpt>
    <trkpt lat="48.338753" lon="-4.613714"><ele>31.2</ele></trkpt>
    <trkpt lat="48.338860" lon="-4.613936"><ele>33.4</ele></trkpt>
    <trkpt lat="48.338936" lon="-4.614271"><ele>33.6</ele></trkpt>
    <trkpt lat="48.338867" lon="-4.614440"><ele>30.8</ele></trkpt>
    <trkpt lat="48.338711" lon="-4.614662"><ele>25.2</ele></trkpt>
    <trkpt lat="48.338698" lon="-4.614748"><ele>24.0</ele></trkpt>
    <trkpt lat="48.338738" lon="-4.614827"><ele>22.8</ele></trkpt>
    <trkpt lat="48.339112" lon="-4.615218"><ele>16.6</ele></trkpt>
    <trkpt lat="48.339210" lon="-4.615264"><ele>15.0</ele></trkpt>
    <trkpt lat="48.339766" lon="-4.615323"><ele>8.4</ele></trkpt>
    <trkpt lat="48.340067" lon="-4.615264"><ele>10.6</ele></trkpt>
    <trkpt lat="48.340202" lon="-4.615379"><ele>12.6</ele></trkpt>
    <trkpt lat="48.340791" lon="-4.615210"><ele>19.8</ele></trkpt>
    <trkpt lat="48.340875" lon="-4.615272"><ele>21.6</ele></trkpt>
    <trkpt lat="48.340845" lon="-4.615437"><ele>26.2</ele></trkpt>
    <trkpt lat="48.340859" lon="-4.615514"><ele>29.0</ele></trkpt>
    <trkpt lat="48.340504" lon="-4.615705"><ele>33.0</ele></trkpt>
    <trkpt lat="48.340267" lon="-4.615895"><ele>35.0</ele></trkpt>
    <trkpt lat="48.340024" lon="-4.616368"><ele>39.8</ele></trkpt>
    <trkpt lat="48.339633" lon="-4.616889"><ele>35.6</ele></trkpt>
    <trkpt lat="48.339411" lon="-4.617691"><ele>30.2</ele></trkpt>
    <trkpt lat="48.339376" lon="-4.618009"><ele>29.6</ele></trkpt>
    <trkpt lat="48.339382" lon="-4.618488"><ele>30.0</ele></trkpt>
    <trkpt lat="48.339414" lon="-4.618739"><ele>30.4</ele></trkpt>
    <trkpt lat="48.339511" lon="-4.619025"><ele>29.2</ele></trkpt>
    <trkpt lat="48.339451" lon="-4.619177"><ele>25.2</ele></trkpt>
    <trkpt lat="48.339436" lon="-4.619638"><ele>24.0</ele></trkpt>
    <trkpt lat="48.339327" lon="-4.620179"><ele>26.4</ele></trkpt>
    <trkpt lat="48.339327" lon="-4.620551"><ele>30.0</ele></trkpt>
    <trkpt lat="48.339246" lon="-4.621387"><ele>33.4</ele></trkpt>
    <trkpt lat="48.339310" lon="-4.622002"><ele>33.6</ele></trkpt>
    <trkpt lat="48.339441" lon="-4.622336"><ele>37.6</ele></trkpt>
    <trkpt lat="48.339503" lon="-4.623064"><ele>35.6</ele></trkpt>
    <trkpt lat="48.339490" lon="-4.623517"><ele>30.6</ele></trkpt>
    <trkpt lat="48.339346" lon="-4.623739"><ele>30.0</ele></trkpt>
    <trkpt lat="48.339326" lon="-4.623869"><ele>30.8</ele></trkpt>
    <trkpt lat="48.339387" lon="-4.623966"><ele>31.8</ele></trkpt>
    <trkpt lat="48.339592" lon="-4.624059"><ele>33.6</ele></trkpt>
    <trkpt lat="48.340399" lon="-4.624092"><ele>38.0</ele></trkpt>
    <trkpt lat="48.340526" lon="-4.624145"><ele>38.4</ele></trkpt>
    <trkpt lat="48.340756" lon="-4.624346"><ele>40.0</ele></trkpt>
    <trkpt lat="48.340831" lon="-4.624482"><ele>40.2</ele></trkpt>
    <trkpt lat="48.340824" lon="-4.624792"><ele>40.6</ele></trkpt>
    <trkpt lat="48.340939" lon="-4.624989"><ele>42.0</ele></trkpt>
    <trkpt lat="48.340975" lon="-4.625123"><ele>43.0</ele></trkpt>
    <trkpt lat="48.341014" lon="-4.625566"><ele>45.0</ele></trkpt>
    <trkpt lat="48.341068" lon="-4.625835"><ele>46.6</ele></trkpt>
    <trkpt lat="48.341262" lon="-4.626326"><ele>50.0</ele></trkpt>
    <trkpt lat="48.341378" lon="-4.626468"><ele>51.6</ele></trkpt>
    <trkpt lat="48.342058" lon="-4.626852"><ele>54.8</ele></trkpt>
    <trkpt lat="48.342155" lon="-4.626967"><ele>54.8</ele></trkpt>
    <trkpt lat="48.342170" lon="-4.627476"><ele>55.4</ele></trkpt>
    <trkpt lat="48.342108" lon="-4.627628"><ele>56.0</ele></trkpt>
    <trkpt lat="48.341510" lon="-4.627798"><ele>58.6</ele></trkpt>
    <trkpt lat="48.341301" lon="-4.627663"><ele>58.6</ele></trkpt>
    <trkpt lat="48.341212" lon="-4.627676"><ele>58.8</ele></trkpt>
    <trkpt lat="48.341180" lon="-4.627776"><ele>59.2</ele></trkpt>
    <trkpt lat="48.341187" lon="-4.628134"><ele>60.0</ele></trkpt>
    <trkpt lat="48.341138" lon="-4.628580"><ele>60.6</ele></trkpt>
    <trkpt lat="48.341026" lon="-4.628648"><ele>60.2</ele></trkpt>
    <trkpt lat="48.340964" lon="-4.628775"><ele>59.0</ele></trkpt>
    <trkpt lat="48.340856" lon="-4.628743"><ele>57.0</ele></trkpt>
    <trkpt lat="48.340767" lon="-4.628912"><ele>55.4</ele></trkpt>
    <trkpt lat="48.340759" lon="-4.629100"><ele>54.4</ele></trkpt>
    <trkpt lat="48.340880" lon="-4.629422"><ele>53.8</ele></trkpt>
    <trkpt lat="48.341364" lon="-4.630193"><ele>54.4</ele></trkpt>
    <trkpt lat="48.341478" lon="-4.630438"><ele>53.4</ele></trkpt>
    <trkpt lat="48.341477" lon="-4.630531"><ele>52.8</ele></trkpt>
    <trkpt lat="48.341394" lon="-4.630627"><ele>52.4</ele></trkpt>
    <trkpt lat="48.341173" lon="-4.630598"><ele>52.8</ele></trkpt>
    <trkpt lat="48.341121" lon="-4.630727"><ele>53.6</ele></trkpt>
    <trkpt lat="48.341139" lon="-4.630818"><ele>54.0</ele></trkpt>
    <trkpt lat="48.341230" lon="-4.630901"><ele>54.2</ele></trkpt>
    <trkpt lat="48.341353" lon="-4.630936"><ele>53.6</ele></trkpt>
    <trkpt lat="48.341668" lon="-4.630778"><ele>48.4</ele></trkpt>
    <trkpt lat="48.341881" lon="-4.630760"><ele>46.2</ele></trkpt>
    <trkpt lat="48.342176" lon="-4.630833"><ele>46.6</ele></trkpt>
    <trkpt lat="48.342253" lon="-4.630927"><ele>46.8</ele></trkpt>
    <trkpt lat="48.342239" lon="-4.631124"><ele>46.2</ele></trkpt>
    <trkpt lat="48.342260" lon="-4.631233"><ele>45.8</ele></trkpt>
    <trkpt lat="48.342365" lon="-4.631398"><ele>44.0</ele></trkpt>
    <trkpt lat="48.342558" lon="-4.631579"><ele>39.8</ele></trkpt>
    <trkpt lat="48.342762" lon="-4.631659"><ele>31.2</ele></trkpt>
    <trkpt lat="48.343045" lon="-4.631911"><ele>24.6</ele></trkpt>
    <trkpt lat="48.343556" lon="-4.632061"><ele>22.0</ele></trkpt>
    <trkpt lat="48.343709" lon="-4.632321"><ele>18.2</ele></trkpt>
    <trkpt lat="48.343983" lon="-4.632336"><ele>14.2</ele></trkpt>
    <trkpt lat="48.344129" lon="-4.632470"><ele>12.2</ele></trkpt>
    <trkpt lat="48.344131" lon="-4.632632"><ele>12.6</ele></trkpt>
    <trkpt lat="48.343899" lon="-4.632784"><ele>16.8</ele></trkpt>
    <trkpt lat="48.343707" lon="-4.633168"><ele>22.2</ele></trkpt>
    <trkpt lat="48.343517" lon="-4.633449"><ele>26.2</ele></trkpt>
    <trkpt lat="48.342924" lon="-4.633944"><ele>27.8</ele></trkpt>
    <trkpt lat="48.342899" lon="-4.634342"><ele>31.8</ele></trkpt>
    <trkpt lat="48.343006" lon="-4.634572"><ele>35.0</ele></trkpt>
    <trkpt lat="48.343081" lon="-4.634938"><ele>37.8</ele></trkpt>
    <trkpt lat="48.343255" lon="-4.635176"><ele>36.4</ele></trkpt>
    <trkpt lat="48.343409" lon="-4.635497"><ele>35.6</ele></trkpt>
    <trkpt lat="48.343633" lon="-4.635454"><ele>35.4</ele></trkpt>
    <trkpt lat="48.343884" lon="-4.635807"><ele>33.8</ele></trkpt>
    <trkpt lat="48.343960" lon="-4.635856"><ele>33.8</ele></trkpt>
    <trkpt lat="48.344058" lon="-4.635847"><ele>34.2</ele></trkpt>
    <trkpt lat="48.344143" lon="-4.635933"><ele>34.4</ele></trkpt>
    <trkpt lat="48.344213" lon="-4.636089"><ele>34.0</ele></trkpt>
    <trkpt lat="48.344170" lon="-4.636468"><ele>32.8</ele></trkpt>
    <trkpt lat="48.344184" lon="-4.636532"><ele>32.6</ele></trkpt>
    <trkpt lat="48.344258" lon="-4.636545"><ele>32.8</ele></trkpt>
    <trkpt lat="48.344374" lon="-4.636442"><ele>33.4</ele></trkpt>
    <trkpt lat="48.344520" lon="-4.636383"><ele>34.4</ele></trkpt>
    <trkpt lat="48.344631" lon="-4.636425"><ele>35.0</ele></trkpt>
    <trkpt lat="48.344749" lon="-4.636711"><ele>35.2</ele></trkpt>
    <trkpt lat="48.344801" lon="-4.637318"><ele>34.4</ele></trkpt>
    <trkpt lat="48.344951" lon="-4.637758"><ele>33.8</ele></trkpt>
    <trkpt lat="48.345015" lon="-4.638323"><ele>33.4</ele></trkpt>
    <trkpt lat="48.345206" lon="-4.638597"><ele>33.6</ele></trkpt>
    <trkpt lat="48.345360" lon="-4.638659"><ele>33.4</ele></trkpt>
    <trkpt lat="48.345549" lon="-4.638661"><ele>32.4</ele></trkpt>
    <trkpt lat="48.345756" lon="-4.638825"><ele>29.0</ele></trkpt>
    <trkpt lat="48.345789" lon="-4.639546"><ele>22.2</ele></trkpt>
    <trkpt lat="48.345839" lon="-4.639696"><ele>21.2</ele></trkpt>
    <trkpt lat="48.345937" lon="-4.639844"><ele>20.4</ele></trkpt>
    <trkpt lat="48.346402" lon="-4.639883"><ele>16.8</ele></trkpt>
    <trkpt lat="48.346704" lon="-4.639843"><ele>14.2</ele></trkpt>
    <trkpt lat="48.346871" lon="-4.639778"><ele>12.8</ele></trkpt>
    <trkpt lat="48.347346" lon="-4.639763"><ele>11.4</ele></trkpt>
    <trkpt lat="48.347600" lon="-4.639638"><ele>12.2</ele></trkpt>
    <trkpt lat="48.347659" lon="-4.639648"><ele>12.0</ele></trkpt>
    <trkpt lat="48.347661" lon="-4.639785"><ele>11.4</ele></trkpt>
    <trkpt lat="48.347491" lon="-4.639935"><ele>11.0</ele></trkpt>
    <trkpt lat="48.347258" lon="-4.640322"><ele>13.0</ele></trkpt>
    <trkpt lat="48.347104" lon="-4.640429"><ele>13.0</ele></trkpt>
    <trkpt lat="48.346821" lon="-4.640515"><ele>12.2</ele></trkpt>
    <trkpt lat="48.346651" lon="-4.640695"><ele>13.4</ele></trkpt>
    <trkpt lat="48.346325" lon="-4.640925"><ele>15.2</ele></trkpt>
    <trkpt lat="48.346187" lon="-4.641081"><ele>16.2</ele></trkpt>
    <trkpt lat="48.345692" lon="-4.641814"><ele>20.6</ele></trkpt>
    <trkpt lat="48.345558" lon="-4.642179"><ele>23.2</ele></trkpt>
    <trkpt lat="48.345521" lon="-4.642634"><ele>29.0</ele></trkpt>
    <trkpt lat="48.345550" lon="-4.642780"><ele>30.8</ele></trkpt>
    <trkpt lat="48.345833" lon="-4.642721"><ele>35.4</ele></trkpt>
    <trkpt lat="48.346237" lon="-4.643247"><ele>45.0</ele></trkpt>
    <trkpt lat="48.346287" lon="-4.643482"><ele>47.0</ele></trkpt>
    <trkpt lat="48.346238" lon="-4.643868"><ele>48.8</ele></trkpt>
    <trkpt lat="48.345786" lon="-4.644091"><ele>45.8</ele></trkpt>
    <trkpt lat="48.345704" lon="-4.644198"><ele>45.0</ele></trkpt>
    <trkpt lat="48.345666" lon="-4.644359"><ele>44.8</ele></trkpt>
    <trkpt lat="48.345724" lon="-4.645025"><ele>46.2</ele></trkpt>
    <trkpt lat="48.345620" lon="-4.645498"><ele>49.0</ele></trkpt>
    <trkpt lat="48.345725" lon="-4.645718"><ele>49.4</ele></trkpt>
    <trkpt lat="48.345748" lon="-4.645837"><ele>48.8</ele></trkpt>
    <trkpt lat="48.345681" lon="-4.646189"><ele>46.4</ele></trkpt>
    <trkpt lat="48.345892" lon="-4.646814"><ele>46.0</ele></trkpt>
    <trkpt lat="48.345916" lon="-4.646962"><ele>45.8</ele></trkpt>
    <trkpt lat="48.345885" lon="-4.647140"><ele>44.8</ele></trkpt>
    <trkpt lat="48.345671" lon="-4.647536"><ele>39.8</ele></trkpt>
    <trkpt lat="48.345638" lon="-4.647765"><ele>38.2</ele></trkpt>
    <trkpt lat="48.345753" lon="-4.648348"><ele>39.0</ele></trkpt>
    <trkpt lat="48.345866" lon="-4.648498"><ele>40.2</ele></trkpt>
    <trkpt lat="48.346012" lon="-4.648813"><ele>41.4</ele></trkpt>
    <trkpt lat="48.346162" lon="-4.649434"><ele>45.6</ele></trkpt>
    <trkpt lat="48.346013" lon="-4.649921"><ele>40.2</ele></trkpt>
    <trkpt lat="48.345805" lon="-4.650346"><ele>34.6</ele></trkpt>
    <trkpt lat="48.345781" lon="-4.650503"><ele>33.6</ele></trkpt>
    <trkpt lat="48.345797" lon="-4.650623"><ele>33.4</ele></trkpt>
    <trkpt lat="48.345989" lon="-4.650903"><ele>33.4</ele></trkpt>
    <trkpt lat="48.346035" lon="-4.651205"><ele>34.0</ele></trkpt>
    <trkpt lat="48.346079" lon="-4.651310"><ele>34.4</ele></trkpt>
    <trkpt lat="48.346372" lon="-4.651641"><ele>38.0</ele></trkpt>
    <trkpt lat="48.346375" lon="-4.651946"><ele>39.6</ele></trkpt>
    <trkpt lat="48.346488" lon="-4.652241"><ele>41.0</ele></trkpt>
    <trkpt lat="48.346626" lon="-4.652414"><ele>41.2</ele></trkpt>
    <trkpt lat="48.346882" lon="-4.652633"><ele>43.6</ele></trkpt>
    <trkpt lat="48.347045" lon="-4.653131"><ele>45.8</ele></trkpt>
    <trkpt lat="48.347260" lon="-4.653442"><ele>45.8</ele></trkpt>
    <trkpt lat="48.347440" lon="-4.653568"><ele>45.6</ele></trkpt>
    <trkpt lat="48.347585" lon="-4.653727"><ele>44.6</ele></trkpt>
    <trkpt lat="48.347759" lon="-4.653791"><ele>43.0</ele></trkpt>
    <trkpt lat="48.348000" lon="-4.653782"><ele>40.8</ele></trkpt>
    <trkpt lat="48.348165" lon="-4.653680"><ele>39.0</ele></trkpt>
    <trkpt lat="48.348231" lon="-4.653679"><ele>38.2</ele></trkpt>
    <trkpt lat="48.348483" lon="-4.654039"><ele>36.4</ele></trkpt>
    <trkpt lat="48.348623" lon="-4.654561"><ele>35.0</ele></trkpt>
    <trkpt lat="48.348852" lon="-4.654849"><ele>30.8</ele></trkpt>
    <trkpt lat="48.348952" lon="-4.655162"><ele>31.0</ele></trkpt>
    <trkpt lat="48.348979" lon="-4.655428"><ele>33.2</ele></trkpt>
    <trkpt lat="48.348874" lon="-4.655895"><ele>35.8</ele></trkpt>
    <trkpt lat="48.348921" lon="-4.656276"><ele>36.2</ele></trkpt>
    <trkpt lat="48.348991" lon="-4.656378"><ele>36.8</ele></trkpt>
    <trkpt lat="48.349212" lon="-4.656471"><ele>38.2</ele></trkpt>
    <trkpt lat="48.349294" lon="-4.656559"><ele>38.4</ele></trkpt>
    <trkpt lat="48.349400" lon="-4.656798"><ele>36.8</ele></trkpt>
    <trkpt lat="48.349505" lon="-4.657522"><ele>28.6</ele></trkpt>
    <trkpt lat="48.349554" lon="-4.657659"><ele>28.0</ele></trkpt>
    <trkpt lat="48.349724" lon="-4.657832"><ele>27.6</ele></trkpt>
    <trkpt lat="48.349855" lon="-4.658059"><ele>28.0</ele></trkpt>
    <trkpt lat="48.350042" lon="-4.658200"><ele>26.8</ele></trkpt>
    <trkpt lat="48.350405" lon="-4.658834"><ele>23.0</ele></trkpt>
    <trkpt lat="48.350487" lon="-4.659176"><ele>20.8</ele></trkpt>
    <trkpt lat="48.350436" lon="-4.659579"><ele>18.6</ele></trkpt>
    <trkpt lat="48.350740" lon="-4.660045"><ele>20.8</ele></trkpt>
    <trkpt lat="48.350787" lon="-4.660217"><ele>21.2</ele></trkpt>
    <trkpt lat="48.350784" lon="-4.660454"><ele>21.6</ele></trkpt>
    <trkpt lat="48.350973" lon="-4.660727"><ele>23.6</ele></trkpt>
    <trkpt lat="48.351005" lon="-4.660826"><ele>23.8</ele></trkpt>
    <trkpt lat="48.351007" lon="-4.660923"><ele>24.0</ele></trkpt>
    <trkpt lat="48.350947" lon="-4.661081"><ele>23.6</ele></trkpt>
    <trkpt lat="48.350950" lon="-4.661503"><ele>23.0</ele></trkpt>
    <trkpt lat="48.351012" lon="-4.661556"><ele>24.0</ele></trkpt>
    <trkpt lat="48.351126" lon="-4.661510"><ele>26.6</ele></trkpt>
    <trkpt lat="48.351230" lon="-4.661892"><ele>27.8</ele></trkpt>
    <trkpt lat="48.351318" lon="-4.662087"><ele>28.2</ele></trkpt>
    <trkpt lat="48.351551" lon="-4.662369"><ele>30.0</ele></trkpt>
    <trkpt lat="48.351722" lon="-4.662651"><ele>29.6</ele></trkpt>
    <trkpt lat="48.351880" lon="-4.662755"><ele>29.6</ele></trkpt>
    <trkpt lat="48.352676" lon="-4.662856"><ele>31.6</ele></trkpt>
    <trkpt lat="48.353637" lon="-4.662716"><ele>38.2</ele></trkpt>
    <trkpt lat="48.353825" lon="-4.662741"><ele>37.2</ele></trkpt>
    <trkpt lat="48.353880" lon="-4.662790"><ele>36.6</ele></trkpt>
    <trkpt lat="48.353856" lon="-4.662953"><ele>36.0</ele></trkpt>
    <trkpt lat="48.353422" lon="-4.664281"><ele>33.4</ele></trkpt>
    <trkpt lat="48.353271" lon="-4.664885"><ele>29.2</ele></trkpt>
    <trkpt lat="48.353132" lon="-4.666965"><ele>16.6</ele></trkpt>
    <trkpt lat="48.353108" lon="-4.667699"><ele>15.4</ele></trkpt>
    <trkpt lat="48.353074" lon="-4.667845"><ele>14.6</ele></trkpt>
    <trkpt lat="48.352845" lon="-4.668072"><ele>13.0</ele></trkpt>
    <trkpt lat="48.352785" lon="-4.668207"><ele>13.0</ele></trkpt>
    <trkpt lat="48.352748" lon="-4.668617"><ele>13.4</ele></trkpt>
    <trkpt lat="48.352765" lon="-4.669207"><ele>13.4</ele></trkpt>
    <trkpt lat="48.352968" lon="-4.669880"><ele>13.6</ele></trkpt>
    <trkpt lat="48.353512" lon="-4.671044"><ele>15.0</ele></trkpt>
    <trkpt lat="48.353562" lon="-4.671521"><ele>13.0</ele></trkpt>
    <trkpt lat="48.353753" lon="-4.672042"><ele>12.2</ele></trkpt>
    <trkpt lat="48.353893" lon="-4.672243"><ele>12.4</ele></trkpt>
    <trkpt lat="48.354304" lon="-4.672562"><ele>12.2</ele></trkpt>
    <trkpt lat="48.354538" lon="-4.673119"><ele>11.0</ele></trkpt>
    <trkpt lat="48.354639" lon="-4.673572"><ele>9.6</ele></trkpt>
    <trkpt lat="48.354688" lon="-4.674723"><ele>9.4</ele></trkpt>
    <trkpt lat="48.354801" lon="-4.675309"><ele>10.8</ele></trkpt>
    <trkpt lat="48.354883" lon="-4.676129"><ele>14.0</ele></trkpt>
    <trkpt lat="48.354928" lon="-4.676300"><ele>14.4</ele></trkpt>
    <trkpt lat="48.355029" lon="-4.676454"><ele>15.0</ele></trkpt>
    <trkpt lat="48.355119" lon="-4.676744"><ele>16.0</ele></trkpt>
    <trkpt lat="48.355166" lon="-4.676996"><ele>16.4</ele></trkpt>
    <trkpt lat="48.355186" lon="-4.677424"><ele>16.8</ele></trkpt>
    <trkpt lat="48.355233" lon="-4.677611"><ele>16.8</ele></trkpt>
    <trkpt lat="48.355386" lon="-4.678023"><ele>15.6</ele></trkpt>
    <trkpt lat="48.355550" lon="-4.678243"><ele>13.6</ele></trkpt>
    <trkpt lat="48.355741" lon="-4.678418"><ele>11.0</ele></trkpt>
    <trkpt lat="48.355902" lon="-4.678695"><ele>8.8</ele></trkpt>
    <trkpt lat="48.355911" lon="-4.678787"><ele>8.2</ele></trkpt>
    <trkpt lat="48.355981" lon="-4.678742"><ele>8.0</ele></trkpt>
    <trkpt lat="48.355952" lon="-4.678801"><ele>7.2</ele></trkpt>
    <trkpt lat="48.355992" lon="-4.678880"><ele>6.8</ele></trkpt>
    <trkpt lat="48.356163" lon="-4.678898"><ele>6.8</ele></trkpt>
    <trkpt lat="48.356240" lon="-4.678977"><ele>7.0</ele></trkpt>
    <trkpt lat="48.356325" lon="-4.679429"><ele>7.4</ele></trkpt>
    <trkpt lat="48.356281" lon="-4.679607"><ele>7.6</ele></trkpt>
    <trkpt lat="48.356264" lon="-4.679944"><ele>6.6</ele></trkpt>
    <trkpt lat="48.356088" lon="-4.680319"><ele>9.2</ele></trkpt>
    <trkpt lat="48.356049" lon="-4.680645"><ele>12.6</ele></trkpt>
    <trkpt lat="48.356071" lon="-4.680778"><ele>14.0</ele></trkpt>
    <trkpt lat="48.355738" lon="-4.681218"><ele>16.8</ele></trkpt>
    <trkpt lat="48.355639" lon="-4.681273"><ele>17.2</ele></trkpt>
    <trkpt lat="48.355391" lon="-4.681584"><ele>18.2</ele></trkpt>
    <trkpt lat="48.355323" lon="-4.681755"><ele>18.6</ele></trkpt>
    <trkpt lat="48.355307" lon="-4.682013"><ele>20.6</ele></trkpt>
    <trkpt lat="48.355256" lon="-4.682103"><ele>21.6</ele></trkpt>
    <trkpt lat="48.355004" lon="-4.682336"><ele>22.6</ele></trkpt>
    <trkpt lat="48.354917" lon="-4.682322"><ele>21.8</ele></trkpt>
    <trkpt lat="48.354711" lon="-4.682177"><ele>18.8</ele></trkpt>
    <trkpt lat="48.354618" lon="-4.682206"><ele>18.2</ele></trkpt>
    <trkpt lat="48.354388" lon="-4.682518"><ele>18.8</ele></trkpt>
    <trkpt lat="48.354400" lon="-4.682739"><ele>19.8</ele></trkpt>
    <trkpt lat="48.354351" lon="-4.682853"><ele>19.6</ele></trkpt>
    <trkpt lat="48.354048" lon="-4.683035"><ele>16.0</ele></trkpt>
    <trkpt lat="48.353977" lon="-4.683212"><ele>15.2</ele></trkpt>
    <trkpt lat="48.353906" lon="-4.683589"><ele>16.0</ele></trkpt>
    <trkpt lat="48.353930" lon="-4.684144"><ele>18.6</ele></trkpt>
    <trkpt lat="48.353858" lon="-4.684278"><ele>18.4</ele></trkpt>
    <trkpt lat="48.353731" lon="-4.684369"><ele>17.8</ele></trkpt>
    <trkpt lat="48.353621" lon="-4.684707"><ele>18.2</ele></trkpt>
    <trkpt lat="48.353639" lon="-4.684850"><ele>19.0</ele></trkpt>
    <trkpt lat="48.353788" lon="-4.685184"><ele>22.4</ele></trkpt>
    <trkpt lat="48.354041" lon="-4.685249"><ele>26.0</ele></trkpt>
    <trkpt lat="48.354466" lon="-4.685197"><ele>29.2</ele></trkpt>
    <trkpt lat="48.354595" lon="-4.685248"><ele>30.0</ele></trkpt>
    <trkpt lat="48.354633" lon="-4.685326"><ele>30.2</ele></trkpt>
    <trkpt lat="48.354570" lon="-4.687291"><ele>24.4</ele></trkpt>
    <trkpt lat="48.354765" lon="-4.688208"><ele>20.6</ele></trkpt>
    <trkpt lat="48.354768" lon="-4.688934"><ele>17.0</ele></trkpt>
    <trkpt lat="48.354857" lon="-4.689312"><ele>14.6</ele></trkpt>
    <trkpt lat="48.354825" lon="-4.689411"><ele>13.8</ele></trkpt>
    <trkpt lat="48.354678" lon="-4.689609"><ele>11.8</ele></trkpt>
    <trkpt lat="48.354638" lon="-4.689842"><ele>10.4</ele></trkpt>
    <trkpt lat="48.354680" lon="-4.690062"><ele>9.2</ele></trkpt>
    <trkpt lat="48.354859" lon="-4.690408"><ele>7.8</ele></trkpt>
    <trkpt lat="48.354891" lon="-4.691147"><ele>9.6</ele></trkpt>
    <trkpt lat="48.354958" lon="-4.691215"><ele>12.0</ele></trkpt>
    <trkpt lat="48.354540" lon="-4.691622"><ele>17.6</ele></trkpt>
    <trkpt lat="48.354503" lon="-4.691767"><ele>17.8</ele></trkpt>
    <trkpt lat="48.354367" lon="-4.691956"><ele>17.4</ele></trkpt>
    <trkpt lat="48.353951" lon="-4.692239"><ele>16.2</ele></trkpt>
    <trkpt lat="48.353799" lon="-4.692552"><ele>17.6</ele></trkpt>
    <trkpt lat="48.353665" lon="-4.693030"><ele>18.6</ele></trkpt>
    <trkpt lat="48.353601" lon="-4.693405"><ele>18.6</ele></trkpt>
    <trkpt lat="48.353642" lon="-4.694199"><ele>16.4</ele></trkpt>
    <trkpt lat="48.353615" lon="-4.694599"><ele>15.4</ele></trkpt>
    <trkpt lat="48.353562" lon="-4.694811"><ele>14.4</ele></trkpt>
    <trkpt lat="48.353389" lon="-4.694965"><ele>12.8</ele></trkpt>
    <trkpt lat="48.353174" lon="-4.695311"><ele>8.4</ele></trkpt>
    <trkpt lat="48.352933" lon="-4.695403"><ele>4.4</ele></trkpt>
    <trkpt lat="48.352696" lon="-4.695601"><ele>2.4</ele></trkpt>
    <trkpt lat="48.352314" lon="-4.696135"><ele>2.0</ele></trkpt>
    <trkpt lat="48.352233" lon="-4.696204"><ele>2.0</ele></trkpt>
    <trkpt lat="48.352148" lon="-4.696601"><ele>1.8</ele></trkpt>
    <trkpt lat="48.351973" lon="-4.696662"><ele>1.2</ele></trkpt>
    <trkpt lat="48.351906" lon="-4.696733"><ele>1.0</ele></trkpt>
    <trkpt lat="48.351097" lon="-4.698518"><ele>1.6</ele></trkpt>
    <trkpt lat="48.350619" lon="-4.699409"><ele>2.6</ele></trkpt>
    <trkpt lat="48.350157" lon="-4.700381"><ele>3.2</ele></trkpt>
    <trkpt lat="48.349866" lon="-4.700789"><ele>3.4</ele></trkpt>
    <trkpt lat="48.348382" lon="-4.702115"><ele>2.6</ele></trkpt>
    <trkpt lat="48.347942" lon="-4.702402"><ele>2.4</ele></trkpt>
    <trkpt lat="48.347557" lon="-4.702551"><ele>2.4</ele></trkpt>
    <trkpt lat="48.346494" lon="-4.702795"><ele>1.6</ele></trkpt>
    <trkpt lat="48.345352" lon="-4.702950"><ele>3.0</ele></trkpt>
    <trkpt lat="48.345288" lon="-4.702944"><ele>3.4</ele></trkpt>
    <trkpt lat="48.345277" lon="-4.702647"><ele>4.2</ele></trkpt>
    <trkpt lat="48.345218" lon="-4.702536"><ele>4.6</ele></trkpt>
    <trkpt lat="48.345168" lon="-4.702544"><ele>5.8</ele></trkpt>
    <trkpt lat="48.345012" lon="-4.702773"><ele>9.4</ele></trkpt>
    <trkpt lat="48.344917" lon="-4.702788"><ele>10.4</ele></trkpt>
    <trkpt lat="48.344893" lon="-4.702680"><ele>10.8</ele></trkpt>
    <trkpt lat="48.344911" lon="-4.702012"><ele>11.0</ele></trkpt>
    <trkpt lat="48.344880" lon="-4.701858"><ele>11.6</ele></trkpt>
    <trkpt lat="48.344645" lon="-4.701608"><ele>13.2</ele></trkpt>
    <trkpt lat="48.344151" lon="-4.701269"><ele>13.6</ele></trkpt>
    <trkpt lat="48.343964" lon="-4.701228"><ele>13.0</ele></trkpt>
    <trkpt lat="48.343687" lon="-4.701322"><ele>14.0</ele></trkpt>
    <trkpt lat="48.343272" lon="-4.701299"><ele>12.4</ele></trkpt>
    <trkpt lat="48.342973" lon="-4.701522"><ele>13.0</ele></trkpt>
    <trkpt lat="48.342863" lon="-4.701552"><ele>13.8</ele></trkpt>
    <trkpt lat="48.342729" lon="-4.701465"><ele>14.4</ele></trkpt>
    <trkpt lat="48.342537" lon="-4.701149"><ele>14.2</ele></trkpt>
    <trkpt lat="48.341612" lon="-4.700640"><ele>28.8</ele></trkpt>
    <trkpt lat="48.341321" lon="-4.700569"><ele>28.4</ele></trkpt>
    <trkpt lat="48.340761" lon="-4.700641"><ele>16.8</ele></trkpt>
    <trkpt lat="48.340576" lon="-4.700741"><ele>15.4</ele></trkpt>
    <trkpt lat="48.340350" lon="-4.700972"><ele>14.0</ele></trkpt>
    <trkpt lat="48.340068" lon="-4.701108"><ele>10.8</ele></trkpt>
    <trkpt lat="48.339934" lon="-4.701312"><ele>9.4</ele></trkpt>
    <trkpt lat="48.339829" lon="-4.701549"><ele>8.6</ele></trkpt>
    <trkpt lat="48.339730" lon="-4.701936"><ele>7.8</ele></trkpt>
    <trkpt lat="48.339698" lon="-4.702632"><ele>7.6</ele></trkpt>
    <trkpt lat="48.339647" lon="-4.702557"><ele>7.4</ele></trkpt>
    <trkpt lat="48.339596" lon="-4.702355"><ele>7.0</ele></trkpt>
    <trkpt lat="48.339640" lon="-4.701719"><ele>6.2</ele></trkpt>
    <trkpt lat="48.339624" lon="-4.701569"><ele>6.0</ele></trkpt>
    <trkpt lat="48.339444" lon="-4.701243"><ele>5.0</ele></trkpt>
    <trkpt lat="48.339289" lon="-4.701194"><ele>5.2</ele></trkpt>
    <trkpt lat="48.339211" lon="-4.701116"><ele>5.8</ele></trkpt>
    <trkpt lat="48.339004" lon="-4.700697"><ele>12.0</ele></trkpt>
    <trkpt lat="48.338938" lon="-4.700467"><ele>14.4</ele></trkpt>
    <trkpt lat="48.338713" lon="-4.700330"><ele>18.6</ele></trkpt>
    <trkpt lat="48.338679" lon="-4.700274"><ele>19.0</ele></trkpt>
    <trkpt lat="48.338711" lon="-4.700078"><ele>19.4</ele></trkpt>
    <trkpt lat="48.338945" lon="-4.699693"><ele>17.6</ele></trkpt>
    <trkpt lat="48.338963" lon="-4.699533"><ele>16.6</ele></trkpt>
    <trkpt lat="48.338928" lon="-4.699339"><ele>15.4</ele></trkpt>
    <trkpt lat="48.338605" lon="-4.698779"><ele>12.8</ele></trkpt>
    <trkpt lat="48.338412" lon="-4.698601"><ele>11.8</ele></trkpt>
    <trkpt lat="48.338261" lon="-4.698397"><ele>11.8</ele></trkpt>
    <trkpt lat="48.338192" lon="-4.698376"><ele>12.2</ele></trkpt>
    <trkpt lat="48.337856" lon="-4.698757"><ele>14.8</ele></trkpt>
    <trkpt lat="48.337746" lon="-4.699008"><ele>18.6</ele></trkpt>
    <trkpt lat="48.337718" lon="-4.699297"><ele>21.8</ele></trkpt>
    <trkpt lat="48.337646" lon="-4.699420"><ele>22.0</ele></trkpt>
    <trkpt lat="48.337515" lon="-4.699566"><ele>19.8</ele></trkpt>
    <trkpt lat="48.337332" lon="-4.699605"><ele>18.0</ele></trkpt>
    <trkpt lat="48.337264" lon="-4.699725"><ele>18.8</ele></trkpt>
    <trkpt lat="48.337082" lon="-4.700609"><ele>23.6</ele></trkpt>
    <trkpt lat="48.337160" lon="-4.701131"><ele>23.4</ele></trkpt>
    <trkpt lat="48.337131" lon="-4.701730"><ele>24.4</ele></trkpt>
    <trkpt lat="48.337082" lon="-4.701851"><ele>24.4</ele></trkpt>
    <trkpt lat="48.336724" lon="-4.702361"><ele>21.2</ele></trkpt>
    <trkpt lat="48.336581" lon="-4.702923"><ele>23.6</ele></trkpt>
    <trkpt lat="48.336523" lon="-4.703526"><ele>28.2</ele></trkpt>
    <trkpt lat="48.336540" lon="-4.703938"><ele>30.0</ele></trkpt>
    <trkpt lat="48.336511" lon="-4.704412"><ele>31.4</ele></trkpt>
    <trkpt lat="48.336609" lon="-4.705516"><ele>35.6</ele></trkpt>
    <trkpt lat="48.336606" lon="-4.705797"><ele>36.4</ele></trkpt>
    <trkpt lat="48.336364" lon="-4.707407"><ele>41.8</ele></trkpt>
    <trkpt lat="48.336158" lon="-4.708357"><ele>42.4</ele></trkpt>
    <trkpt lat="48.336113" lon="-4.708987"><ele>46.6</ele></trkpt>
    <trkpt lat="48.335956" lon="-4.709613"><ele>47.4</ele></trkpt>
    <trkpt lat="48.335861" lon="-4.709667"><ele>47.2</ele></trkpt>
    <trkpt lat="48.335190" lon="-4.709539"><ele>43.0</ele></trkpt>
    <trkpt lat="48.334634" lon="-4.709387"><ele>40.0</ele></trkpt>
    <trkpt lat="48.334444" lon="-4.709288"><ele>39.8</ele></trkpt>
    <trkpt lat="48.334427" lon="-4.709139"><ele>39.2</ele></trkpt>
    <trkpt lat="48.334684" lon="-4.708067"><ele>31.2</ele></trkpt>
    <trkpt lat="48.334615" lon="-4.707583"><ele>27.6</ele></trkpt>
    <trkpt lat="48.334387" lon="-4.707211"><ele>21.8</ele></trkpt>
    <trkpt lat="48.334261" lon="-4.707079"><ele>17.8</ele></trkpt>
    <trkpt lat="48.334197" lon="-4.707235"><ele>16.8</ele></trkpt>
    <trkpt lat="48.334126" lon="-4.707717"><ele>23.2</ele></trkpt>
    <trkpt lat="48.334052" lon="-4.707827"><ele>24.6</ele></trkpt>
    <trkpt lat="48.333979" lon="-4.707836"><ele>24.0</ele></trkpt>
    <trkpt lat="48.333811" lon="-4.707749"><ele>21.0</ele></trkpt>
    <trkpt lat="48.333254" lon="-4.708103"><ele>21.2</ele></trkpt>
    <trkpt lat="48.332485" lon="-4.708081"><ele>21.8</ele></trkpt>
    <trkpt lat="48.332278" lon="-4.708231"><ele>27.2</ele></trkpt>
    <trkpt lat="48.332123" lon="-4.708488"><ele>30.8</ele></trkpt>
    <trkpt lat="48.332067" lon="-4.709018"><ele>34.4</ele></trkpt>
    <trkpt lat="48.331980" lon="-4.709295"><ele>38.2</ele></trkpt>
    <trkpt lat="48.331643" lon="-4.709576"><ele>39.6</ele></trkpt>
    <trkpt lat="48.331548" lon="-4.709752"><ele>38.8</ele></trkpt>
    <trkpt lat="48.331484" lon="-4.710003"><ele>39.0</ele></trkpt>
    <trkpt lat="48.331466" lon="-4.710583"><ele>42.6</ele></trkpt>
    <trkpt lat="48.331503" lon="-4.710788"><ele>44.0</ele></trkpt>
    <trkpt lat="48.331610" lon="-4.711085"><ele>45.6</ele></trkpt>
    <trkpt lat="48.331715" lon="-4.711658"><ele>47.6</ele></trkpt>
    <trkpt lat="48.331742" lon="-4.712666"><ele>41.2</ele></trkpt>
    <trkpt lat="48.331833" lon="-4.712836"><ele>41.6</ele></trkpt>
    <trkpt lat="48.332038" lon="-4.712870"><ele>42.6</ele></trkpt>
    <trkpt lat="48.332123" lon="-4.712944"><ele>43.2</ele></trkpt>
    <trkpt lat="48.332195" lon="-4.713212"><ele>44.4</ele></trkpt>
    <trkpt lat="48.332201" lon="-4.713521"><ele>44.6</ele></trkpt>
    <trkpt lat="48.332095" lon="-4.713692"><ele>43.6</ele></trkpt>
    <trkpt lat="48.331992" lon="-4.713757"><ele>42.6</ele></trkpt>
    <trkpt lat="48.331100" lon="-4.713920"><ele>31.8</ele></trkpt>
    <trkpt lat="48.330780" lon="-4.714050"><ele>27.8</ele></trkpt>
    <trkpt lat="48.330694" lon="-4.714120"><ele>27.0</ele></trkpt>
    <trkpt lat="48.330636" lon="-4.714241"><ele>26.6</ele></trkpt>
    <trkpt lat="48.330626" lon="-4.714351"><ele>26.6</ele></trkpt>
    <trkpt lat="48.330797" lon="-4.714995"><ele>35.0</ele></trkpt>
    <trkpt lat="48.330791" lon="-4.715248"><ele>36.6</ele></trkpt>
    <trkpt lat="48.330632" lon="-4.715622"><ele>35.0</ele></trkpt>
    <trkpt lat="48.330148" lon="-4.716388"><ele>31.8</ele></trkpt>
    <trkpt lat="48.330091" lon="-4.716571"><ele>31.2</ele></trkpt>
    <trkpt lat="48.330597" lon="-4.717521"><ele>34.4</ele></trkpt>
    <trkpt lat="48.330858" lon="-4.717285"><ele>38.2</ele></trkpt>
    <trkpt lat="48.330972" lon="-4.717067"><ele>40.8</ele></trkpt>
    <trkpt lat="48.331068" lon="-4.716956"><ele>40.6</ele></trkpt>
    <trkpt lat="48.331309" lon="-4.716955"><ele>37.4</ele></trkpt>
    <trkpt lat="48.331353" lon="-4.716999"><ele>35.2</ele></trkpt>
    <trkpt lat="48.331361" lon="-4.717071"><ele>33.0</ele></trkpt>
    <trkpt lat="48.331352" lon="-4.717425"><ele>27.4</ele></trkpt>
    <trkpt lat="48.331198" lon="-4.717870"><ele>24.2</ele></trkpt>
    <trkpt lat="48.331220" lon="-4.718076"><ele>22.8</ele></trkpt>
    <trkpt lat="48.330996" lon="-4.718371"><ele>18.8</ele></trkpt>
    <trkpt lat="48.330933" lon="-4.718527"><ele>17.8</ele></trkpt>
    <trkpt lat="48.330955" lon="-4.718718"><ele>18.8</ele></trkpt>
    <trkpt lat="48.330940" lon="-4.718913"><ele>22.0</ele></trkpt>
    <trkpt lat="48.330849" lon="-4.719120"><ele>22.0</ele></trkpt>
    <trkpt lat="48.330741" lon="-4.719745"><ele>22.8</ele></trkpt>
    <trkpt lat="48.330804" lon="-4.719878"><ele>23.6</ele></trkpt>
    <trkpt lat="48.330922" lon="-4.719959"><ele>25.4</ele></trkpt>
    <trkpt lat="48.330944" lon="-4.720063"><ele>26.6</ele></trkpt>
    <trkpt lat="48.330858" lon="-4.720330"><ele>28.0</ele></trkpt>
    <trkpt lat="48.330634" lon="-4.720781"><ele>28.6</ele></trkpt>
    <trkpt lat="48.330498" lon="-4.721165"><ele>29.2</ele></trkpt>
    <trkpt lat="48.330493" lon="-4.721504"><ele>30.0</ele></trkpt>
    <trkpt lat="48.330605" lon="-4.721695"><ele>29.6</ele></trkpt>
    <trkpt lat="48.330614" lon="-4.721778"><ele>29.4</ele></trkpt>
    <trkpt lat="48.330435" lon="-4.722578"><ele>32.4</ele></trkpt>
    <trkpt lat="48.330309" lon="-4.723009"><ele>31.0</ele></trkpt>
    <trkpt lat="48.330309" lon="-4.723312"><ele>30.6</ele></trkpt>
    <trkpt lat="48.330346" lon="-4.723469"><ele>30.0</ele></trkpt>
    <trkpt lat="48.330499" lon="-4.723687"><ele>27.8</ele></trkpt>
    <trkpt lat="48.330661" lon="-4.723837"><ele>25.0</ele></trkpt>
    <trkpt lat="48.330553" lon="-4.724001"><ele>22.4</ele></trkpt>
    <trkpt lat="48.330525" lon="-4.724173"><ele>23.6</ele></trkpt>
    <trkpt lat="48.330679" lon="-4.724666"><ele>31.6</ele></trkpt>
    <trkpt lat="48.330732" lon="-4.724741"><ele>34.0</ele></trkpt>
    <trkpt lat="48.330767" lon="-4.725024"><ele>36.2</ele></trkpt>
    <trkpt lat="48.330657" lon="-4.725563"><ele>31.0</ele></trkpt>
    <trkpt lat="48.330502" lon="-4.725850"><ele>24.6</ele></trkpt>
    <trkpt lat="48.330534" lon="-4.725974"><ele>23.4</ele></trkpt>
    <trkpt lat="48.330699" lon="-4.726246"><ele>24.0</ele></trkpt>
    <trkpt lat="48.330744" lon="-4.726801"><ele>29.4</ele></trkpt>
    <trkpt lat="48.330731" lon="-4.727122"><ele>31.2</ele></trkpt>
    <trkpt lat="48.330535" lon="-4.727790"><ele>33.2</ele></trkpt>
    <trkpt lat="48.330562" lon="-4.728365"><ele>34.2</ele></trkpt>
    <trkpt lat="48.330626" lon="-4.728770"><ele>35.8</ele></trkpt>
    <trkpt lat="48.330972" lon="-4.729289"><ele>37.8</ele></trkpt>
    <trkpt lat="48.331155" lon="-4.729654"><ele>41.2</ele></trkpt>
    <trkpt lat="48.331320" lon="-4.729867"><ele>41.6</ele></trkpt>
    <trkpt lat="48.331479" lon="-4.730245"><ele>38.0</ele></trkpt>
    <trkpt lat="48.331574" lon="-4.731072"><ele>34.4</ele></trkpt>
    <trkpt lat="48.331694" lon="-4.731451"><ele>34.6</ele></trkpt>
    <trkpt lat="48.331787" lon="-4.731509"><ele>35.2</ele></trkpt>
    <trkpt lat="48.332053" lon="-4.731439"><ele>39.4</ele></trkpt>
    <trkpt lat="48.332376" lon="-4.731622"><ele>39.4</ele></trkpt>
    <trkpt lat="48.332717" lon="-4.731713"><ele>38.2</ele></trkpt>
    <trkpt lat="48.332820" lon="-4.731857"><ele>36.0</ele></trkpt>
    <trkpt lat="48.332889" lon="-4.732181"><ele>31.6</ele></trkpt>
    <trkpt lat="48.332908" lon="-4.732495"><ele>30.2</ele></trkpt>
    <trkpt lat="48.332987" lon="-4.732968"><ele>32.0</ele></trkpt>
    <trkpt lat="48.333026" lon="-4.733051"><ele>32.4</ele></trkpt>
    <trkpt lat="48.333168" lon="-4.733187"><ele>33.4</ele></trkpt>
    <trkpt lat="48.333218" lon="-4.733378"><ele>33.4</ele></trkpt>
    <trkpt lat="48.332998" lon="-4.734325"><ele>31.4</ele></trkpt>
    <trkpt lat="48.332945" lon="-4.734836"><ele>30.6</ele></trkpt>
    <trkpt lat="48.333004" lon="-4.734929"><ele>30.6</ele></trkpt>
    <trkpt lat="48.333148" lon="-4.734878"><ele>31.2</ele></trkpt>
    <trkpt lat="48.333380" lon="-4.734929"><ele>31.4</ele></trkpt>
    <trkpt lat="48.333458" lon="-4.735005"><ele>30.4</ele></trkpt>
    <trkpt lat="48.333288" lon="-4.735562"><ele>23.6</ele></trkpt>
    <trkpt lat="48.333153" lon="-4.735878"><ele>19.0</ele></trkpt>
    <trkpt lat="48.333178" lon="-4.735915"><ele>18.8</ele></trkpt>
    <trkpt lat="48.333231" lon="-4.735897"><ele>18.6</ele></trkpt>
    <trkpt lat="48.333515" lon="-4.735584"><ele>18.6</ele></trkpt>
    <trkpt lat="48.333620" lon="-4.735515"><ele>18.0</ele></trkpt>
    <trkpt lat="48.333666" lon="-4.735549"><ele>17.6</ele></trkpt>
    <trkpt lat="48.333682" lon="-4.735752"><ele>16.8</ele></trkpt>
    <trkpt lat="48.333640" lon="-4.736072"><ele>15.6</ele></trkpt>
    <trkpt lat="48.333446" lon="-4.736393"><ele>13.6</ele></trkpt>
    <trkpt lat="48.333326" lon="-4.736662"><ele>13.0</ele></trkpt>
    <trkpt lat="48.333332" lon="-4.736949"><ele>13.4</ele></trkpt>
    <trkpt lat="48.333276" lon="-4.737121"><ele>14.6</ele></trkpt>
    <trkpt lat="48.333327" lon="-4.737193"><ele>17.6</ele></trkpt>
    <trkpt lat="48.333226" lon="-4.737297"><ele>20.4</ele></trkpt>
    <trkpt lat="48.333115" lon="-4.737552"><ele>24.2</ele></trkpt>
    <trkpt lat="48.333110" lon="-4.737658"><ele>25.2</ele></trkpt>
    <trkpt lat="48.333136" lon="-4.737726"><ele>26.0</ele></trkpt>
    <trkpt lat="48.333315" lon="-4.737876"><ele>31.4</ele></trkpt>
    <trkpt lat="48.333626" lon="-4.738039"><ele>30.0</ele></trkpt>
    <trkpt lat="48.333777" lon="-4.738248"><ele>30.6</ele></trkpt>
    <trkpt lat="48.333693" lon="-4.738366"><ele>31.6</ele></trkpt>
    <trkpt lat="48.333720" lon="-4.738510"><ele>33.6</ele></trkpt>
    <trkpt lat="48.333689" lon="-4.738566"><ele>34.4</ele></trkpt>
    <trkpt lat="48.333388" lon="-4.738598"><ele>33.8</ele></trkpt>
    <trkpt lat="48.333358" lon="-4.738642"><ele>34.0</ele></trkpt>
    <trkpt lat="48.333351" lon="-4.738782"><ele>35.4</ele></trkpt>
    <trkpt lat="48.333305" lon="-4.738867"><ele>37.0</ele></trkpt>
    <trkpt lat="48.332533" lon="-4.739238"><ele>38.4</ele></trkpt>
    <trkpt lat="48.332456" lon="-4.739335"><ele>37.8</ele></trkpt>
    <trkpt lat="48.332382" lon="-4.739532"><ele>37.4</ele></trkpt>
    <trkpt lat="48.332298" lon="-4.739929"><ele>38.4</ele></trkpt>
    <trkpt lat="48.332307" lon="-4.740285"><ele>40.8</ele></trkpt>
    <trkpt lat="48.332260" lon="-4.740657"><ele>41.2</ele></trkpt>
    <trkpt lat="48.332050" lon="-4.741436"><ele>41.6</ele></trkpt>
    <trkpt lat="48.332056" lon="-4.741599"><ele>41.4</ele></trkpt>
    <trkpt lat="48.332129" lon="-4.741885"><ele>40.0</ele></trkpt>
    <trkpt lat="48.332113" lon="-4.742137"><ele>38.6</ele></trkpt>
    <trkpt lat="48.331741" lon="-4.742766"><ele>36.0</ele></trkpt>
    <trkpt lat="48.331610" lon="-4.743206"><ele>33.6</ele></trkpt>
    <trkpt lat="48.331541" lon="-4.743922"><ele>26.0</ele></trkpt>
    <trkpt lat="48.331600" lon="-4.744342"><ele>20.8</ele></trkpt>
    <trkpt lat="48.331680" lon="-4.744533"><ele>19.4</ele></trkpt>
    <trkpt lat="48.331254" lon="-4.744637"><ele>16.8</ele></trkpt>
    <trkpt lat="48.331096" lon="-4.744554"><ele>16.0</ele></trkpt>
    <trkpt lat="48.330828" lon="-4.744324"><ele>16.6</ele></trkpt>
    <trkpt lat="48.330747" lon="-4.744304"><ele>17.0</ele></trkpt>
    <trkpt lat="48.330693" lon="-4.744338"><ele>17.4</ele></trkpt>
    <trkpt lat="48.330576" lon="-4.744941"><ele>26.2</ele></trkpt>
    <trkpt lat="48.330413" lon="-4.745373"><ele>30.6</ele></trkpt>
    <trkpt lat="48.330411" lon="-4.745732"><ele>35.6</ele></trkpt>
    <trkpt lat="48.330239" lon="-4.746046"><ele>38.4</ele></trkpt>
    <trkpt lat="48.329984" lon="-4.746721"><ele>36.6</ele></trkpt>
    <trkpt lat="48.329801" lon="-4.748528"><ele>36.4</ele></trkpt>
    <trkpt lat="48.329823" lon="-4.748709"><ele>35.8</ele></trkpt>
    <trkpt lat="48.329944" lon="-4.749113"><ele>34.8</ele></trkpt>
    <trkpt lat="48.330057" lon="-4.749884"><ele>31.0</ele></trkpt>
    <trkpt lat="48.330074" lon="-4.750670"><ele>24.0</ele></trkpt>
    <trkpt lat="48.330003" lon="-4.751176"><ele>21.6</ele></trkpt>
    <trkpt lat="48.330101" lon="-4.751495"><ele>20.8</ele></trkpt>
    <trkpt lat="48.330057" lon="-4.751796"><ele>20.0</ele></trkpt>
    <trkpt lat="48.330038" lon="-4.752223"><ele>19.2</ele></trkpt>
    <trkpt lat="48.330095" lon="-4.752416"><ele>19.0</ele></trkpt>
    <trkpt lat="48.330312" lon="-4.752538"><ele>21.8</ele></trkpt>
    <trkpt lat="48.330517" lon="-4.752777"><ele>19.0</ele></trkpt>
    <trkpt lat="48.330320" lon="-4.753016"><ele>14.2</ele></trkpt>
    <trkpt lat="48.330282" lon="-4.753132"><ele>13.2</ele></trkpt>
    <trkpt lat="48.330279" lon="-4.753368"><ele>12.6</ele></trkpt>
    <trkpt lat="48.330400" lon="-4.753573"><ele>15.2</ele></trkpt>
    <trkpt lat="48.330339" lon="-4.753714"><ele>19.0</ele></trkpt>
    <trkpt lat="48.330143" lon="-4.753785"><ele>20.2</ele></trkpt>
    <trkpt lat="48.329857" lon="-4.753696"><ele>20.4</ele></trkpt>
    <trkpt lat="48.329652" lon="-4.753738"><ele>20.6</ele></trkpt>
    <trkpt lat="48.329466" lon="-4.754481"><ele>24.8</ele></trkpt>
    <trkpt lat="48.329062" lon="-4.755147"><ele>26.4</ele></trkpt>
    <trkpt lat="48.328950" lon="-4.755932"><ele>27.2</ele></trkpt>
    <trkpt lat="48.328999" lon="-4.756786"><ele>29.0</ele></trkpt>
    <trkpt lat="48.328934" lon="-4.757320"><ele>29.8</ele></trkpt>
    <trkpt lat="48.328913" lon="-4.757839"><ele>30.4</ele></trkpt>
    <trkpt lat="48.328820" lon="-4.758556"><ele>28.8</ele></trkpt>
    <trkpt lat="48.328803" lon="-4.759530"><ele>25.2</ele></trkpt>
    <trkpt lat="48.328728" lon="-4.760071"><ele>23.8</ele></trkpt>
    <trkpt lat="48.328622" lon="-4.760514"><ele>22.2</ele></trkpt>
    <trkpt lat="48.328535" lon="-4.760826"><ele>21.6</ele></trkpt>
    <trkpt lat="48.328397" lon="-4.761100"><ele>22.0</ele></trkpt>
    <trkpt lat="48.328355" lon="-4.761501"><ele>24.8</ele></trkpt>
    <trkpt lat="48.328249" lon="-4.762036"><ele>23.0</ele></trkpt>
    <trkpt lat="48.328266" lon="-4.762267"><ele>21.6</ele></trkpt>
    <trkpt lat="48.328368" lon="-4.762682"><ele>21.2</ele></trkpt>
    <trkpt lat="48.328386" lon="-4.764402"><ele>17.2</ele></trkpt>
    <trkpt lat="48.328436" lon="-4.764536"><ele>16.0</ele></trkpt>
    <trkpt lat="48.328561" lon="-4.764670"><ele>14.6</ele></trkpt>
    <trkpt lat="48.328576" lon="-4.764730"><ele>14.6</ele></trkpt>
    <trkpt lat="48.328457" lon="-4.764975"><ele>15.2</ele></trkpt>
    <trkpt lat="48.328523" lon="-4.765201"><ele>18.4</ele></trkpt>
    <trkpt lat="48.328508" lon="-4.765745"><ele>21.0</ele></trkpt>
    <trkpt lat="48.328613" lon="-4.766740"><ele>20.2</ele></trkpt>
    <trkpt lat="48.328673" lon="-4.766822"><ele>19.6</ele></trkpt>
    <trkpt lat="48.329034" lon="-4.766533"><ele>23.0</ele></trkpt>
    <trkpt lat="48.329184" lon="-4.766469"><ele>23.0</ele></trkpt>
    <trkpt lat="48.329295" lon="-4.766503"><ele>23.2</ele></trkpt>
    <trkpt lat="48.329367" lon="-4.766668"><ele>23.2</ele></trkpt>
    <trkpt lat="48.329350" lon="-4.766899"><ele>22.8</ele></trkpt>
    <trkpt lat="48.329309" lon="-4.767041"><ele>22.6</ele></trkpt>
    <trkpt lat="48.329046" lon="-4.767408"><ele>22.0</ele></trkpt>
    <trkpt lat="48.328962" lon="-4.767617"><ele>21.8</ele></trkpt>
    <trkpt lat="48.328893" lon="-4.768009"><ele>22.0</ele></trkpt>
    <trkpt lat="48.328905" lon="-4.768230"><ele>22.8</ele></trkpt>
    <trkpt lat="48.329066" lon="-4.768548"><ele>24.8</ele></trkpt>
    <trkpt lat="48.329735" lon="-4.769282"><ele>26.8</ele></trkpt>
    <trkpt lat="48.329796" lon="-4.769388"><ele>26.6</ele></trkpt>
    <trkpt lat="48.329788" lon="-4.769577"><ele>26.2</ele></trkpt>
    <trkpt lat="48.329615" lon="-4.770494"><ele>24.2</ele></trkpt>
    <trkpt lat="48.329617" lon="-4.770546"><ele>24.2</ele></trkpt>
    <trkpt lat="48.329654" lon="-4.770575"><ele>24.4</ele></trkpt>
    <trkpt lat="48.330043" lon="-4.770462"><ele>27.0</ele></trkpt>
    <trkpt lat="48.330477" lon="-4.770411"><ele>26.2</ele></trkpt>
    <trkpt lat="48.330472" lon="-4.770361"><ele>26.2</ele></trkpt>
    <trkpt lat="48.330499" lon="-4.770405"><ele>26.0</ele></trkpt>
    <trkpt lat="48.330479" lon="-4.770339"><ele>25.6</ele></trkpt>
    <trkpt lat="48.330466" lon="-4.770430"><ele>26.8</ele></trkpt>
    <trkpt lat="48.330513" lon="-4.770333"><ele>27.0</ele></trkpt>
    <trkpt lat="48.330515" lon="-4.770389"><ele>26.2</ele></trkpt>
    <trkpt lat="48.330975" lon="-4.770214"><ele>26.2</ele></trkpt>
    <trkpt lat="48.331331" lon="-4.769910"><ele>28.4</ele></trkpt>
    <trkpt lat="48.331493" lon="-4.769888"><ele>29.0</ele></trkpt>
    <trkpt lat="48.331747" lon="-4.769597"><ele>30.4</ele></trkpt>
    <trkpt lat="48.332294" lon="-4.769192"><ele>32.4</ele></trkpt>
    <trkpt lat="48.332955" lon="-4.769200"><ele>33.4</ele></trkpt>
    <trkpt lat="48.333819" lon="-4.769042"><ele>34.6</ele></trkpt>
    <trkpt lat="48.333896" lon="-4.768906"><ele>34.6</ele></trkpt>
    <trkpt lat="48.334244" lon="-4.767374"><ele>34.8</ele></trkpt>
    <trkpt lat="48.334511" lon="-4.766361"><ele>34.6</ele></trkpt>
    <trkpt lat="48.335083" lon="-4.764792"><ele>37.0</ele></trkpt>
    <trkpt lat="48.335285" lon="-4.763999"><ele>39.0</ele></trkpt>
    <trkpt lat="48.335567" lon="-4.763454"><ele>39.8</ele></trkpt>
    <trkpt lat="48.335811" lon="-4.762813"><ele>39.4</ele></trkpt>
    <trkpt lat="48.336090" lon="-4.760376"><ele>37.8</ele></trkpt>
    <trkpt lat="48.336164" lon="-4.760066"><ele>37.0</ele></trkpt>
    <trkpt lat="48.336226" lon="-4.760055"><ele>36.8</ele></trkpt>
    <trkpt lat="48.337354" lon="-4.760636"><ele>30.6</ele></trkpt>
    <trkpt lat="48.337579" lon="-4.760707"><ele>29.2</ele></trkpt>
    <trkpt lat="48.338328" lon="-4.760523"><ele>25.0</ele></trkpt>
    <trkpt lat="48.338539" lon="-4.760526"><ele>25.0</ele></trkpt>
    <trkpt lat="48.339927" lon="-4.761142"><ele>30.6</ele></trkpt>
    <trkpt lat="48.340353" lon="-4.761411"><ele>34.2</ele></trkpt>
    <trkpt lat="48.340955" lon="-4.761942"><ele>37.6</ele></trkpt>
    <trkpt lat="48.341145" lon="-4.762004"><ele>38.8</ele></trkpt>
    <trkpt lat="48.341253" lon="-4.761858"><ele>39.4</ele></trkpt>
    <trkpt lat="48.341458" lon="-4.761215"><ele>40.2</ele></trkpt>
    <trkpt lat="48.341560" lon="-4.760759"><ele>40.8</ele></trkpt>
    <trkpt lat="48.341607" lon="-4.760377"><ele>41.4</ele></trkpt>
    <trkpt lat="48.341789" lon="-4.759637"><ele>40.2</ele></trkpt>
    <trkpt lat="48.342433" lon="-4.759721"><ele>41.8</ele></trkpt>
    <trkpt lat="48.343355" lon="-4.759595"><ele>43.4</ele></trkpt>
    <trkpt lat="48.343598" lon="-4.759608"><ele>43.6</ele></trkpt>
    <trkpt lat="48.344240" lon="-4.759538"><ele>44.6</ele></trkpt>
    <trkpt lat="48.344278" lon="-4.759411"><ele>44.8</ele></trkpt>
    <trkpt lat="48.344229" lon="-4.758778"><ele>44.8</ele></trkpt>
    <trkpt lat="48.344251" lon="-4.758149"><ele>44.8</ele></trkpt>
    <trkpt lat="48.344213" lon="-4.757526"><ele>44.8</ele></trkpt>
    <trkpt lat="48.345108" lon="-4.757408"><ele>46.4</ele></trkpt>
    <trkpt lat="48.345160" lon="-4.757347"><ele>46.4</ele></trkpt>
    <trkpt lat="48.345212" lon="-4.757135"><ele>46.0</ele></trkpt>
    <trkpt lat="48.345267" lon="-4.757091"><ele>46.0</ele></trkpt>
    <trkpt lat="48.345983" lon="-4.757135"><ele>45.0</ele></trkpt>
    <trkpt lat="48.347329" lon="-4.757384"><ele>40.2</ele></trkpt>
    <trkpt lat="48.348385" lon="-4.757411"><ele>39.4</ele></trkpt>
    <trkpt lat="48.348421" lon="-4.757524"><ele>39.2</ele></trkpt>
    <trkpt lat="48.348368" lon="-4.757889"><ele>38.4</ele></trkpt>
    <trkpt lat="48.348383" lon="-4.758427"><ele>37.2</ele></trkpt>
    <trkpt lat="48.348499" lon="-4.758983"><ele>36.2</ele></trkpt>
    <trkpt lat="48.348611" lon="-4.759190"><ele>36.2</ele></trkpt>
    <trkpt lat="48.348924" lon="-4.759298"><ele>36.2</ele></trkpt>
    <trkpt lat="48.349378" lon="-4.759355"><ele>36.6</ele></trkpt>
    <trkpt lat="48.349604" lon="-4.759453"><ele>37.4</ele></trkpt>
    <trkpt lat="48.350361" lon="-4.760190"><ele>39.8</ele></trkpt>
    <trkpt lat="48.350455" lon="-4.760320"><ele>39.6</ele></trkpt>
    <trkpt lat="48.350578" lon="-4.760614"><ele>40.2</ele></trkpt>
    <trkpt lat="48.351310" lon="-4.760945"><ele>43.2</ele></trkpt>
    <trkpt lat="48.351829" lon="-4.761388"><ele>46.4</ele></trkpt>
    <trkpt lat="48.352263" lon="-4.761832"><ele>49.4</ele></trkpt>
    <trkpt lat="48.352742" lon="-4.762032"><ele>50.4</ele></trkpt>
    <trkpt lat="48.352899" lon="-4.762054"><ele>50.8</ele></trkpt>
    <trkpt lat="48.353252" lon="-4.761983"><ele>50.2</ele></trkpt>
    <trkpt lat="48.354417" lon="-4.761883"><ele>49.6</ele></trkpt>
    <trkpt lat="48.355347" lon="-4.761552"><ele>46.4</ele></trkpt>
    <trkpt lat="48.355770" lon="-4.761506"><ele>44.2</ele></trkpt>
    <trkpt lat="48.356479" lon="-4.761325"><ele>37.2</ele></trkpt>
    <trkpt lat="48.356760" lon="-4.761322"><ele>33.4</ele></trkpt>
    <trkpt lat="48.356850" lon="-4.761376"><ele>32.6</ele></trkpt>
    <trkpt lat="48.356900" lon="-4.761515"><ele>32.0</ele></trkpt>
    <trkpt lat="48.356850" lon="-4.762300"><ele>33.4</ele></trkpt>
    <trkpt lat="48.356870" lon="-4.762520"><ele>33.0</ele></trkpt>
    <trkpt lat="48.356934" lon="-4.762629"><ele>32.0</ele></trkpt>
    <trkpt lat="48.357301" lon="-4.762674"><ele>27.6</ele></trkpt>
    <trkpt lat="48.357784" lon="-4.762504"><ele>22.2</ele></trkpt>
    <trkpt lat="48.357823" lon="-4.762423"><ele>21.6</ele></trkpt>
    <trkpt lat="48.357870" lon="-4.761810"><ele>19.4</ele></trkpt>
    <trkpt lat="48.357931" lon="-4.761655"><ele>18.6</ele></trkpt>
    <trkpt lat="48.357987" lon="-4.761621"><ele>18.0</ele></trkpt>
    <trkpt lat="48.358766" lon="-4.762176"><ele>12.2</ele></trkpt>
    <trkpt lat="48.359067" lon="-4.762277"><ele>9.6</ele></trkpt>
    <trkpt lat="48.359400" lon="-4.762485"><ele>8.0</ele></trkpt>
    <trkpt lat="48.359428" lon="-4.762534"><ele>8.0</ele></trkpt>
    <trkpt lat="48.359462" lon="-4.762966"><ele>7.2</ele></trkpt>
    <trkpt lat="48.359515" lon="-4.763040"><ele>6.8</ele></trkpt>
    <trkpt lat="48.359593" lon="-4.763068"><ele>6.2</ele></trkpt>
    <trkpt lat="48.359724" lon="-4.762976"><ele>5.4</ele></trkpt>
    <trkpt lat="48.360399" lon="-4.762235"><ele>5.4</ele></trkpt>
    <trkpt lat="48.360504" lon="-4.762182"><ele>5.2</ele></trkpt>
    <trkpt lat="48.360588" lon="-4.762324"><ele>5.2</ele></trkpt>
    <trkpt lat="48.360978" lon="-4.763469"><ele>4.2</ele></trkpt>
    <trkpt lat="48.361228" lon="-4.763614"><ele>3.0</ele></trkpt>
    <trkpt lat="48.361306" lon="-4.763765"><ele>3.2</ele></trkpt>
    <trkpt lat="48.361356" lon="-4.764199"><ele>3.2</ele></trkpt>
    <trkpt lat="48.361350" lon="-4.765231"><ele>4.4</ele></trkpt>
    <trkpt lat="48.361426" lon="-4.765842"><ele>4.4</ele></trkpt>
    <trkpt lat="48.361594" lon="-4.766575"><ele>4.8</ele></trkpt>
    <trkpt lat="48.361607" lon="-4.766756"><ele>5.2</ele></trkpt>
    <trkpt lat="48.361699" lon="-4.766907"><ele>5.8</ele></trkpt>
    <trkpt lat="48.361752" lon="-4.767073"><ele>6.2</ele></trkpt>
    <trkpt lat="48.361828" lon="-4.767104"><ele>4.6</ele></trkpt>
    <trkpt lat="48.362301" lon="-4.766779"><ele>3.4</ele></trkpt>
    <trkpt lat="48.363661" lon="-4.765990"><ele>5.0</ele></trkpt>
    <trkpt lat="48.363518" lon="-4.765117"><ele>5.2</ele></trkpt>
    <trkpt lat="48.363556" lon="-4.764311"><ele>5.4</ele></trkpt>
    <trkpt lat="48.363524" lon="-4.763766"><ele>4.6</ele></trkpt>
    <trkpt lat="48.363534" lon="-4.763248"><ele>5.0</ele></trkpt>
    <trkpt lat="48.363589" lon="-4.762482"><ele>5.0</ele></trkpt>
    <trkpt lat="48.363639" lon="-4.760063"><ele>4.6</ele></trkpt>
    <trkpt lat="48.363670" lon="-4.759415"><ele>4.2</ele></trkpt>
    <trkpt lat="48.363791" lon="-4.758864"><ele>3.8</ele></trkpt>
    <trkpt lat="48.363857" lon="-4.758317"><ele>4.6</ele></trkpt>
    <trkpt lat="48.363923" lon="-4.758200"><ele>5.0</ele></trkpt>
    <trkpt lat="48.364178" lon="-4.757972"><ele>6.6</ele></trkpt>
    <trkpt lat="48.364206" lon="-4.757870"><ele>6.8</ele></trkpt>
    <trkpt lat="48.364226" lon="-4.757374"><ele>6.4</ele></trkpt>
    <trkpt lat="48.364055" lon="-4.756772"><ele>4.8</ele></trkpt>
    <trkpt lat="48.364098" lon="-4.756313"><ele>5.4</ele></trkpt>
    <trkpt lat="48.364052" lon="-4.756235"><ele>5.6</ele></trkpt>
    <trkpt lat="48.363957" lon="-4.756184"><ele>5.6</ele></trkpt>
    <trkpt lat="48.363930" lon="-4.755741"><ele>5.6</ele></trkpt>
    <trkpt lat="48.363936" lon="-4.755485"><ele>5.6</ele></trkpt>
    <trkpt lat="48.364022" lon="-4.755344"><ele>5.8</ele></trkpt>
    <trkpt lat="48.364114" lon="-4.754906"><ele>6.0</ele></trkpt>
    <trkpt lat="48.364398" lon="-4.754252"><ele>6.2</ele></trkpt>
    <trkpt lat="48.364578" lon="-4.754210"><ele>7.0</ele></trkpt>
    <trkpt lat="48.364703" lon="-4.753999"><ele>8.2</ele></trkpt>
    <trkpt lat="48.364707" lon="-4.753816"><ele>8.0</ele></trkpt>
    <trkpt lat="48.364895" lon="-4.753085"><ele>7.8</ele></trkpt>
    <trkpt lat="48.365148" lon="-4.752442"><ele>8.4</ele></trkpt>
    <trkpt lat="48.365246" lon="-4.752410"><ele>10.0</ele></trkpt>
    <trkpt lat="48.365362" lon="-4.752486"><ele>12.0</ele></trkpt>
    <trkpt lat="48.365663" lon="-4.752571"><ele>17.4</ele></trkpt>
    <trkpt lat="48.366097" lon="-4.752616"><ele>23.4</ele></trkpt>
    <trkpt lat="48.366191" lon="-4.752580"><ele>24.0</ele></trkpt>
    <trkpt lat="48.366572" lon="-4.752281"><ele>27.0</ele></trkpt>
    <trkpt lat="48.366765" lon="-4.752062"><ele>29.2</ele></trkpt>
    <trkpt lat="48.366991" lon="-4.751662"><ele>30.2</ele></trkpt>
    <trkpt lat="48.367188" lon="-4.751131"><ele>29.2</ele></trkpt>
    <trkpt lat="48.367289" lon="-4.750967"><ele>29.0</ele></trkpt>
    <trkpt lat="48.367812" lon="-4.750539"><ele>30.6</ele></trkpt>
    <trkpt lat="48.368191" lon="-4.750341"><ele>32.6</ele></trkpt>
    <trkpt lat="48.368257" lon="-4.750352"><ele>33.0</ele></trkpt>
    <trkpt lat="48.368304" lon="-4.750416"><ele>33.4</ele></trkpt>
    <trkpt lat="48.368291" lon="-4.750558"><ele>33.6</ele></trkpt>
    <trkpt lat="48.368320" lon="-4.750709"><ele>33.6</ele></trkpt>
    <trkpt lat="48.368505" lon="-4.751058"><ele>36.2</ele></trkpt>
    <trkpt lat="48.368650" lon="-4.751533"><ele>37.4</ele></trkpt>
    <trkpt lat="48.369098" lon="-4.752211"><ele>40.6</ele></trkpt>
    <trkpt lat="48.369452" lon="-4.752960"><ele>40.4</ele></trkpt>
    <trkpt lat="48.369492" lon="-4.753113"><ele>41.2</ele></trkpt>
    <trkpt lat="48.369745" lon="-4.753256"><ele>40.4</ele></trkpt>
    <trkpt lat="48.369862" lon="-4.753039"><ele>39.6</ele></trkpt>
    <trkpt lat="48.369924" lon="-4.753033"><ele>39.2</ele></trkpt>
    <trkpt lat="48.370187" lon="-4.753306"><ele>37.4</ele></trkpt>
    <trkpt lat="48.370350" lon="-4.753604"><ele>35.8</ele></trkpt>
    <trkpt lat="48.370379" lon="-4.753805"><ele>35.0</ele></trkpt>
    <trkpt lat="48.370420" lon="-4.753895"><ele>34.6</ele></trkpt>
    <trkpt lat="48.370624" lon="-4.754016"><ele>33.8</ele></trkpt>
    <trkpt lat="48.370809" lon="-4.754186"><ele>33.4</ele></trkpt>
    <trkpt lat="48.371238" lon="-4.754113"><ele>33.2</ele></trkpt>
    <trkpt lat="48.371544" lon="-4.753639"><ele>32.8</ele></trkpt>
    <trkpt lat="48.371608" lon="-4.753656"><ele>32.6</ele></trkpt>
    <trkpt lat="48.371695" lon="-4.753803"><ele>32.2</ele></trkpt>
    <trkpt lat="48.371733" lon="-4.754253"><ele>31.2</ele></trkpt>
    <trkpt lat="48.371887" lon="-4.754777"><ele>30.6</ele></trkpt>
    <trkpt lat="48.371818" lon="-4.755012"><ele>30.6</ele></trkpt>
    <trkpt lat="48.371817" lon="-4.755345"><ele>30.0</ele></trkpt>
    <trkpt lat="48.371927" lon="-4.755754"><ele>28.8</ele></trkpt>
    <trkpt lat="48.371984" lon="-4.756258"><ele>28.0</ele></trkpt>
    <trkpt lat="48.371862" lon="-4.756850"><ele>27.0</ele></trkpt>
    <trkpt lat="48.371880" lon="-4.757538"><ele>24.6</ele></trkpt>
    <trkpt lat="48.371952" lon="-4.757805"><ele>23.6</ele></trkpt>
    <trkpt lat="48.372100" lon="-4.758084"><ele>22.2</ele></trkpt>
    <trkpt lat="48.372102" lon="-4.758385"><ele>21.4</ele></trkpt>
    <trkpt lat="48.372150" lon="-4.758618"><ele>20.6</ele></trkpt>
    <trkpt lat="48.372094" lon="-4.758851"><ele>19.8</ele></trkpt>
    <trkpt lat="48.372094" lon="-4.759145"><ele>18.2</ele></trkpt>
    <trkpt lat="48.372214" lon="-4.759458"><ele>15.6</ele></trkpt>
    <trkpt lat="48.372082" lon="-4.759819"><ele>11.8</ele></trkpt>
    <trkpt lat="48.372089" lon="-4.760129"><ele>10.6</ele></trkpt>
    <trkpt lat="48.372059" lon="-4.760217"><ele>10.6</ele></trkpt>
    <trkpt lat="48.371847" lon="-4.760271"><ele>11.6</ele></trkpt>
    <trkpt lat="48.371596" lon="-4.760431"><ele>15.2</ele></trkpt>
    <trkpt lat="48.371377" lon="-4.760514"><ele>17.2</ele></trkpt>
    <trkpt lat="48.371108" lon="-4.760749"><ele>20.4</ele></trkpt>
    <trkpt lat="48.370958" lon="-4.761043"><ele>21.8</ele></trkpt>
    <trkpt lat="48.370794" lon="-4.761221"><ele>21.8</ele></trkpt>
    <trkpt lat="48.370372" lon="-4.761230"><ele>22.0</ele></trkpt>
    <trkpt lat="48.370102" lon="-4.761336"><ele>24.2</ele></trkpt>
    <trkpt lat="48.369982" lon="-4.761316"><ele>25.2</ele></trkpt>
    <trkpt lat="48.369805" lon="-4.761415"><ele>26.6</ele></trkpt>
    <trkpt lat="48.369382" lon="-4.761790"><ele>26.4</ele></trkpt>
    <trkpt lat="48.369291" lon="-4.761989"><ele>26.4</ele></trkpt>
    <trkpt lat="48.369203" lon="-4.762097"><ele>26.0</ele></trkpt>
    <trkpt lat="48.369185" lon="-4.762618"><ele>23.6</ele></trkpt>
    <trkpt lat="48.369113" lon="-4.762765"><ele>22.6</ele></trkpt>
    <trkpt lat="48.369040" lon="-4.762828"><ele>22.2</ele></trkpt>
    <trkpt lat="48.368947" lon="-4.762835"><ele>22.2</ele></trkpt>
    <trkpt lat="48.368814" lon="-4.762631"><ele>22.6</ele></trkpt>
    <trkpt lat="48.368696" lon="-4.762595"><ele>23.2</ele></trkpt>
    <trkpt lat="48.368653" lon="-4.762670"><ele>23.6</ele></trkpt>
    <trkpt lat="48.368616" lon="-4.762917"><ele>24.0</ele></trkpt>
    <trkpt lat="48.368548" lon="-4.763037"><ele>24.0</ele></trkpt>
    <trkpt lat="48.368081" lon="-4.763336"><ele>18.8</ele></trkpt>
    <trkpt lat="48.367892" lon="-4.763579"><ele>20.2</ele></trkpt>
    <trkpt lat="48.367803" lon="-4.763734"><ele>21.0</ele></trkpt>
    <trkpt lat="48.367721" lon="-4.764123"><ele>20.6</ele></trkpt>
    <trkpt lat="48.367591" lon="-4.764498"><ele>20.8</ele></trkpt>
    <trkpt lat="48.367564" lon="-4.765049"><ele>18.4</ele></trkpt>
    <trkpt lat="48.367584" lon="-4.765310"><ele>17.2</ele></trkpt>
    <trkpt lat="48.367422" lon="-4.765938"><ele>15.4</ele></trkpt>
    <trkpt lat="48.367394" lon="-4.766177"><ele>13.6</ele></trkpt>
    <trkpt lat="48.367282" lon="-4.766230"><ele>13.0</ele></trkpt>
    <trkpt lat="48.367069" lon="-4.766165"><ele>13.4</ele></trkpt>
    <trkpt lat="48.366998" lon="-4.766186"><ele>13.6</ele></trkpt>
    <trkpt lat="48.366873" lon="-4.766315"><ele>13.6</ele></trkpt>
    <trkpt lat="48.366504" lon="-4.766857"><ele>11.0</ele></trkpt>
    <trkpt lat="48.366224" lon="-4.767073"><ele>14.2</ele></trkpt>
    <trkpt lat="48.365924" lon="-4.767227"><ele>19.6</ele></trkpt>
    <trkpt lat="48.365906" lon="-4.767531"><ele>20.0</ele></trkpt>
    <trkpt lat="48.365805" lon="-4.767734"><ele>20.2</ele></trkpt>
    <trkpt lat="48.365645" lon="-4.767917"><ele>19.8</ele></trkpt>
    <trkpt lat="48.365575" lon="-4.768327"><ele>16.6</ele></trkpt>
    <trkpt lat="48.365362" lon="-4.768734"><ele>15.6</ele></trkpt>
    <trkpt lat="48.365126" lon="-4.768987"><ele>14.8</ele></trkpt>
    <trkpt lat="48.365019" lon="-4.769160"><ele>14.6</ele></trkpt>
    <trkpt lat="48.364940" lon="-4.769434"><ele>14.4</ele></trkpt>
    <trkpt lat="48.364945" lon="-4.769552"><ele>14.0</ele></trkpt>
    <trkpt lat="48.364827" lon="-4.769695"><ele>15.2</ele></trkpt>
    <trkpt lat="48.364561" lon="-4.769824"><ele>19.0</ele></trkpt>
    <trkpt lat="48.364509" lon="-4.769915"><ele>19.4</ele></trkpt>
    <trkpt lat="48.364522" lon="-4.770319"><ele>20.2</ele></trkpt>
    <trkpt lat="48.364576" lon="-4.770597"><ele>20.6</ele></trkpt>
    <trkpt lat="48.364642" lon="-4.770765"><ele>20.8</ele></trkpt>
    <trkpt lat="48.364608" lon="-4.771066"><ele>21.4</ele></trkpt>
    <trkpt lat="48.364619" lon="-4.771211"><ele>21.6</ele></trkpt>
    <trkpt lat="48.364780" lon="-4.771482"><ele>21.4</ele></trkpt>
    <trkpt lat="48.364921" lon="-4.771358"><ele>19.4</ele></trkpt>
    <trkpt lat="48.364989" lon="-4.771370"><ele>18.2</ele></trkpt>
    <trkpt lat="48.365027" lon="-4.771498"><ele>17.4</ele></trkpt>
    <trkpt lat="48.365054" lon="-4.771872"><ele>17.0</ele></trkpt>
    <trkpt lat="48.365010" lon="-4.772066"><ele>17.4</ele></trkpt>
    <trkpt lat="48.364927" lon="-4.772214"><ele>17.4</ele></trkpt>
    <trkpt lat="48.364868" lon="-4.772509"><ele>16.6</ele></trkpt>
    <trkpt lat="48.364702" lon="-4.772901"><ele>15.8</ele></trkpt>
    <trkpt lat="48.364588" lon="-4.773796"><ele>14.0</ele></trkpt>
    <trkpt lat="48.364384" lon="-4.774277"><ele>12.6</ele></trkpt>
    <trkpt lat="48.364298" lon="-4.774402"><ele>11.8</ele></trkpt>
    <trkpt lat="48.364167" lon="-4.774501"><ele>11.8</ele></trkpt>
    <trkpt lat="48.364136" lon="-4.774583"><ele>11.6</ele></trkpt>
    <trkpt lat="48.364150" lon="-4.775115"><ele>11.4</ele></trkpt>
    <trkpt lat="48.364097" lon="-4.775423"><ele>11.8</ele></trkpt>
    <trkpt lat="48.364101" lon="-4.775790"><ele>11.8</ele></trkpt>
    <trkpt lat="48.364066" lon="-4.776103"><ele>11.4</ele></trkpt>
    <trkpt lat="48.364084" lon="-4.776289"><ele>11.4</ele></trkpt>
    <trkpt lat="48.364195" lon="-4.776662"><ele>13.0</ele></trkpt>
    <trkpt lat="48.364217" lon="-4.777084"><ele>15.2</ele></trkpt>
    <trkpt lat="48.364197" lon="-4.777410"><ele>15.8</ele></trkpt>
    <trkpt lat="48.364073" lon="-4.777918"><ele>16.8</ele></trkpt>
    <trkpt lat="48.364119" lon="-4.778374"><ele>18.4</ele></trkpt>
    <trkpt lat="48.364074" lon="-4.779190"><ele>20.4</ele></trkpt>
    <trkpt lat="48.364378" lon="-4.779622"><ele>17.8</ele></trkpt>
    <trkpt lat="48.364502" lon="-4.779735"><ele>17.4</ele></trkpt>
    <trkpt lat="48.364654" lon="-4.780114"><ele>17.0</ele></trkpt>
    <trkpt lat="48.365100" lon="-4.780320"><ele>16.0</ele></trkpt>
    <trkpt lat="48.365711" lon="-4.780961"><ele>17.2</ele></trkpt>
    <trkpt lat="48.365952" lon="-4.781350"><ele>17.2</ele></trkpt>
    <trkpt lat="48.365998" lon="-4.781496"><ele>18.0</ele></trkpt>
    <trkpt lat="48.366031" lon="-4.781790"><ele>21.4</ele></trkpt>
    <trkpt lat="48.366014" lon="-4.782413"><ele>27.4</ele></trkpt>
    <trkpt lat="48.366094" lon="-4.782468"><ele>25.2</ele></trkpt>
    <trkpt lat="48.366108" lon="-4.782593"><ele>23.2</ele></trkpt>
    <trkpt lat="48.366179" lon="-4.782763"><ele>20.0</ele></trkpt>
    <trkpt lat="48.366352" lon="-4.782903"><ele>15.4</ele></trkpt>
    <trkpt lat="48.366292" lon="-4.783224"><ele>15.6</ele></trkpt>
    <trkpt lat="48.366230" lon="-4.783280"><ele>17.6</ele></trkpt>
    <trkpt lat="48.366226" lon="-4.783414"><ele>19.8</ele></trkpt>
    <trkpt lat="48.366444" lon="-4.784108"><ele>17.4</ele></trkpt>
    <trkpt lat="48.366558" lon="-4.784336"><ele>17.4</ele></trkpt>
    <trkpt lat="48.366683" lon="-4.784399"><ele>17.8</ele></trkpt>
    <trkpt lat="48.366839" lon="-4.784561"><ele>18.6</ele></trkpt>
    <trkpt lat="48.367152" lon="-4.784624"><ele>22.2</ele></trkpt>
    <trkpt lat="48.367290" lon="-4.784598"><ele>23.8</ele></trkpt>
    <trkpt lat="48.367434" lon="-4.784369"><ele>22.4</ele></trkpt>
    <trkpt lat="48.367614" lon="-4.784252"><ele>20.0</ele></trkpt>
    <trkpt lat="48.367752" lon="-4.784210"><ele>18.0</ele></trkpt>
    <trkpt lat="48.367818" lon="-4.784261"><ele>17.0</ele></trkpt>
    <trkpt lat="48.367872" lon="-4.784418"><ele>17.2</ele></trkpt>
    <trkpt lat="48.367896" lon="-4.784733"><ele>21.0</ele></trkpt>
    <trkpt lat="48.367975" lon="-4.784867"><ele>18.6</ele></trkpt>
    <trkpt lat="48.367962" lon="-4.785188"><ele>19.6</ele></trkpt>
    <trkpt lat="48.368085" lon="-4.785364"><ele>17.6</ele></trkpt>
    <trkpt lat="48.368202" lon="-4.785677"><ele>17.8</ele></trkpt>
    <trkpt lat="48.368137" lon="-4.785817"><ele>18.8</ele></trkpt>
    <trkpt lat="48.368156" lon="-4.786145"><ele>18.2</ele></trkpt>
    <trkpt lat="48.368134" lon="-4.786213"><ele>18.0</ele></trkpt>
    <trkpt lat="48.368029" lon="-4.786303"><ele>21.0</ele></trkpt>
    <trkpt lat="48.367842" lon="-4.786332"><ele>26.0</ele></trkpt>
    <trkpt lat="48.367644" lon="-4.786514"><ele>24.2</ele></trkpt>
    <trkpt lat="48.367589" lon="-4.786608"><ele>23.8</ele></trkpt>
    <trkpt lat="48.367441" lon="-4.786665"><ele>23.4</ele></trkpt>
    <trkpt lat="48.367211" lon="-4.786700"><ele>22.2</ele></trkpt>
    <trkpt lat="48.367138" lon="-4.786650"><ele>19.2</ele></trkpt>
    <trkpt lat="48.367069" lon="-4.786474"><ele>17.6</ele></trkpt>
    <trkpt lat="48.366887" lon="-4.785610"><ele>19.0</ele></trkpt>
    <trkpt lat="48.366812" lon="-4.784636"><ele>19.2</ele></trkpt>
    <trkpt lat="48.366741" lon="-4.784471"><ele>18.8</ele></trkpt>
    <trkpt lat="48.366581" lon="-4.784342"><ele>18.8</ele></trkpt>
    <trkpt lat="48.366479" lon="-4.784372"><ele>19.0</ele></trkpt>
    <trkpt lat="48.366407" lon="-4.784445"><ele>19.0</ele></trkpt>
    <trkpt lat="48.366426" lon="-4.784615"><ele>18.2</ele></trkpt>
    <trkpt lat="48.366401" lon="-4.784684"><ele>18.0</ele></trkpt>
    <trkpt lat="48.365784" lon="-4.785029"><ele>16.0</ele></trkpt>
    <trkpt lat="48.365589" lon="-4.785344"><ele>14.8</ele></trkpt>
    <trkpt lat="48.365226" lon="-4.785729"><ele>16.8</ele></trkpt>
    <trkpt lat="48.365004" lon="-4.785787"><ele>19.6</ele></trkpt>
    <trkpt lat="48.364877" lon="-4.785774"><ele>21.2</ele></trkpt>
    <trkpt lat="48.364672" lon="-4.785892"><ele>23.6</ele></trkpt>
    <trkpt lat="48.364458" lon="-4.785931"><ele>24.6</ele></trkpt>
    <trkpt lat="48.364160" lon="-4.786069"><ele>23.6</ele></trkpt>
    <trkpt lat="48.363631" lon="-4.786179"><ele>24.4</ele></trkpt>
    <trkpt lat="48.363456" lon="-4.786278"><ele>23.4</ele></trkpt>
    <trkpt lat="48.363046" lon="-4.786630"><ele>22.0</ele></trkpt>
    <trkpt lat="48.362869" lon="-4.786587"><ele>23.2</ele></trkpt>
    <trkpt lat="48.362858" lon="-4.786614"><ele>23.4</ele></trkpt>
    <trkpt lat="48.362507" lon="-4.786277"><ele>24.6</ele></trkpt>
    <trkpt lat="48.362407" lon="-4.786223"><ele>26.0</ele></trkpt>
    <trkpt lat="48.362236" lon="-4.786182"><ele>27.2</ele></trkpt>
    <trkpt lat="48.361965" lon="-4.786196"><ele>28.2</ele></trkpt>
    <trkpt lat="48.361888" lon="-4.786111"><ele>28.4</ele></trkpt>
    <trkpt lat="48.361845" lon="-4.785968"><ele>28.4</ele></trkpt>
    <trkpt lat="48.361762" lon="-4.785323"><ele>25.8</ele></trkpt>
    <trkpt lat="48.361981" lon="-4.784906"><ele>25.2</ele></trkpt>
    <trkpt lat="48.362038" lon="-4.784549"><ele>26.2</ele></trkpt>
    <trkpt lat="48.362021" lon="-4.784216"><ele>27.8</ele></trkpt>
    <trkpt lat="48.361904" lon="-4.783367"><ele>26.2</ele></trkpt>
    <trkpt lat="48.361907" lon="-4.783003"><ele>25.6</ele></trkpt>
    <trkpt lat="48.361927" lon="-4.782866"><ele>25.2</ele></trkpt>
    <trkpt lat="48.362103" lon="-4.782318"><ele>22.8</ele></trkpt>
    <trkpt lat="48.362200" lon="-4.781606"><ele>21.6</ele></trkpt>
    <trkpt lat="48.362374" lon="-4.780908"><ele>20.4</ele></trkpt>
    <trkpt lat="48.362545" lon="-4.780442"><ele>20.0</ele></trkpt>
    <trkpt lat="48.362655" lon="-4.780017"><ele>19.4</ele></trkpt>
    <trkpt lat="48.362705" lon="-4.779921"><ele>20.0</ele></trkpt>
    <trkpt lat="48.362865" lon="-4.779765"><ele>22.6</ele></trkpt>
    <trkpt lat="48.362923" lon="-4.779515"><ele>22.8</ele></trkpt>
    <trkpt lat="48.362912" lon="-4.779049"><ele>24.6</ele></trkpt>
    <trkpt lat="48.363003" lon="-4.778635"><ele>23.6</ele></trkpt>
    <trkpt lat="48.363062" lon="-4.778526"><ele>23.2</ele></trkpt>
    <trkpt lat="48.363201" lon="-4.778463"><ele>23.2</ele></trkpt>
    <trkpt lat="48.363395" lon="-4.778234"><ele>24.8</ele></trkpt>
    <trkpt lat="48.363634" lon="-4.778105"><ele>25.4</ele></trkpt>
    <trkpt lat="48.363675" lon="-4.778038"><ele>24.8</ele></trkpt>
    <trkpt lat="48.363712" lon="-4.777806"><ele>23.4</ele></trkpt>
    <trkpt lat="48.363806" lon="-4.777547"><ele>22.4</ele></trkpt>
    <trkpt lat="48.364031" lon="-4.776169"><ele>12.6</ele></trkpt>
    <trkpt lat="48.364024" lon="-4.776061"><ele>12.0</ele></trkpt>
    <trkpt lat="48.363964" lon="-4.775936"><ele>11.4</ele></trkpt>
    <trkpt lat="48.363974" lon="-4.775462"><ele>10.6</ele></trkpt>
    <trkpt lat="48.363919" lon="-4.775121"><ele>9.6</ele></trkpt>
    <trkpt lat="48.363952" lon="-4.774564"><ele>11.2</ele></trkpt>
    <trkpt lat="48.363912" lon="-4.774451"><ele>11.8</ele></trkpt>
    <trkpt lat="48.363804" lon="-4.774334"><ele>12.0</ele></trkpt>
    <trkpt lat="48.363731" lon="-4.774104"><ele>12.0</ele></trkpt>
    <trkpt lat="48.363564" lon="-4.773443"><ele>13.0</ele></trkpt>
    <trkpt lat="48.363469" lon="-4.772765"><ele>11.4</ele></trkpt>
    <trkpt lat="48.363500" lon="-4.772641"><ele>11.4</ele></trkpt>
    <trkpt lat="48.363552" lon="-4.772573"><ele>12.0</ele></trkpt>
    <trkpt lat="48.364031" lon="-4.772391"><ele>20.8</ele></trkpt>
    <trkpt lat="48.364218" lon="-4.770647"><ele>18.6</ele></trkpt>
    <trkpt lat="48.364197" lon="-4.770582"><ele>18.0</ele></trkpt>
    <trkpt lat="48.364081" lon="-4.770557"><ele>16.6</ele></trkpt>
    <trkpt lat="48.364052" lon="-4.770502"><ele>16.0</ele></trkpt>
    <trkpt lat="48.364072" lon="-4.769895"><ele>13.6</ele></trkpt>
    <trkpt lat="48.364054" lon="-4.769851"><ele>13.2</ele></trkpt>
    <trkpt lat="48.363978" lon="-4.769975"><ele>12.8</ele></trkpt>
    <trkpt lat="48.363788" lon="-4.770559"><ele>10.2</ele></trkpt>
    <trkpt lat="48.363610" lon="-4.770803"><ele>5.8</ele></trkpt>
    <trkpt lat="48.363567" lon="-4.770796"><ele>5.0</ele></trkpt>
    <trkpt lat="48.363540" lon="-4.770709"><ele>4.6</ele></trkpt>
    <trkpt lat="48.363591" lon="-4.770247"><ele>4.6</ele></trkpt>
    <trkpt lat="48.363564" lon="-4.769885"><ele>4.4</ele></trkpt>
    <trkpt lat="48.363607" lon="-4.769172"><ele>4.2</ele></trkpt>
    <trkpt lat="48.363599" lon="-4.768762"><ele>2.8</ele></trkpt>
    <trkpt lat="48.363640" lon="-4.768330"><ele>3.8</ele></trkpt>
    <trkpt lat="48.363624" lon="-4.767869"><ele>3.6</ele></trkpt>
    <trkpt lat="48.363687" lon="-4.767220"><ele>4.2</ele></trkpt>
    <trkpt lat="48.363649" lon="-4.766411"><ele>4.4</ele></trkpt>
    <trkpt lat="48.363613" lon="-4.766266"><ele>4.6</ele></trkpt>
    <trkpt lat="48.363424" lon="-4.766306"><ele>3.4</ele></trkpt>
    <trkpt lat="48.363121" lon="-4.766461"><ele>2.0</ele></trkpt>
    <trkpt lat="48.362960" lon="-4.766457"><ele>2.0</ele></trkpt>
    <trkpt lat="48.362727" lon="-4.766713"><ele>3.0</ele></trkpt>
    <trkpt lat="48.362318" lon="-4.767016"><ele>2.8</ele></trkpt>
    <trkpt lat="48.362127" lon="-4.767212"><ele>3.2</ele></trkpt>
    <trkpt lat="48.361814" lon="-4.767393"><ele>6.0</ele></trkpt>
    <trkpt lat="48.361814" lon="-4.767535"><ele>6.0</ele></trkpt>
    <trkpt lat="48.362004" lon="-4.768041"><ele>5.8</ele></trkpt>
    <trkpt lat="48.362048" lon="-4.768391"><ele>7.0</ele></trkpt>
    <trkpt lat="48.361698" lon="-4.770023"><ele>7.6</ele></trkpt>
    <trkpt lat="48.361708" lon="-4.771159"><ele>7.0</ele></trkpt>
    <trkpt lat="48.361564" lon="-4.772793"><ele>7.0</ele></trkpt>
    <trkpt lat="48.361481" lon="-4.773097"><ele>7.2</ele></trkpt>
    <trkpt lat="48.361245" lon="-4.773617"><ele>7.6</ele></trkpt>
    <trkpt lat="48.361219" lon="-4.774168"><ele>8.2</ele></trkpt>
    <trkpt lat="48.361294" lon="-4.774412"><ele>8.6</ele></trkpt>
    <trkpt lat="48.361317" lon="-4.774918"><ele>9.6</ele></trkpt>
    <trkpt lat="48.361150" lon="-4.775528"><ele>12.2</ele></trkpt>
    <trkpt lat="48.361089" lon="-4.775886"><ele>12.0</ele></trkpt>
    <trkpt lat="48.360947" lon="-4.776271"><ele>13.4</ele></trkpt>
    <trkpt lat="48.360905" lon="-4.776748"><ele>12.8</ele></trkpt>
    <trkpt lat="48.360822" lon="-4.776920"><ele>12.4</ele></trkpt>
    <trkpt lat="48.360424" lon="-4.777108"><ele>12.8</ele></trkpt>
    <trkpt lat="48.360055" lon="-4.777534"><ele>14.0</ele></trkpt>
    <trkpt lat="48.359467" lon="-4.778646"><ele>13.8</ele></trkpt>
    <trkpt lat="48.359153" lon="-4.779323"><ele>14.0</ele></trkpt>
    <trkpt lat="48.359105" lon="-4.779203"><ele>17.2</ele></trkpt>
    <trkpt lat="48.359057" lon="-4.779232"><ele>18.0</ele></trkpt>
    <trkpt lat="48.358931" lon="-4.779637"><ele>18.4</ele></trkpt>
    <trkpt lat="48.358746" lon="-4.779832"><ele>17.8</ele></trkpt>
    <trkpt lat="48.358569" lon="-4.779795"><ele>19.2</ele></trkpt>
    <trkpt lat="48.358393" lon="-4.779690"><ele>19.8</ele></trkpt>
    <trkpt lat="48.357699" lon="-4.779119"><ele>16.0</ele></trkpt>
    <trkpt lat="48.357303" lon="-4.778468"><ele>13.2</ele></trkpt>
    <trkpt lat="48.356916" lon="-4.777996"><ele>12.2</ele></trkpt>
    <trkpt lat="48.356869" lon="-4.777826"><ele>12.8</ele></trkpt>
    <trkpt lat="48.356861" lon="-4.777500"><ele>14.6</ele></trkpt>
    <trkpt lat="48.356808" lon="-4.777431"><ele>15.2</ele></trkpt>
    <trkpt lat="48.356742" lon="-4.777503"><ele>15.4</ele></trkpt>
    <trkpt lat="48.356584" lon="-4.777883"><ele>13.4</ele></trkpt>
    <trkpt lat="48.356081" lon="-4.778138"><ele>13.4</ele></trkpt>
    <trkpt lat="48.355378" lon="-4.778638"><ele>20.2</ele></trkpt>
    <trkpt lat="48.354296" lon="-4.779766"><ele>33.8</ele></trkpt>
    <trkpt lat="48.354065" lon="-4.779755"><ele>33.4</ele></trkpt>
    <trkpt lat="48.353773" lon="-4.779637"><ele>31.2</ele></trkpt>
    <trkpt lat="48.353617" lon="-4.779405"><ele>30.4</ele></trkpt>
    <trkpt lat="48.353364" lon="-4.778547"><ele>29.8</ele></trkpt>
    <trkpt lat="48.353216" lon="-4.778300"><ele>30.8</ele></trkpt>
    <trkpt lat="48.352843" lon="-4.777810"><ele>33.0</ele></trkpt>
    <trkpt lat="48.352369" lon="-4.777497"><ele>33.2</ele></trkpt>
    <trkpt lat="48.352199" lon="-4.777280"><ele>31.4</ele></trkpt>
    <trkpt lat="48.352180" lon="-4.777140"><ele>30.6</ele></trkpt>
    <trkpt lat="48.352236" lon="-4.776581"><ele>26.6</ele></trkpt>
    <trkpt lat="48.352022" lon="-4.776269"><ele>23.2</ele></trkpt>
    <trkpt lat="48.351980" lon="-4.776088"><ele>22.0</ele></trkpt>
    <trkpt lat="48.351994" lon="-4.775932"><ele>21.4</ele></trkpt>
    <trkpt lat="48.352142" lon="-4.775584"><ele>19.6</ele></trkpt>
    <trkpt lat="48.352096" lon="-4.775144"><ele>17.0</ele></trkpt>
    <trkpt lat="48.352141" lon="-4.774922"><ele>15.6</ele></trkpt>
    <trkpt lat="48.352089" lon="-4.774773"><ele>13.6</ele></trkpt>
    <trkpt lat="48.351993" lon="-4.774725"><ele>13.6</ele></trkpt>
    <trkpt lat="48.351854" lon="-4.774773"><ele>13.8</ele></trkpt>
    <trkpt lat="48.351733" lon="-4.774695"><ele>13.6</ele></trkpt>
    <trkpt lat="48.351580" lon="-4.774724"><ele>13.6</ele></trkpt>
    <trkpt lat="48.351400" lon="-4.774625"><ele>13.6</ele></trkpt>
    <trkpt lat="48.351315" lon="-4.774651"><ele>13.8</ele></trkpt>
    <trkpt lat="48.351334" lon="-4.774512"><ele>15.2</ele></trkpt>
    <trkpt lat="48.351316" lon="-4.774428"><ele>16.2</ele></trkpt>
    <trkpt lat="48.350992" lon="-4.774192"><ele>19.6</ele></trkpt>
    <trkpt lat="48.350866" lon="-4.774207"><ele>19.8</ele></trkpt>
    <trkpt lat="48.350632" lon="-4.774325"><ele>19.2</ele></trkpt>
    <trkpt lat="48.350517" lon="-4.774270"><ele>18.6</ele></trkpt>
    <trkpt lat="48.350442" lon="-4.774120"><ele>18.6</ele></trkpt>
    <trkpt lat="48.350404" lon="-4.773821"><ele>19.4</ele></trkpt>
    <trkpt lat="48.350338" lon="-4.773656"><ele>20.4</ele></trkpt>
    <trkpt lat="48.349693" lon="-4.772995"><ele>19.2</ele></trkpt>
    <trkpt lat="48.349554" lon="-4.772818"><ele>19.2</ele></trkpt>
    <trkpt lat="48.349469" lon="-4.772640"><ele>20.6</ele></trkpt>
    <trkpt lat="48.349217" lon="-4.772332"><ele>20.8</ele></trkpt>
    <trkpt lat="48.349103" lon="-4.771965"><ele>19.6</ele></trkpt>
    <trkpt lat="48.348829" lon="-4.771305"><ele>15.0</ele></trkpt>
    <trkpt lat="48.348814" lon="-4.771090"><ele>15.6</ele></trkpt>
    <trkpt lat="48.348649" lon="-4.771079"><ele>17.4</ele></trkpt>
    <trkpt lat="48.348460" lon="-4.770886"><ele>18.2</ele></trkpt>
    <trkpt lat="48.348344" lon="-4.770869"><ele>17.6</ele></trkpt>
    <trkpt lat="48.348101" lon="-4.770484"><ele>14.6</ele></trkpt>
    <trkpt lat="48.347874" lon="-4.769983"><ele>11.6</ele></trkpt>
    <trkpt lat="48.347743" lon="-4.769826"><ele>11.2</ele></trkpt>
    <trkpt lat="48.347670" lon="-4.769852"><ele>10.8</ele></trkpt>
    <trkpt lat="48.347578" lon="-4.770008"><ele>10.6</ele></trkpt>
    <trkpt lat="48.347469" lon="-4.769966"><ele>11.8</ele></trkpt>
    <trkpt lat="48.347327" lon="-4.769838"><ele>13.0</ele></trkpt>
    <trkpt lat="48.346636" lon="-4.769845"><ele>16.2</ele></trkpt>
    <trkpt lat="48.346251" lon="-4.770105"><ele>16.4</ele></trkpt>
    <trkpt lat="48.345967" lon="-4.770498"><ele>14.8</ele></trkpt>
    <trkpt lat="48.345592" lon="-4.770689"><ele>14.4</ele></trkpt>
    <trkpt lat="48.344507" lon="-4.771376"><ele>15.6</ele></trkpt>
    <trkpt lat="48.344197" lon="-4.771802"><ele>13.4</ele></trkpt>
    <trkpt lat="48.344096" lon="-4.771877"><ele>13.2</ele></trkpt>
    <trkpt lat="48.343933" lon="-4.771874"><ele>13.4</ele></trkpt>
    <trkpt lat="48.343624" lon="-4.771761"><ele>14.6</ele></trkpt>
    <trkpt lat="48.343359" lon="-4.771428"><ele>14.2</ele></trkpt>
    <trkpt lat="48.343250" lon="-4.771379"><ele>13.2</ele></trkpt>
    <trkpt lat="48.343143" lon="-4.771407"><ele>8.8</ele></trkpt>
    <trkpt lat="48.343037" lon="-4.771292"><ele>7.6</ele></trkpt>
    <trkpt lat="48.342843" lon="-4.771422"><ele>8.8</ele></trkpt>
    <trkpt lat="48.342807" lon="-4.771541"><ele>9.4</ele></trkpt>
    <trkpt lat="48.342747" lon="-4.771596"><ele>10.2</ele></trkpt>
    <trkpt lat="48.342628" lon="-4.771571"><ele>12.2</ele></trkpt>
    <trkpt lat="48.342471" lon="-4.771623"><ele>13.8</ele></trkpt>
    <trkpt lat="48.342153" lon="-4.771622"><ele>15.2</ele></trkpt>
    <trkpt lat="48.341965" lon="-4.771742"><ele>16.2</ele></trkpt>
    <trkpt lat="48.341721" lon="-4.771780"><ele>17.4</ele></trkpt>
    <trkpt lat="48.340961" lon="-4.772036"><ele>18.8</ele></trkpt>
    <trkpt lat="48.340855" lon="-4.772130"><ele>17.4</ele></trkpt>
    <trkpt lat="48.340637" lon="-4.772596"><ele>13.8</ele></trkpt>
    <trkpt lat="48.340515" lon="-4.772716"><ele>13.6</ele></trkpt>
    <trkpt lat="48.340163" lon="-4.772581"><ele>15.2</ele></trkpt>
    <trkpt lat="48.339915" lon="-4.772586"><ele>15.6</ele></trkpt>
    <trkpt lat="48.339777" lon="-4.772398"><ele>16.6</ele></trkpt>
    <trkpt lat="48.339704" lon="-4.772389"><ele>17.2</ele></trkpt>
    <trkpt lat="48.339638" lon="-4.772479"><ele>17.4</ele></trkpt>
    <trkpt lat="48.339627" lon="-4.772759"><ele>16.2</ele></trkpt>
    <trkpt lat="48.339524" lon="-4.772982"><ele>16.6</ele></trkpt>
    <trkpt lat="48.339470" lon="-4.773018"><ele>17.2</ele></trkpt>
    <trkpt lat="48.339249" lon="-4.773022"><ele>20.4</ele></trkpt>
    <trkpt lat="48.339100" lon="-4.773315"><ele>19.4</ele></trkpt>
    <trkpt lat="48.338800" lon="-4.773542"><ele>17.8</ele></trkpt>
    <trkpt lat="48.338720" lon="-4.773797"><ele>16.6</ele></trkpt>
    <trkpt lat="48.338626" lon="-4.773915"><ele>16.0</ele></trkpt>
    <trkpt lat="48.338296" lon="-4.774074"><ele>16.2</ele></trkpt>
    <trkpt lat="48.338072" lon="-4.774288"><ele>16.6</ele></trkpt>
    <trkpt lat="48.337875" lon="-4.774355"><ele>17.0</ele></trkpt>
    <trkpt lat="48.337737" lon="-4.774328"><ele>17.2</ele></trkpt>
    <trkpt lat="48.337554" lon="-4.774129"><ele>20.0</ele></trkpt>
    <trkpt lat="48.337349" lon="-4.774169"><ele>21.8</ele></trkpt>
    <trkpt lat="48.337207" lon="-4.774275"><ele>21.0</ele></trkpt>
    <trkpt lat="48.336927" lon="-4.774666"><ele>18.6</ele></trkpt>
    <trkpt lat="48.336541" lon="-4.774935"><ele>16.0</ele></trkpt>
    <trkpt lat="48.336411" lon="-4.774862"><ele>16.6</ele></trkpt>
    <trkpt lat="48.336370" lon="-4.774796"><ele>17.0</ele></trkpt>
    <trkpt lat="48.336356" lon="-4.774436"><ele>18.4</ele></trkpt>
    <trkpt lat="48.336294" lon="-4.774270"><ele>18.4</ele></trkpt>
    <trkpt lat="48.336227" lon="-4.774218"><ele>18.0</ele></trkpt>
    <trkpt lat="48.336071" lon="-4.774231"><ele>16.2</ele></trkpt>
    <trkpt lat="48.336021" lon="-4.774192"><ele>15.4</ele></trkpt>
    <trkpt lat="48.335998" lon="-4.774104"><ele>15.0</ele></trkpt>
    <trkpt lat="48.335994" lon="-4.773723"><ele>15.2</ele></trkpt>
    <trkpt lat="48.335831" lon="-4.773421"><ele>16.0</ele></trkpt>
    <trkpt lat="48.335686" lon="-4.773244"><ele>15.8</ele></trkpt>
    <trkpt lat="48.335670" lon="-4.772926"><ele>15.6</ele></trkpt>
    <trkpt lat="48.335709" lon="-4.772525"><ele>15.4</ele></trkpt>
    <trkpt lat="48.335623" lon="-4.772244"><ele>13.6</ele></trkpt>
    <trkpt lat="48.335547" lon="-4.771526"><ele>9.8</ele></trkpt>
    <trkpt lat="48.335446" lon="-4.771311"><ele>8.8</ele></trkpt>
    <trkpt lat="48.335239" lon="-4.771164"><ele>9.8</ele></trkpt>
    <trkpt lat="48.335097" lon="-4.771198"><ele>11.8</ele></trkpt>
    <trkpt lat="48.334659" lon="-4.771582"><ele>15.6</ele></trkpt>
    <trkpt lat="48.334541" lon="-4.771637"><ele>15.8</ele></trkpt>
    <trkpt lat="48.334373" lon="-4.771601"><ele>16.4</ele></trkpt>
    <trkpt lat="48.334160" lon="-4.771411"><ele>18.8</ele></trkpt>
    <trkpt lat="48.333815" lon="-4.771505"><ele>20.0</ele></trkpt>
    <trkpt lat="48.333511" lon="-4.771438"><ele>20.2</ele></trkpt>
    <trkpt lat="48.332996" lon="-4.771766"><ele>19.4</ele></trkpt>
    <trkpt lat="48.332680" lon="-4.771876"><ele>17.8</ele></trkpt>
    <trkpt lat="48.332583" lon="-4.771992"><ele>17.4</ele></trkpt>
    <trkpt lat="48.332442" lon="-4.772309"><ele>16.2</ele></trkpt>
    <trkpt lat="48.331958" lon="-4.772897"><ele>13.4</ele></trkpt>
    <trkpt lat="48.331856" lon="-4.773083"><ele>13.0</ele></trkpt>
    <trkpt lat="48.331824" lon="-4.773354"><ele>11.6</ele></trkpt>
    <trkpt lat="48.331723" lon="-4.773484"><ele>11.2</ele></trkpt>
    <trkpt lat="48.331153" lon="-4.773464"><ele>15.8</ele></trkpt>
    <trkpt lat="48.330905" lon="-4.773228"><ele>18.4</ele></trkpt>
    <trkpt lat="48.330774" lon="-4.773338"><ele>19.4</ele></trkpt>
    <trkpt lat="48.330556" lon="-4.773156"><ele>19.6</ele></trkpt>
    <trkpt lat="48.330423" lon="-4.773011"><ele>18.4</ele></trkpt>
    <trkpt lat="48.330310" lon="-4.772733"><ele>15.6</ele></trkpt>
    <trkpt lat="48.330329" lon="-4.772531"><ele>15.4</ele></trkpt>
    <trkpt lat="48.330427" lon="-4.772186"><ele>17.2</ele></trkpt>
    <trkpt lat="48.330408" lon="-4.772060"><ele>18.8</ele></trkpt>
    <trkpt lat="48.330284" lon="-4.771966"><ele>21.6</ele></trkpt>
    <trkpt lat="48.330015" lon="-4.771985"><ele>21.8</ele></trkpt>
    <trkpt lat="48.329847" lon="-4.771951"><ele>20.8</ele></trkpt>
    <trkpt lat="48.329656" lon="-4.771668"><ele>21.8</ele></trkpt>
    <trkpt lat="48.329640" lon="-4.771569"><ele>22.4</ele></trkpt>
    <trkpt lat="48.329695" lon="-4.771403"><ele>23.8</ele></trkpt>
    <trkpt lat="48.329715" lon="-4.771048"><ele>25.8</ele></trkpt>
    <trkpt lat="48.329635" lon="-4.770608"><ele>26.4</ele></trkpt>
    <trkpt lat="48.329683" lon="-4.770514"><ele>26.4</ele></trkpt>
    <trkpt lat="48.330468" lon="-4.770247"><ele>27.4</ele></trkpt>
    <trkpt lat="48.330476" lon="-4.769963"><ele>27.2</ele></trkpt>
    <trkpt lat="48.330636" lon="-4.769277"><ele>29.8</ele></trkpt>
  </trkseg></trk>
</gpx>
