<?xml version="1.0" encoding="UTF-8"?>
<gpx version="1.1" creator="tcap-parcours" xmlns="http://www.topografix.com/GPX/1/1">
  <metadata><name>D'un phare à l'autre, aka le tour des 2 phares – Boucle 50 km</name></metadata>
  <trk><name>D'un phare à l'autre, aka le tour des 2 phares – Boucle 50 km</name><trkseg>
    <trkpt lat="48.370072" lon="-4.640170"><ele>60.0</ele></trkpt>
    <trkpt lat="48.370051" lon="-4.640230"><ele>60.0</ele></trkpt>
    <trkpt lat="48.370042" lon="-4.640779"><ele>60.0</ele></trkpt>
    <trkpt lat="48.369887" lon="-4.641188"><ele>60.0</ele></trkpt>
    <trkpt lat="48.369839" lon="-4.641563"><ele>60.2</ele></trkpt>
    <trkpt lat="48.369765" lon="-4.641639"><ele>60.3</ele></trkpt>
    <trkpt lat="48.369617" lon="-4.642143"><ele>60.4</ele></trkpt>
    <trkpt lat="48.369687" lon="-4.642481"><ele>60.7</ele></trkpt>
    <trkpt lat="48.369713" lon="-4.642868"><ele>60.0</ele></trkpt>
    <trkpt lat="48.369648" lon="-4.643161"><ele>59.5</ele></trkpt>
    <trkpt lat="48.369637" lon="-4.643531"><ele>58.4</ele></trkpt>
    <trkpt lat="48.369492" lon="-4.644248"><ele>57.8</ele></trkpt>
    <trkpt lat="48.369400" lon="-4.644461"><ele>58.1</ele></trkpt>
    <trkpt lat="48.369240" lon="-4.645100"><ele>57.6</ele></trkpt>
    <trkpt lat="48.369283" lon="-4.645384"><ele>57.2</ele></trkpt>
    <trkpt lat="48.369272" lon="-4.645672"><ele>57.3</ele></trkpt>
    <trkpt lat="48.369229" lon="-4.646111"><ele>57.9</ele></trkpt>
    <trkpt lat="48.369078" lon="-4.646644"><ele>59.0</ele></trkpt>
    <trkpt lat="48.369046" lon="-4.647190"><ele>60.3</ele></trkpt>
    <trkpt lat="48.368949" lon="-4.647405"><ele>61.3</ele></trkpt>
    <trkpt lat="48.368638" lon="-4.647616"><ele>63.0</ele></trkpt>
    <trkpt lat="48.368580" lon="-4.647765"><ele>63.5</ele></trkpt>
    <trkpt lat="48.368838" lon="-4.648639"><ele>64.1</ele></trkpt>
    <trkpt lat="48.368895" lon="-4.649293"><ele>65.1</ele></trkpt>
    <trkpt lat="48.368935" lon="-4.649445"><ele>66.6</ele></trkpt>
    <trkpt lat="48.368880" lon="-4.649595"><ele>66.4</ele></trkpt>
    <trkpt lat="48.368825" lon="-4.650057"><ele>66.6</ele></trkpt>
    <trkpt lat="48.368770" lon="-4.650278"><ele>67.0</ele></trkpt>
    <trkpt lat="48.368592" lon="-4.650640"><ele>68.2</ele></trkpt>
    <trkpt lat="48.367978" lon="-4.651357"><ele>69.0</ele></trkpt>
    <trkpt lat="48.367812" lon="-4.651618"><ele>69.6</ele></trkpt>
    <trkpt lat="48.367397" lon="-4.652857"><ele>69.0</ele></trkpt>
    <trkpt lat="48.367313" lon="-4.652957"><ele>69.4</ele></trkpt>
    <trkpt lat="48.366943" lon="-4.652983"><ele>70.4</ele></trkpt>
    <trkpt lat="48.366683" lon="-4.653322"><ele>71.0</ele></trkpt>
    <trkpt lat="48.366598" lon="-4.653383"><ele>71.0</ele></trkpt>
    <trkpt lat="48.366380" lon="-4.653410"><ele>71.2</ele></trkpt>
    <trkpt lat="48.366050" lon="-4.653382"><ele>71.2</ele></trkpt>
    <trkpt lat="48.365883" lon="-4.653448"><ele>71.2</ele></trkpt>
    <trkpt lat="48.365633" lon="-4.653747"><ele>71.8</ele></trkpt>
    <trkpt lat="48.365427" lon="-4.653930"><ele>72.0</ele></trkpt>
    <trkpt lat="48.364713" lon="-4.654415"><ele>72.6</ele></trkpt>
    <trkpt lat="48.364275" lon="-4.654663"><ele>71.0</ele></trkpt>
    <trkpt lat="48.363763" lon="-4.654885"><ele>72.4</ele></trkpt>
    <trkpt lat="48.363307" lon="-4.654970"><ele>73.2</ele></trkpt>
    <trkpt lat="48.362860" lon="-4.655122"><ele>74.2</ele></trkpt>
    <trkpt lat="48.362788" lon="-4.655183"><ele>74.2</ele></trkpt>
    <trkpt lat="48.362740" lon="-4.655285"><ele>73.8</ele></trkpt>
    <trkpt lat="48.362577" lon="-4.656063"><ele>73.0</ele></trkpt>
    <trkpt lat="48.362518" lon="-4.656230"><ele>72.6</ele></trkpt>
    <trkpt lat="48.362457" lon="-4.656308"><ele>72.6</ele></trkpt>
    <trkpt lat="48.362350" lon="-4.656362"><ele>72.6</ele></trkpt>
    <trkpt lat="48.361915" lon="-4.656368"><ele>72.0</ele></trkpt>
    <trkpt lat="48.361405" lon="-4.656487"><ele>71.8</ele></trkpt>
    <trkpt lat="48.361045" lon="-4.656677"><ele>71.4</ele></trkpt>
    <trkpt lat="48.360613" lon="-4.657050"><ele>70.4</ele></trkpt>
    <trkpt lat="48.360560" lon="-4.657183"><ele>69.8</ele></trkpt>
    <trkpt lat="48.360545" lon="-4.657365"><ele>69.2</ele></trkpt>
    <trkpt lat="48.360625" lon="-4.657888"><ele>69.2</ele></trkpt>
    <trkpt lat="48.361042" lon="-4.658655"><ele>69.4</ele></trkpt>
    <trkpt lat="48.361300" lon="-4.659203"><ele>70.0</ele></trkpt>
    <trkpt lat="48.361457" lon="-4.659622"><ele>69.8</ele></trkpt>
    <trkpt lat="48.361557" lon="-4.659993"><ele>69.4</ele></trkpt>
    <trkpt lat="48.361557" lon="-4.660108"><ele>69.2</ele></trkpt>
    <trkpt lat="48.361060" lon="-4.660577"><ele>68.2</ele></trkpt>
    <trkpt lat="48.360630" lon="-4.660892"><ele>68.0</ele></trkpt>
    <trkpt lat="48.360480" lon="-4.661063"><ele>67.8</ele></trkpt>
    <trkpt lat="48.360140" lon="-4.661625"><ele>66.2</ele></trkpt>
    <trkpt lat="48.360118" lon="-4.661780"><ele>65.8</ele></trkpt>
    <trkpt lat="48.360167" lon="-4.662057"><ele>65.0</ele></trkpt>
    <trkpt lat="48.360107" lon="-4.662237"><ele>64.2</ele></trkpt>
    <trkpt lat="48.359650" lon="-4.662875"><ele>61.2</ele></trkpt>
    <trkpt lat="48.359348" lon="-4.663402"><ele>59.2</ele></trkpt>
    <trkpt lat="48.359142" lon="-4.663662"><ele>57.6</ele></trkpt>
    <trkpt lat="48.358943" lon="-4.663993"><ele>56.8</ele></trkpt>
    <trkpt lat="48.358570" lon="-4.664203"><ele>56.2</ele></trkpt>
    <trkpt lat="48.358180" lon="-4.664332"><ele>55.4</ele></trkpt>
    <trkpt lat="48.358100" lon="-4.664408"><ele>55.0</ele></trkpt>
    <trkpt lat="48.357857" lon="-4.664323"><ele>54.8</ele></trkpt>
    <trkpt lat="48.357727" lon="-4.664320"><ele>54.8</ele></trkpt>
    <trkpt lat="48.357338" lon="-4.664583"><ele>54.0</ele></trkpt>
    <trkpt lat="48.357037" lon="-4.664730"><ele>53.2</ele></trkpt>
    <trkpt lat="48.356982" lon="-4.664802"><ele>53.2</ele></trkpt>
    <trkpt lat="48.356960" lon="-4.665307"><ele>51.6</ele></trkpt>
    <trkpt lat="48.356867" lon="-4.665578"><ele>50.6</ele></trkpt>
    <trkpt lat="48.356798" lon="-4.665690"><ele>50.4</ele></trkpt>
    <trkpt lat="48.356113" lon="-4.665783"><ele>49.0</ele></trkpt>
    <trkpt lat="48.355777" lon="-4.665927"><ele>48.0</ele></trkpt>
    <trkpt lat="48.355553" lon="-4.665932"><ele>46.8</ele></trkpt>
    <trkpt lat="48.355363" lon="-4.666145"><ele>45.6</ele></trkpt>
    <trkpt lat="48.355188" lon="-4.666237"><ele>44.8</ele></trkpt>
    <trkpt lat="48.355015" lon="-4.666507"><ele>43.2</ele></trkpt>
    <trkpt lat="48.354923" lon="-4.666592"><ele>42.0</ele></trkpt>
    <trkpt lat="48.354387" lon="-4.666648"><ele>37.2</ele></trkpt>
    <trkpt lat="48.353875" lon="-4.666512"><ele>31.0</ele></trkpt>
    <trkpt lat="48.353233" lon="-4.666737"><ele>19.0</ele></trkpt>
    <trkpt lat="48.353165" lon="-4.666727"><ele>17.6</ele></trkpt>
    <trkpt lat="48.353128" lon="-4.666668"><ele>16.8</ele></trkpt>
    <trkpt lat="48.353128" lon="-4.666515"><ele>16.4</ele></trkpt>
    <trkpt lat="48.353317" lon="-4.664592"><ele>27.4</ele></trkpt>
    <trkpt lat="48.353475" lon="-4.664190"><ele>31.4</ele></trkpt>
    <trkpt lat="48.353840" lon="-4.663008"><ele>35.2</ele></trkpt>
    <trkpt lat="48.353902" lon="-4.662715"><ele>36.2</ele></trkpt>
    <trkpt lat="48.353732" lon="-4.662688"><ele>36.8</ele></trkpt>
    <trkpt lat="48.352573" lon="-4.662847"><ele>29.4</ele></trkpt>
    <trkpt lat="48.351847" lon="-4.662715"><ele>27.8</ele></trkpt>
    <trkpt lat="48.351683" lon="-4.662608"><ele>27.2</ele></trkpt>
    <trkpt lat="48.351543" lon="-4.662343"><ele>27.2</ele></trkpt>
    <trkpt lat="48.351285" lon="-4.662008"><ele>26.2</ele></trkpt>
    <trkpt lat="48.351075" lon="-4.661477"><ele>26.4</ele></trkpt>
    <trkpt lat="48.351007" lon="-4.661523"><ele>25.8</ele></trkpt>
    <trkpt lat="48.350948" lon="-4.661505"><ele>24.4</ele></trkpt>
    <trkpt lat="48.350928" lon="-4.661415"><ele>23.2</ele></trkpt>
    <trkpt lat="48.350942" lon="-4.661005"><ele>22.0</ele></trkpt>
    <trkpt lat="48.351002" lon="-4.660777"><ele>21.4</ele></trkpt>
    <trkpt lat="48.350973" lon="-4.660678"><ele>21.4</ele></trkpt>
    <trkpt lat="48.350777" lon="-4.660410"><ele>18.6</ele></trkpt>
    <trkpt lat="48.350755" lon="-4.660300"><ele>17.8</ele></trkpt>
    <trkpt lat="48.350773" lon="-4.660120"><ele>17.2</ele></trkpt>
    <trkpt lat="48.350728" lon="-4.659985"><ele>17.4</ele></trkpt>
    <trkpt lat="48.350420" lon="-4.659522"><ele>15.2</ele></trkpt>
    <trkpt lat="48.350468" lon="-4.659160"><ele>16.2</ele></trkpt>
    <trkpt lat="48.350448" lon="-4.658978"><ele>17.2</ele></trkpt>
    <trkpt lat="48.350382" lon="-4.658778"><ele>19.0</ele></trkpt>
    <trkpt lat="48.350158" lon="-4.658367"><ele>20.6</ele></trkpt>
    <trkpt lat="48.350025" lon="-4.658193"><ele>21.2</ele></trkpt>
    <trkpt lat="48.349833" lon="-4.658038"><ele>24.0</ele></trkpt>
    <trkpt lat="48.349697" lon="-4.657770"><ele>25.2</ele></trkpt>
    <trkpt lat="48.349495" lon="-4.657550"><ele>26.2</ele></trkpt>
    <trkpt lat="48.349395" lon="-4.656922"><ele>32.2</ele></trkpt>
    <trkpt lat="48.349233" lon="-4.656477"><ele>36.4</ele></trkpt>
    <trkpt lat="48.349155" lon="-4.656415"><ele>36.8</ele></trkpt>
    <trkpt lat="48.349012" lon="-4.656385"><ele>36.2</ele></trkpt>
    <trkpt lat="48.348912" lon="-4.656272"><ele>35.2</ele></trkpt>
    <trkpt lat="48.348863" lon="-4.655873"><ele>33.6</ele></trkpt>
    <trkpt lat="48.348968" lon="-4.655403"><ele>33.2</ele></trkpt>
    <trkpt lat="48.348933" lon="-4.655102"><ele>30.4</ele></trkpt>
    <trkpt lat="48.348807" lon="-4.654797"><ele>27.2</ele></trkpt>
    <trkpt lat="48.348732" lon="-4.654730"><ele>27.8</ele></trkpt>
    <trkpt lat="48.348610" lon="-4.654517"><ele>30.4</ele></trkpt>
    <trkpt lat="48.348448" lon="-4.653992"><ele>31.2</ele></trkpt>
    <trkpt lat="48.348195" lon="-4.653663"><ele>34.4</ele></trkpt>
    <trkpt lat="48.347983" lon="-4.653783"><ele>37.2</ele></trkpt>
    <trkpt lat="48.347768" lon="-4.653780"><ele>38.0</ele></trkpt>
    <trkpt lat="48.347547" lon="-4.653675"><ele>39.6</ele></trkpt>
    <trkpt lat="48.347232" lon="-4.653393"><ele>42.4</ele></trkpt>
    <trkpt lat="48.346987" lon="-4.653027"><ele>42.8</ele></trkpt>
    <trkpt lat="48.346858" lon="-4.652595"><ele>42.6</ele></trkpt>
    <trkpt lat="48.346550" lon="-4.652320"><ele>39.4</ele></trkpt>
    <trkpt lat="48.346417" lon="-4.652112"><ele>39.4</ele></trkpt>
    <trkpt lat="48.346328" lon="-4.651850"><ele>38.6</ele></trkpt>
    <trkpt lat="48.346353" lon="-4.651735"><ele>38.4</ele></trkpt>
    <trkpt lat="48.346337" lon="-4.651593"><ele>37.6</ele></trkpt>
    <trkpt lat="48.346025" lon="-4.651220"><ele>35.2</ele></trkpt>
    <trkpt lat="48.345960" lon="-4.650850"><ele>34.4</ele></trkpt>
    <trkpt lat="48.345785" lon="-4.650585"><ele>33.8</ele></trkpt>
    <trkpt lat="48.345778" lon="-4.650402"><ele>34.6</ele></trkpt>
    <trkpt lat="48.345807" lon="-4.650277"><ele>34.6</ele></trkpt>
    <trkpt lat="48.346003" lon="-4.649950"><ele>36.2</ele></trkpt>
    <trkpt lat="48.346147" lon="-4.649605"><ele>40.4</ele></trkpt>
    <trkpt lat="48.346162" lon="-4.649438"><ele>41.4</ele></trkpt>
    <trkpt lat="48.345980" lon="-4.648750"><ele>40.6</ele></trkpt>
    <trkpt lat="48.345842" lon="-4.648458"><ele>39.6</ele></trkpt>
    <trkpt lat="48.345712" lon="-4.648293"><ele>38.8</ele></trkpt>
    <trkpt lat="48.345605" lon="-4.647683"><ele>39.0</ele></trkpt>
    <trkpt lat="48.345612" lon="-4.647577"><ele>39.4</ele></trkpt>
    <trkpt lat="48.345702" lon="-4.647358"><ele>40.6</ele></trkpt>
    <trkpt lat="48.345853" lon="-4.647132"><ele>42.2</ele></trkpt>
    <trkpt lat="48.345895" lon="-4.646968"><ele>43.2</ele></trkpt>
    <trkpt lat="48.345867" lon="-4.646757"><ele>45.0</ele></trkpt>
    <trkpt lat="48.345662" lon="-4.646050"><ele>45.6</ele></trkpt>
    <trkpt lat="48.345720" lon="-4.645720"><ele>48.2</ele></trkpt>
    <trkpt lat="48.345600" lon="-4.645432"><ele>51.2</ele></trkpt>
    <trkpt lat="48.345698" lon="-4.645008"><ele>49.4</ele></trkpt>
    <trkpt lat="48.345645" lon="-4.644305"><ele>46.2</ele></trkpt>
    <trkpt lat="48.345678" lon="-4.644177"><ele>46.6</ele></trkpt>
    <trkpt lat="48.345775" lon="-4.644065"><ele>47.2</ele></trkpt>
    <trkpt lat="48.346217" lon="-4.643882"><ele>48.2</ele></trkpt>
    <trkpt lat="48.346263" lon="-4.643797"><ele>48.0</ele></trkpt>
    <trkpt lat="48.346280" lon="-4.643623"><ele>48.0</ele></trkpt>
    <trkpt lat="48.346235" lon="-4.643230"><ele>47.2</ele></trkpt>
    <trkpt lat="48.345977" lon="-4.642898"><ele>41.8</ele></trkpt>
    <trkpt lat="48.345775" lon="-4.642708"><ele>37.0</ele></trkpt>
    <trkpt lat="48.345610" lon="-4.642760"><ele>33.4</ele></trkpt>
    <trkpt lat="48.345517" lon="-4.642710"><ele>31.6</ele></trkpt>
    <trkpt lat="48.345555" lon="-4.642203"><ele>25.4</ele></trkpt>
    <trkpt lat="48.345690" lon="-4.641845"><ele>22.2</ele></trkpt>
    <trkpt lat="48.346240" lon="-4.641075"><ele>17.4</ele></trkpt>
    <trkpt lat="48.346885" lon="-4.640475"><ele>14.0</ele></trkpt>
    <trkpt lat="48.346980" lon="-4.640467"><ele>13.4</ele></trkpt>
    <trkpt lat="48.347312" lon="-4.640270"><ele>14.0</ele></trkpt>
    <trkpt lat="48.347515" lon="-4.639922"><ele>11.2</ele></trkpt>
    <trkpt lat="48.347673" lon="-4.639770"><ele>9.2</ele></trkpt>
    <trkpt lat="48.347668" lon="-4.639642"><ele>9.6</ele></trkpt>
    <trkpt lat="48.347643" lon="-4.639582"><ele>9.6</ele></trkpt>
    <trkpt lat="48.347597" lon="-4.639573"><ele>9.6</ele></trkpt>
    <trkpt lat="48.347332" lon="-4.639723"><ele>7.4</ele></trkpt>
    <trkpt lat="48.346900" lon="-4.639730"><ele>6.8</ele></trkpt>
    <trkpt lat="48.346687" lon="-4.639852"><ele>9.2</ele></trkpt>
    <trkpt lat="48.346237" lon="-4.639882"><ele>12.2</ele></trkpt>
    <trkpt lat="48.345965" lon="-4.639863"><ele>15.8</ele></trkpt>
    <trkpt lat="48.345902" lon="-4.639823"><ele>16.8</ele></trkpt>
    <trkpt lat="48.345823" lon="-4.639668"><ele>18.4</ele></trkpt>
    <trkpt lat="48.345772" lon="-4.639468"><ele>20.2</ele></trkpt>
    <trkpt lat="48.345740" lon="-4.638800"><ele>27.2</ele></trkpt>
    <trkpt lat="48.345463" lon="-4.638625"><ele>29.2</ele></trkpt>
    <trkpt lat="48.345315" lon="-4.638645"><ele>30.0</ele></trkpt>
    <trkpt lat="48.345157" lon="-4.638562"><ele>30.4</ele></trkpt>
    <trkpt lat="48.344982" lon="-4.638268"><ele>32.4</ele></trkpt>
    <trkpt lat="48.344933" lon="-4.637765"><ele>34.0</ele></trkpt>
    <trkpt lat="48.344798" lon="-4.637310"><ele>35.2</ele></trkpt>
    <trkpt lat="48.344708" lon="-4.636665"><ele>36.8</ele></trkpt>
    <trkpt lat="48.344590" lon="-4.636395"><ele>36.2</ele></trkpt>
    <trkpt lat="48.344482" lon="-4.636362"><ele>36.2</ele></trkpt>
    <trkpt lat="48.344322" lon="-4.636428"><ele>35.6</ele></trkpt>
    <trkpt lat="48.344202" lon="-4.636530"><ele>34.2</ele></trkpt>
    <trkpt lat="48.344153" lon="-4.636505"><ele>33.6</ele></trkpt>
    <trkpt lat="48.344183" lon="-4.636118"><ele>34.4</ele></trkpt>
    <trkpt lat="48.344165" lon="-4.635995"><ele>35.2</ele></trkpt>
    <trkpt lat="48.344015" lon="-4.635813"><ele>36.4</ele></trkpt>
    <trkpt lat="48.343920" lon="-4.635822"><ele>36.4</ele></trkpt>
    <trkpt lat="48.343820" lon="-4.635765"><ele>35.8</ele></trkpt>
    <trkpt lat="48.343627" lon="-4.635457"><ele>37.2</ele></trkpt>
    <trkpt lat="48.343555" lon="-4.635432"><ele>37.8</ele></trkpt>
    <trkpt lat="48.343352" lon="-4.635477"><ele>36.8</ele></trkpt>
    <trkpt lat="48.343238" lon="-4.635153"><ele>37.4</ele></trkpt>
    <trkpt lat="48.343038" lon="-4.634887"><ele>39.8</ele></trkpt>
    <trkpt lat="48.342988" lon="-4.634532"><ele>38.8</ele></trkpt>
    <trkpt lat="48.342885" lon="-4.634242"><ele>36.8</ele></trkpt>
    <trkpt lat="48.342945" lon="-4.633872"><ele>32.8</ele></trkpt>
    <trkpt lat="48.343553" lon="-4.633400"><ele>28.4</ele></trkpt>
    <trkpt lat="48.343875" lon="-4.632815"><ele>20.4</ele></trkpt>
    <trkpt lat="48.344125" lon="-4.632595"><ele>14.6</ele></trkpt>
    <trkpt lat="48.344098" lon="-4.632382"><ele>12.8</ele></trkpt>
    <trkpt lat="48.343923" lon="-4.632292"><ele>12.2</ele></trkpt>
    <trkpt lat="48.343665" lon="-4.632293"><ele>12.0</ele></trkpt>
    <trkpt lat="48.343507" lon="-4.632025"><ele>16.0</ele></trkpt>
    <trkpt lat="48.343117" lon="-4.631910"><ele>18.2</ele></trkpt>
    <trkpt lat="48.343035" lon="-4.631920"><ele>19.8</ele></trkpt>
    <trkpt lat="48.342765" lon="-4.631663"><ele>25.8</ele></trkpt>
    <trkpt lat="48.342510" lon="-4.631513"><ele>34.2</ele></trkpt>
    <trkpt lat="48.342307" lon="-4.631328"><ele>38.2</ele></trkpt>
    <trkpt lat="48.342255" lon="-4.631228"><ele>39.8</ele></trkpt>
    <trkpt lat="48.342215" lon="-4.631077"><ele>42.6</ele></trkpt>
    <trkpt lat="48.342218" lon="-4.630898"><ele>44.0</ele></trkpt>
    <trkpt lat="48.342167" lon="-4.630823"><ele>45.0</ele></trkpt>
    <trkpt lat="48.341812" lon="-4.630760"><ele>47.2</ele></trkpt>
    <trkpt lat="48.341358" lon="-4.630913"><ele>52.0</ele></trkpt>
    <trkpt lat="48.341235" lon="-4.630860"><ele>53.4</ele></trkpt>
    <trkpt lat="48.341125" lon="-4.630732"><ele>53.8</ele></trkpt>
    <trkpt lat="48.341118" lon="-4.630652"><ele>53.8</ele></trkpt>
    <trkpt lat="48.341173" lon="-4.630552"><ele>52.8</ele></trkpt>
    <trkpt lat="48.341393" lon="-4.630615"><ele>52.8</ele></trkpt>
    <trkpt lat="48.341467" lon="-4.630513"><ele>52.8</ele></trkpt>
    <trkpt lat="48.341478" lon="-4.630410"><ele>52.6</ele></trkpt>
    <trkpt lat="48.341198" lon="-4.629892"><ele>53.2</ele></trkpt>
    <trkpt lat="48.340838" lon="-4.629340"><ele>53.2</ele></trkpt>
    <trkpt lat="48.340735" lon="-4.628997"><ele>53.4</ele></trkpt>
    <trkpt lat="48.340745" lon="-4.628905"><ele>54.6</ele></trkpt>
    <trkpt lat="48.340868" lon="-4.628690"><ele>56.8</ele></trkpt>
    <trkpt lat="48.340977" lon="-4.628727"><ele>57.6</ele></trkpt>
    <trkpt lat="48.341033" lon="-4.628590"><ele>58.8</ele></trkpt>
    <trkpt lat="48.341158" lon="-4.628535"><ele>59.0</ele></trkpt>
    <trkpt lat="48.341238" lon="-4.627650"><ele>58.0</ele></trkpt>
    <trkpt lat="48.341307" lon="-4.627623"><ele>57.4</ele></trkpt>
    <trkpt lat="48.341537" lon="-4.627815"><ele>56.2</ele></trkpt>
    <trkpt lat="48.342092" lon="-4.627618"><ele>54.2</ele></trkpt>
    <trkpt lat="48.342167" lon="-4.627450"><ele>53.8</ele></trkpt>
    <trkpt lat="48.342130" lon="-4.627003"><ele>54.4</ele></trkpt>
    <trkpt lat="48.342045" lon="-4.626845"><ele>54.4</ele></trkpt>
    <trkpt lat="48.341405" lon="-4.626530"><ele>53.6</ele></trkpt>
    <trkpt lat="48.341210" lon="-4.626307"><ele>52.0</ele></trkpt>
    <trkpt lat="48.341060" lon="-4.625835"><ele>50.6</ele></trkpt>
    <trkpt lat="48.340977" lon="-4.625122"><ele>47.0</ele></trkpt>
    <trkpt lat="48.340818" lon="-4.624713"><ele>43.0</ele></trkpt>
    <trkpt lat="48.340810" lon="-4.624415"><ele>41.0</ele></trkpt>
    <trkpt lat="48.340712" lon="-4.624278"><ele>41.4</ele></trkpt>
    <trkpt lat="48.340588" lon="-4.624172"><ele>40.2</ele></trkpt>
    <trkpt lat="48.340347" lon="-4.624088"><ele>38.0</ele></trkpt>
    <trkpt lat="48.339605" lon="-4.624057"><ele>31.2</ele></trkpt>
    <trkpt lat="48.339363" lon="-4.623972"><ele>29.4</ele></trkpt>
    <trkpt lat="48.339307" lon="-4.623917"><ele>28.8</ele></trkpt>
    <trkpt lat="48.339342" lon="-4.623750"><ele>25.8</ele></trkpt>
    <trkpt lat="48.339468" lon="-4.623560"><ele>28.6</ele></trkpt>
    <trkpt lat="48.339465" lon="-4.623188"><ele>32.1</ele></trkpt>
    <trkpt lat="48.339491" lon="-4.623000"><ele>34.5</ele></trkpt>
    <trkpt lat="48.339430" lon="-4.622548"><ele>33.5</ele></trkpt>
    <trkpt lat="48.339436" lon="-4.622314"><ele>34.6</ele></trkpt>
    <trkpt lat="48.339327" lon="-4.622095"><ele>29.6</ele></trkpt>
    <trkpt lat="48.339233" lon="-4.621446"><ele>31.4</ele></trkpt>
    <trkpt lat="48.339333" lon="-4.620160"><ele>22.0</ele></trkpt>
    <trkpt lat="48.339434" lon="-4.619633"><ele>19.1</ele></trkpt>
    <trkpt lat="48.339434" lon="-4.619197"><ele>18.4</ele></trkpt>
    <trkpt lat="48.339487" lon="-4.619045"><ele>25.5</ele></trkpt>
    <trkpt lat="48.339400" lon="-4.618713"><ele>26.3</ele></trkpt>
    <trkpt lat="48.339353" lon="-4.618241"><ele>24.4</ele></trkpt>
    <trkpt lat="48.339364" lon="-4.617909"><ele>24.3</ele></trkpt>
    <trkpt lat="48.339421" lon="-4.617589"><ele>26.0</ele></trkpt>
    <trkpt lat="48.339601" lon="-4.616921"><ele>31.6</ele></trkpt>
    <trkpt lat="48.339664" lon="-4.616808"><ele>33.6</ele></trkpt>
    <trkpt lat="48.339782" lon="-4.616723"><ele>38.1</ele></trkpt>
    <trkpt lat="48.339950" lon="-4.616468"><ele>38.7</ele></trkpt>
    <trkpt lat="48.340269" lon="-4.615891"><ele>34.7</ele></trkpt>
    <trkpt lat="48.340515" lon="-4.615703"><ele>31.2</ele></trkpt>
    <trkpt lat="48.340813" lon="-4.615548"><ele>27.0</ele></trkpt>
    <trkpt lat="48.340850" lon="-4.615462"><ele>23.5</ele></trkpt>
    <trkpt lat="48.340819" lon="-4.615131"><ele>16.9</ele></trkpt>
    <trkpt lat="48.340702" lon="-4.615211"><ele>15.9</ele></trkpt>
    <trkpt lat="48.340109" lon="-4.615378"><ele>8.6</ele></trkpt>
    <trkpt lat="48.340036" lon="-4.615233"><ele>8.9</ele></trkpt>
    <trkpt lat="48.339873" lon="-4.615351"><ele>8.1</ele></trkpt>
    <trkpt lat="48.339131" lon="-4.615265"><ele>15.2</ele></trkpt>
    <trkpt lat="48.338713" lon="-4.614821"><ele>20.8</ele></trkpt>
    <trkpt lat="48.338686" lon="-4.614752"><ele>21.3</ele></trkpt>
    <trkpt lat="48.338735" lon="-4.614607"><ele>24.7</ele></trkpt>
    <trkpt lat="48.338928" lon="-4.614272"><ele>32.5</ele></trkpt>
    <trkpt lat="48.338907" lon="-4.613920"><ele>32.6</ele></trkpt>
    <trkpt lat="48.338659" lon="-4.613602"><ele>28.5</ele></trkpt>
    <trkpt lat="48.338666" lon="-4.612998"><ele>26.8</ele></trkpt>
    <trkpt lat="48.338729" lon="-4.612614"><ele>27.9</ele></trkpt>
    <trkpt lat="48.338866" lon="-4.612291"><ele>28.5</ele></trkpt>
    <trkpt lat="48.339090" lon="-4.612018"><ele>28.3</ele></trkpt>
    <trkpt lat="48.339187" lon="-4.611793"><ele>26.7</ele></trkpt>
    <trkpt lat="48.339381" lon="-4.611475"><ele>30.2</ele></trkpt>
    <trkpt lat="48.339353" lon="-4.611239"><ele>32.2</ele></trkpt>
    <trkpt lat="48.339188" lon="-4.610953"><ele>34.2</ele></trkpt>
    <trkpt lat="48.339140" lon="-4.610525"><ele>36.6</ele></trkpt>
    <trkpt lat="48.338893" lon="-4.609562"><ele>37.0</ele></trkpt>
    <trkpt lat="48.338803" lon="-4.608944"><ele>38.3</ele></trkpt>
    <trkpt lat="48.338755" lon="-4.608841"><ele>37.5</ele></trkpt>
    <trkpt lat="48.338812" lon="-4.608537"><ele>36.9</ele></trkpt>
    <trkpt lat="48.338755" lon="-4.608841"><ele>37.5</ele></trkpt>
    <trkpt lat="48.338803" lon="-4.608944"><ele>38.3</ele></trkpt>
    <trkpt lat="48.338893" lon="-4.609562"><ele>37.0</ele></trkpt>
    <trkpt lat="48.339140" lon="-4.610525"><ele>36.6</ele></trkpt>
    <trkpt lat="48.339188" lon="-4.610953"><ele>34.2</ele></trkpt>
    <trkpt lat="48.339353" lon="-4.611239"><ele>32.2</ele></trkpt>
    <trkpt lat="48.339381" lon="-4.611475"><ele>30.2</ele></trkpt>
    <trkpt lat="48.339187" lon="-4.611793"><ele>26.7</ele></trkpt>
    <trkpt lat="48.339090" lon="-4.612018"><ele>28.3</ele></trkpt>
    <trkpt lat="48.338866" lon="-4.612291"><ele>28.5</ele></trkpt>
    <trkpt lat="48.338729" lon="-4.612614"><ele>27.9</ele></trkpt>
    <trkpt lat="48.338666" lon="-4.612998"><ele>26.8</ele></trkpt>
    <trkpt lat="48.338659" lon="-4.613602"><ele>28.5</ele></trkpt>
    <trkpt lat="48.338907" lon="-4.613920"><ele>32.6</ele></trkpt>
    <trkpt lat="48.338928" lon="-4.614272"><ele>32.5</ele></trkpt>
    <trkpt lat="48.338735" lon="-4.614607"><ele>24.7</ele></trkpt>
    <trkpt lat="48.338686" lon="-4.614752"><ele>21.3</ele></trkpt>
    <trkpt lat="48.338713" lon="-4.614821"><ele>20.8</ele></trkpt>
    <trkpt lat="48.339131" lon="-4.615265"><ele>15.2</ele></trkpt>
    <trkpt lat="48.339873" lon="-4.615351"><ele>8.1</ele></trkpt>
    <trkpt lat="48.340036" lon="-4.615233"><ele>8.9</ele></trkpt>
    <trkpt lat="48.340109" lon="-4.615378"><ele>8.6</ele></trkpt>
    <trkpt lat="48.340702" lon="-4.615211"><ele>15.9</ele></trkpt>
    <trkpt lat="48.340819" lon="-4.615131"><ele>16.9</ele></trkpt>
    <trkpt lat="48.340850" lon="-4.615462"><ele>23.5</ele></trkpt>
    <trkpt lat="48.340813" lon="-4.615548"><ele>27.0</ele></trkpt>
    <trkpt lat="48.340515" lon="-4.615703"><ele>31.2</ele></trkpt>
    <trkpt lat="48.340269" lon="-4.615891"><ele>34.7</ele></trkpt>
    <trkpt lat="48.339950" lon="-4.616468"><ele>38.7</ele></trkpt>
    <trkpt lat="48.339782" lon="-4.616723"><ele>38.1</ele></trkpt>
    <trkpt lat="48.339664" lon="-4.616808"><ele>33.6</ele></trkpt>
    <trkpt lat="48.339601" lon="-4.616921"><ele>31.6</ele></trkpt>
    <trkpt lat="48.339421" lon="-4.617589"><ele>26.0</ele></trkpt>
    <trkpt lat="48.339364" lon="-4.617909"><ele>24.3</ele></trkpt>
    <trkpt lat="48.339353" lon="-4.618241"><ele>24.4</ele></trkpt>
    <trkpt lat="48.339400" lon="-4.618713"><ele>26.3</ele></trkpt>
    <trkpt lat="48.339487" lon="-4.619045"><ele>25.5</ele></trkpt>
    <trkpt lat="48.339434" lon="-4.619197"><ele>18.4</ele></trkpt>
    <trkpt lat="48.339434" lon="-4.619633"><ele>19.1</ele></trkpt>
    <trkpt lat="48.339333" lon="-4.620160"><ele>22.0</ele></trkpt>
    <trkpt lat="48.339233" lon="-4.621446"><ele>31.4</ele></trkpt>
    <trkpt lat="48.339327" lon="-4.622095"><ele>29.6</ele></trkpt>
    <trkpt lat="48.339436" lon="-4.622314"><ele>34.6</ele></trkpt>
    <trkpt lat="48.339430" lon="-4.622548"><ele>33.5</ele></trkpt>
    <trkpt lat="48.339491" lon="-4.623000"><ele>34.5</ele></trkpt>
    <trkpt lat="48.339465" lon="-4.623188"><ele>32.1</ele></trkpt>
    <trkpt lat="48.339468" lon="-4.623560"><ele>28.6</ele></trkpt>
    <trkpt lat="48.339342" lon="-4.623750"><ele>25.8</ele></trkpt>
    <trkpt lat="48.339326" lon="-4.623832"><ele>27.0</ele></trkpt>
    <trkpt lat="48.339402" lon="-4.623957"><ele>29.4</ele></trkpt>
    <trkpt lat="48.339622" lon="-4.624063"><ele>31.4</ele></trkpt>
    <trkpt lat="48.340448" lon="-4.624120"><ele>38.8</ele></trkpt>
    <trkpt lat="48.340773" lon="-4.624355"><ele>42.0</ele></trkpt>
    <trkpt lat="48.340813" lon="-4.624472"><ele>42.0</ele></trkpt>
    <trkpt lat="48.340827" lon="-4.624735"><ele>42.2</ele></trkpt>
    <trkpt lat="48.340990" lon="-4.625095"><ele>41.8</ele></trkpt>
    <trkpt lat="48.341035" lon="-4.625608"><ele>44.2</ele></trkpt>
    <trkpt lat="48.341110" lon="-4.625968"><ele>45.2</ele></trkpt>
    <trkpt lat="48.341217" lon="-4.626250"><ele>46.4</ele></trkpt>
    <trkpt lat="48.341318" lon="-4.626423"><ele>47.6</ele></trkpt>
    <trkpt lat="48.341407" lon="-4.626503"><ele>49.0</ele></trkpt>
    <trkpt lat="48.342030" lon="-4.626840"><ele>52.6</ele></trkpt>
    <trkpt lat="48.342130" lon="-4.626962"><ele>52.8</ele></trkpt>
    <trkpt lat="48.342160" lon="-4.627103"><ele>52.8</ele></trkpt>
    <trkpt lat="48.342182" lon="-4.627522"><ele>52.2</ele></trkpt>
    <trkpt lat="48.342103" lon="-4.627632"><ele>52.2</ele></trkpt>
    <trkpt lat="48.341513" lon="-4.627790"><ele>58.8</ele></trkpt>
    <trkpt lat="48.341298" lon="-4.627620"><ele>60.0</ele></trkpt>
    <trkpt lat="48.341225" lon="-4.627637"><ele>60.0</ele></trkpt>
    <trkpt lat="48.341195" lon="-4.627743"><ele>60.0</ele></trkpt>
    <trkpt lat="48.341152" lon="-4.628563"><ele>59.8</ele></trkpt>
    <trkpt lat="48.341045" lon="-4.628622"><ele>59.6</ele></trkpt>
    <trkpt lat="48.341005" lon="-4.628738"><ele>60.2</ele></trkpt>
    <trkpt lat="48.340895" lon="-4.628698"><ele>59.6</ele></trkpt>
    <trkpt lat="48.340860" lon="-4.628725"><ele>59.0</ele></trkpt>
    <trkpt lat="48.340757" lon="-4.628927"><ele>58.2</ele></trkpt>
    <trkpt lat="48.340758" lon="-4.629093"><ele>57.2</ele></trkpt>
    <trkpt lat="48.340862" lon="-4.629385"><ele>53.8</ele></trkpt>
    <trkpt lat="48.341350" lon="-4.630155"><ele>50.6</ele></trkpt>
    <trkpt lat="48.341483" lon="-4.630452"><ele>49.8</ele></trkpt>
    <trkpt lat="48.341468" lon="-4.630565"><ele>50.0</ele></trkpt>
    <trkpt lat="48.341387" lon="-4.630627"><ele>49.8</ele></trkpt>
    <trkpt lat="48.341177" lon="-4.630568"><ele>50.6</ele></trkpt>
    <trkpt lat="48.341122" lon="-4.630760"><ele>52.4</ele></trkpt>
    <trkpt lat="48.341212" lon="-4.630872"><ele>52.4</ele></trkpt>
    <trkpt lat="48.341335" lon="-4.630927"><ele>52.0</ele></trkpt>
    <trkpt lat="48.341815" lon="-4.630770"><ele>53.2</ele></trkpt>
    <trkpt lat="48.342178" lon="-4.630842"><ele>50.6</ele></trkpt>
    <trkpt lat="48.342235" lon="-4.630932"><ele>50.0</ele></trkpt>
    <trkpt lat="48.342223" lon="-4.631128"><ele>50.0</ele></trkpt>
    <trkpt lat="48.342257" lon="-4.631258"><ele>49.4</ele></trkpt>
    <trkpt lat="48.342367" lon="-4.631445"><ele>47.8</ele></trkpt>
    <trkpt lat="48.342485" lon="-4.631555"><ele>45.6</ele></trkpt>
    <trkpt lat="48.342730" lon="-4.631667"><ele>41.2</ele></trkpt>
    <trkpt lat="48.343000" lon="-4.631913"><ele>33.6</ele></trkpt>
    <trkpt lat="48.343510" lon="-4.632033"><ele>28.2</ele></trkpt>
    <trkpt lat="48.343688" lon="-4.632325"><ele>24.4</ele></trkpt>
    <trkpt lat="48.343962" lon="-4.632320"><ele>20.2</ele></trkpt>
    <trkpt lat="48.344108" lon="-4.632388"><ele>17.6</ele></trkpt>
    <trkpt lat="48.344155" lon="-4.632530"><ele>16.2</ele></trkpt>
    <trkpt lat="48.344148" lon="-4.632625"><ele>16.0</ele></trkpt>
    <trkpt lat="48.343897" lon="-4.632827"><ele>17.0</ele></trkpt>
    <trkpt lat="48.343527" lon="-4.633445"><ele>23.8</ele></trkpt>
    <trkpt lat="48.342930" lon="-4.633917"><ele>24.8</ele></trkpt>
    <trkpt lat="48.342887" lon="-4.634242"><ele>29.8</ele></trkpt>
    <trkpt lat="48.342995" lon="-4.634547"><ele>35.4</ele></trkpt>
    <trkpt lat="48.343042" lon="-4.634917"><ele>37.0</ele></trkpt>
    <trkpt lat="48.343227" lon="-4.635188"><ele>37.6</ele></trkpt>
    <trkpt lat="48.343370" lon="-4.635517"><ele>36.2</ele></trkpt>
    <trkpt lat="48.343623" lon="-4.635457"><ele>36.6</ele></trkpt>
    <trkpt lat="48.343850" lon="-4.635802"><ele>38.2</ele></trkpt>
    <trkpt lat="48.344040" lon="-4.635838"><ele>37.0</ele></trkpt>
    <trkpt lat="48.344152" lon="-4.635963"><ele>38.0</ele></trkpt>
    <trkpt lat="48.344207" lon="-4.636152"><ele>38.0</ele></trkpt>
    <trkpt lat="48.344148" lon="-4.636425"><ele>36.4</ele></trkpt>
    <trkpt lat="48.344162" lon="-4.636543"><ele>35.4</ele></trkpt>
    <trkpt lat="48.344245" lon="-4.636547"><ele>34.2</ele></trkpt>
    <trkpt lat="48.344330" lon="-4.636470"><ele>33.8</ele></trkpt>
    <trkpt lat="48.344520" lon="-4.636395"><ele>35.2</ele></trkpt>
    <trkpt lat="48.344605" lon="-4.636448"><ele>36.0</ele></trkpt>
    <trkpt lat="48.344723" lon="-4.636708"><ele>36.2</ele></trkpt>
    <trkpt lat="48.344808" lon="-4.637383"><ele>36.6</ele></trkpt>
    <trkpt lat="48.344955" lon="-4.637787"><ele>34.4</ele></trkpt>
    <trkpt lat="48.344958" lon="-4.638102"><ele>33.8</ele></trkpt>
    <trkpt lat="48.344992" lon="-4.638305"><ele>33.0</ele></trkpt>
    <trkpt lat="48.345073" lon="-4.638467"><ele>32.0</ele></trkpt>
    <trkpt lat="48.345182" lon="-4.638585"><ele>32.4</ele></trkpt>
    <trkpt lat="48.345315" lon="-4.638647"><ele>32.8</ele></trkpt>
    <trkpt lat="48.345482" lon="-4.638648"><ele>32.6</ele></trkpt>
    <trkpt lat="48.345758" lon="-4.638820"><ele>32.2</ele></trkpt>
    <trkpt lat="48.345793" lon="-4.639572"><ele>26.6</ele></trkpt>
    <trkpt lat="48.345895" lon="-4.639823"><ele>25.2</ele></trkpt>
    <trkpt lat="48.345973" lon="-4.639873"><ele>24.4</ele></trkpt>
    <trkpt lat="48.346338" lon="-4.639908"><ele>22.0</ele></trkpt>
    <trkpt lat="48.346950" lon="-4.639718"><ele>13.8</ele></trkpt>
    <trkpt lat="48.347338" lon="-4.639740"><ele>14.2</ele></trkpt>
    <trkpt lat="48.347638" lon="-4.639597"><ele>15.8</ele></trkpt>
    <trkpt lat="48.347673" lon="-4.639655"><ele>16.0</ele></trkpt>
    <trkpt lat="48.347667" lon="-4.639800"><ele>16.0</ele></trkpt>
    <trkpt lat="48.347533" lon="-4.639918"><ele>14.8</ele></trkpt>
    <trkpt lat="48.347308" lon="-4.640295"><ele>13.2</ele></trkpt>
    <trkpt lat="48.346980" lon="-4.640515"><ele>11.4</ele></trkpt>
    <trkpt lat="48.346830" lon="-4.640530"><ele>10.6</ele></trkpt>
    <trkpt lat="48.346640" lon="-4.640717"><ele>11.0</ele></trkpt>
    <trkpt lat="48.346422" lon="-4.640862"><ele>11.8</ele></trkpt>
    <trkpt lat="48.346197" lon="-4.641100"><ele>13.2</ele></trkpt>
    <trkpt lat="48.345695" lon="-4.641835"><ele>17.0</ele></trkpt>
    <trkpt lat="48.345553" lon="-4.642223"><ele>19.0</ele></trkpt>
    <trkpt lat="48.345533" lon="-4.642668"><ele>26.4</ele></trkpt>
    <trkpt lat="48.345558" lon="-4.642735"><ele>28.0</ele></trkpt>
    <trkpt lat="48.345767" lon="-4.642727"><ele>34.6</ele></trkpt>
    <trkpt lat="48.345977" lon="-4.642913"><ele>38.8</ele></trkpt>
    <trkpt lat="48.346188" lon="-4.643210"><ele>45.0</ele></trkpt>
    <trkpt lat="48.346242" lon="-4.643240"><ele>45.8</ele></trkpt>
    <trkpt lat="48.346273" lon="-4.643640"><ele>47.0</ele></trkpt>
    <trkpt lat="48.346257" lon="-4.643815"><ele>47.4</ele></trkpt>
    <trkpt lat="48.346227" lon="-4.643868"><ele>47.6</ele></trkpt>
    <trkpt lat="48.345763" lon="-4.644095"><ele>47.8</ele></trkpt>
    <trkpt lat="48.345667" lon="-4.644315"><ele>46.2</ele></trkpt>
    <trkpt lat="48.345715" lon="-4.644992"><ele>42.8</ele></trkpt>
    <trkpt lat="48.345613" lon="-4.645463"><ele>46.2</ele></trkpt>
    <trkpt lat="48.345737" lon="-4.645743"><ele>48.6</ele></trkpt>
    <trkpt lat="48.345680" lon="-4.646140"><ele>47.0</ele></trkpt>
    <trkpt lat="48.345878" lon="-4.646825"><ele>45.2</ele></trkpt>
    <trkpt lat="48.345897" lon="-4.646988"><ele>45.8</ele></trkpt>
    <trkpt lat="48.345835" lon="-4.647218"><ele>45.2</ele></trkpt>
    <trkpt lat="48.345647" lon="-4.647605"><ele>42.6</ele></trkpt>
    <trkpt lat="48.345632" lon="-4.647725"><ele>41.6</ele></trkpt>
    <trkpt lat="48.345740" lon="-4.648355"><ele>38.8</ele></trkpt>
    <trkpt lat="48.345827" lon="-4.648447"><ele>39.6</ele></trkpt>
    <trkpt lat="48.345972" lon="-4.648720"><ele>42.2</ele></trkpt>
    <trkpt lat="48.346170" lon="-4.649415"><ele>45.2</ele></trkpt>
    <trkpt lat="48.346152" lon="-4.649610"><ele>45.2</ele></trkpt>
    <trkpt lat="48.345810" lon="-4.650355"><ele>37.2</ele></trkpt>
    <trkpt lat="48.345778" lon="-4.650518"><ele>36.4</ele></trkpt>
    <trkpt lat="48.345795" lon="-4.650637"><ele>35.8</ele></trkpt>
    <trkpt lat="48.345960" lon="-4.650855"><ele>34.4</ele></trkpt>
    <trkpt lat="48.346060" lon="-4.651270"><ele>34.4</ele></trkpt>
    <trkpt lat="48.346365" lon="-4.651618"><ele>37.8</ele></trkpt>
    <trkpt lat="48.346383" lon="-4.651733"><ele>39.8</ele></trkpt>
    <trkpt lat="48.346357" lon="-4.651950"><ele>40.2</ele></trkpt>
    <trkpt lat="48.346433" lon="-4.652168"><ele>40.2</ele></trkpt>
    <trkpt lat="48.346578" lon="-4.652378"><ele>39.8</ele></trkpt>
    <trkpt lat="48.346872" lon="-4.652640"><ele>42.4</ele></trkpt>
    <trkpt lat="48.347018" lon="-4.653098"><ele>43.8</ele></trkpt>
    <trkpt lat="48.347233" lon="-4.653408"><ele>44.8</ele></trkpt>
    <trkpt lat="48.347570" lon="-4.653705"><ele>45.8</ele></trkpt>
    <trkpt lat="48.347762" lon="-4.653782"><ele>45.2</ele></trkpt>
    <trkpt lat="48.347967" lon="-4.653805"><ele>44.6</ele></trkpt>
    <trkpt lat="48.348228" lon="-4.653682"><ele>44.2</ele></trkpt>
    <trkpt lat="48.348460" lon="-4.654008"><ele>39.4</ele></trkpt>
    <trkpt lat="48.348623" lon="-4.654557"><ele>36.6</ele></trkpt>
    <trkpt lat="48.348847" lon="-4.654843"><ele>34.4</ele></trkpt>
    <trkpt lat="48.348953" lon="-4.655163"><ele>31.2</ele></trkpt>
    <trkpt lat="48.348992" lon="-4.655422"><ele>33.2</ele></trkpt>
    <trkpt lat="48.348880" lon="-4.655848"><ele>35.2</ele></trkpt>
    <trkpt lat="48.348900" lon="-4.656222"><ele>35.6</ele></trkpt>
    <trkpt lat="48.348978" lon="-4.656375"><ele>35.8</ele></trkpt>
    <trkpt lat="48.349240" lon="-4.656485"><ele>36.2</ele></trkpt>
    <trkpt lat="48.349323" lon="-4.656628"><ele>36.8</ele></trkpt>
    <trkpt lat="48.349413" lon="-4.656962"><ele>35.6</ele></trkpt>
    <trkpt lat="48.349522" lon="-4.657622"><ele>29.6</ele></trkpt>
    <trkpt lat="48.349707" lon="-4.657792"><ele>27.2</ele></trkpt>
    <trkpt lat="48.349845" lon="-4.658043"><ele>27.0</ele></trkpt>
    <trkpt lat="48.350007" lon="-4.658150"><ele>26.6</ele></trkpt>
    <trkpt lat="48.350113" lon="-4.658288"><ele>25.4</ele></trkpt>
    <trkpt lat="48.350407" lon="-4.658797"><ele>25.0</ele></trkpt>
    <trkpt lat="48.350493" lon="-4.659102"><ele>23.8</ele></trkpt>
    <trkpt lat="48.350430" lon="-4.659565"><ele>22.8</ele></trkpt>
    <trkpt lat="48.350603" lon="-4.659843"><ele>22.4</ele></trkpt>
    <trkpt lat="48.350723" lon="-4.659960"><ele>22.8</ele></trkpt>
    <trkpt lat="48.350795" lon="-4.660168"><ele>23.4</ele></trkpt>
    <trkpt lat="48.350792" lon="-4.660378"><ele>23.0</ele></trkpt>
    <trkpt lat="48.350818" lon="-4.660485"><ele>22.4</ele></trkpt>
    <trkpt lat="48.350962" lon="-4.660642"><ele>24.2</ele></trkpt>
    <trkpt lat="48.351017" lon="-4.660768"><ele>25.8</ele></trkpt>
    <trkpt lat="48.350960" lon="-4.661082"><ele>26.4</ele></trkpt>
    <trkpt lat="48.350960" lon="-4.661510"><ele>28.6</ele></trkpt>
    <trkpt lat="48.351082" lon="-4.661525"><ele>31.0</ele></trkpt>
    <trkpt lat="48.351287" lon="-4.662007"><ele>31.0</ele></trkpt>
    <trkpt lat="48.351725" lon="-4.662613"><ele>28.4</ele></trkpt>
    <trkpt lat="48.352122" lon="-4.662767"><ele>29.8</ele></trkpt>
    <trkpt lat="48.352662" lon="-4.662833"><ele>34.0</ele></trkpt>
    <trkpt lat="48.353655" lon="-4.662710"><ele>39.8</ele></trkpt>
    <trkpt lat="48.353923" lon="-4.662743"><ele>41.8</ele></trkpt>
    <trkpt lat="48.353928" lon="-4.662817"><ele>41.8</ele></trkpt>
    <trkpt lat="48.353852" lon="-4.663073"><ele>40.4</ele></trkpt>
    <trkpt lat="48.353380" lon="-4.664405"><ele>32.8</ele></trkpt>
    <trkpt lat="48.353288" lon="-4.664848"><ele>30.4</ele></trkpt>
    <trkpt lat="48.353220" lon="-4.665563"><ele>26.2</ele></trkpt>
    <trkpt lat="48.353102" lon="-4.667663"><ele>20.6</ele></trkpt>
    <trkpt lat="48.353015" lon="-4.667882"><ele>21.6</ele></trkpt>
    <trkpt lat="48.352820" lon="-4.668063"><ele>22.0</ele></trkpt>
    <trkpt lat="48.352760" lon="-4.668172"><ele>22.0</ele></trkpt>
    <trkpt lat="48.352725" lon="-4.668932"><ele>19.4</ele></trkpt>
    <trkpt lat="48.352742" lon="-4.669107"><ele>18.8</ele></trkpt>
    <trkpt lat="48.352943" lon="-4.669817"><ele>19.0</ele></trkpt>
    <trkpt lat="48.353227" lon="-4.670408"><ele>19.0</ele></trkpt>
    <trkpt lat="48.353320" lon="-4.670695"><ele>20.4</ele></trkpt>
    <trkpt lat="48.353497" lon="-4.670998"><ele>21.8</ele></trkpt>
    <trkpt lat="48.353553" lon="-4.671520"><ele>19.4</ele></trkpt>
    <trkpt lat="48.353695" lon="-4.671942"><ele>18.2</ele></trkpt>
    <trkpt lat="48.353808" lon="-4.672157"><ele>17.2</ele></trkpt>
    <trkpt lat="48.353933" lon="-4.672298"><ele>16.8</ele></trkpt>
    <trkpt lat="48.354270" lon="-4.672517"><ele>16.4</ele></trkpt>
    <trkpt lat="48.354540" lon="-4.673213"><ele>15.0</ele></trkpt>
    <trkpt lat="48.354637" lon="-4.673598"><ele>12.8</ele></trkpt>
    <trkpt lat="48.354632" lon="-4.674102"><ele>10.8</ele></trkpt>
    <trkpt lat="48.354693" lon="-4.674830"><ele>8.8</ele></trkpt>
    <trkpt lat="48.354802" lon="-4.675393"><ele>14.2</ele></trkpt>
    <trkpt lat="48.354853" lon="-4.675948"><ele>14.4</ele></trkpt>
    <trkpt lat="48.354908" lon="-4.676225"><ele>14.4</ele></trkpt>
    <trkpt lat="48.355160" lon="-4.676905"><ele>19.6</ele></trkpt>
    <trkpt lat="48.355223" lon="-4.677588"><ele>20.6</ele></trkpt>
    <trkpt lat="48.355470" lon="-4.678162"><ele>18.0</ele></trkpt>
    <trkpt lat="48.355648" lon="-4.678305"><ele>17.6</ele></trkpt>
    <trkpt lat="48.355815" lon="-4.678515"><ele>16.6</ele></trkpt>
    <trkpt lat="48.355992" lon="-4.678870"><ele>15.2</ele></trkpt>
    <trkpt lat="48.356188" lon="-4.678905"><ele>13.8</ele></trkpt>
    <trkpt lat="48.356257" lon="-4.678968"><ele>13.8</ele></trkpt>
    <trkpt lat="48.356290" lon="-4.679078"><ele>14.0</ele></trkpt>
    <trkpt lat="48.356305" lon="-4.679540"><ele>15.4</ele></trkpt>
    <trkpt lat="48.356228" lon="-4.680020"><ele>16.6</ele></trkpt>
    <trkpt lat="48.356092" lon="-4.680297"><ele>15.6</ele></trkpt>
    <trkpt lat="48.356053" lon="-4.680567"><ele>14.8</ele></trkpt>
    <trkpt lat="48.356073" lon="-4.680735"><ele>14.8</ele></trkpt>
    <trkpt lat="48.356048" lon="-4.680798"><ele>15.0</ele></trkpt>
    <trkpt lat="48.355785" lon="-4.681165"><ele>16.4</ele></trkpt>
    <trkpt lat="48.355395" lon="-4.681583"><ele>21.8</ele></trkpt>
    <trkpt lat="48.355297" lon="-4.682063"><ele>23.8</ele></trkpt>
    <trkpt lat="48.355077" lon="-4.682302"><ele>25.6</ele></trkpt>
    <trkpt lat="48.355003" lon="-4.682333"><ele>26.0</ele></trkpt>
    <trkpt lat="48.354698" lon="-4.682148"><ele>26.2</ele></trkpt>
    <trkpt lat="48.354608" lon="-4.682175"><ele>25.8</ele></trkpt>
    <trkpt lat="48.354505" lon="-4.682382"><ele>26.0</ele></trkpt>
    <trkpt lat="48.354373" lon="-4.682520"><ele>26.0</ele></trkpt>
    <trkpt lat="48.354383" lon="-4.682772"><ele>26.4</ele></trkpt>
    <trkpt lat="48.354357" lon="-4.682842"><ele>26.8</ele></trkpt>
    <trkpt lat="48.354315" lon="-4.682898"><ele>26.8</ele></trkpt>
    <trkpt lat="48.354118" lon="-4.682990"><ele>24.8</ele></trkpt>
    <trkpt lat="48.354043" lon="-4.683087"><ele>24.2</ele></trkpt>
    <trkpt lat="48.353908" lon="-4.683642"><ele>21.2</ele></trkpt>
    <trkpt lat="48.353950" lon="-4.684032"><ele>22.0</ele></trkpt>
    <trkpt lat="48.353887" lon="-4.684227"><ele>23.4</ele></trkpt>
    <trkpt lat="48.353738" lon="-4.684338"><ele>23.0</ele></trkpt>
    <trkpt lat="48.353630" lon="-4.684712"><ele>22.8</ele></trkpt>
    <trkpt lat="48.353742" lon="-4.685088"><ele>25.0</ele></trkpt>
    <trkpt lat="48.353817" lon="-4.685178"><ele>25.6</ele></trkpt>
    <trkpt lat="48.354132" lon="-4.685258"><ele>28.2</ele></trkpt>
    <trkpt lat="48.354188" lon="-4.685198"><ele>28.6</ele></trkpt>
    <trkpt lat="48.354398" lon="-4.685167"><ele>28.2</ele></trkpt>
    <trkpt lat="48.354585" lon="-4.685212"><ele>30.8</ele></trkpt>
    <trkpt lat="48.354635" lon="-4.685293"><ele>32.0</ele></trkpt>
    <trkpt lat="48.354575" lon="-4.687237"><ele>28.6</ele></trkpt>
    <trkpt lat="48.354825" lon="-4.688215"><ele>24.0</ele></trkpt>
    <trkpt lat="48.354770" lon="-4.688745"><ele>22.6</ele></trkpt>
    <trkpt lat="48.354773" lon="-4.688965"><ele>21.4</ele></trkpt>
    <trkpt lat="48.354867" lon="-4.689280"><ele>20.0</ele></trkpt>
    <trkpt lat="48.354842" lon="-4.689395"><ele>19.6</ele></trkpt>
    <trkpt lat="48.354667" lon="-4.689623"><ele>18.2</ele></trkpt>
    <trkpt lat="48.354630" lon="-4.689843"><ele>16.6</ele></trkpt>
    <trkpt lat="48.354668" lon="-4.690055"><ele>14.8</ele></trkpt>
    <trkpt lat="48.354865" lon="-4.690395"><ele>11.4</ele></trkpt>
    <trkpt lat="48.354893" lon="-4.690837"><ele>8.8</ele></trkpt>
    <trkpt lat="48.354877" lon="-4.691108"><ele>10.8</ele></trkpt>
    <trkpt lat="48.354940" lon="-4.691177"><ele>12.2</ele></trkpt>
    <trkpt lat="48.354727" lon="-4.691500"><ele>15.4</ele></trkpt>
    <trkpt lat="48.354543" lon="-4.691672"><ele>17.8</ele></trkpt>
    <trkpt lat="48.354532" lon="-4.691797"><ele>19.2</ele></trkpt>
    <trkpt lat="48.354448" lon="-4.691945"><ele>19.6</ele></trkpt>
    <trkpt lat="48.354357" lon="-4.692025"><ele>20.4</ele></trkpt>
    <trkpt lat="48.353968" lon="-4.692205"><ele>19.0</ele></trkpt>
    <trkpt lat="48.353822" lon="-4.692433"><ele>18.8</ele></trkpt>
    <trkpt lat="48.353638" lon="-4.693115"><ele>20.6</ele></trkpt>
    <trkpt lat="48.353598" lon="-4.693365"><ele>20.4</ele></trkpt>
    <trkpt lat="48.353593" lon="-4.693628"><ele>20.2</ele></trkpt>
    <trkpt lat="48.353642" lon="-4.694077"><ele>19.2</ele></trkpt>
    <trkpt lat="48.353618" lon="-4.694692"><ele>17.4</ele></trkpt>
    <trkpt lat="48.353412" lon="-4.695203"><ele>17.8</ele></trkpt>
    <trkpt lat="48.353392" lon="-4.695318"><ele>19.2</ele></trkpt>
    <trkpt lat="48.353412" lon="-4.695378"><ele>19.6</ele></trkpt>
    <trkpt lat="48.353190" lon="-4.695675"><ele>20.6</ele></trkpt>
    <trkpt lat="48.353087" lon="-4.695737"><ele>21.4</ele></trkpt>
    <trkpt lat="48.352913" lon="-4.695945"><ele>21.6</ele></trkpt>
    <trkpt lat="48.352728" lon="-4.696357"><ele>21.0</ele></trkpt>
    <trkpt lat="48.352525" lon="-4.696503"><ele>20.6</ele></trkpt>
    <trkpt lat="48.352438" lon="-4.696652"><ele>20.4</ele></trkpt>
    <trkpt lat="48.352412" lon="-4.696808"><ele>20.4</ele></trkpt>
    <trkpt lat="48.352437" lon="-4.696963"><ele>20.6</ele></trkpt>
    <trkpt lat="48.352692" lon="-4.697233"><ele>22.2</ele></trkpt>
    <trkpt lat="48.352780" lon="-4.697403"><ele>23.6</ele></trkpt>
    <trkpt lat="48.352438" lon="-4.698092"><ele>22.0</ele></trkpt>
    <trkpt lat="48.352400" lon="-4.698235"><ele>22.0</ele></trkpt>
    <trkpt lat="48.352407" lon="-4.698423"><ele>22.2</ele></trkpt>
    <trkpt lat="48.352522" lon="-4.698773"><ele>24.2</ele></trkpt>
    <trkpt lat="48.352582" lon="-4.699112"><ele>25.0</ele></trkpt>
    <trkpt lat="48.352580" lon="-4.699385"><ele>25.4</ele></trkpt>
    <trkpt lat="48.352473" lon="-4.699585"><ele>24.4</ele></trkpt>
    <trkpt lat="48.352370" lon="-4.699630"><ele>23.8</ele></trkpt>
    <trkpt lat="48.351973" lon="-4.699600"><ele>21.8</ele></trkpt>
    <trkpt lat="48.351420" lon="-4.699737"><ele>16.6</ele></trkpt>
    <trkpt lat="48.350947" lon="-4.699760"><ele>12.6</ele></trkpt>
    <trkpt lat="48.350815" lon="-4.699852"><ele>11.2</ele></trkpt>
    <trkpt lat="48.350660" lon="-4.700148"><ele>9.2</ele></trkpt>
    <trkpt lat="48.350595" lon="-4.699978"><ele>9.2</ele></trkpt>
    <trkpt lat="48.350523" lon="-4.699937"><ele>8.6</ele></trkpt>
    <trkpt lat="48.350123" lon="-4.700380"><ele>4.0</ele></trkpt>
    <trkpt lat="48.349938" lon="-4.700695"><ele>2.2</ele></trkpt>
    <trkpt lat="48.349767" lon="-4.700908"><ele>1.4</ele></trkpt>
    <trkpt lat="48.348852" lon="-4.701605"><ele>3.6</ele></trkpt>
    <trkpt lat="48.347692" lon="-4.702395"><ele>3.8</ele></trkpt>
    <trkpt lat="48.347247" lon="-4.702628"><ele>4.6</ele></trkpt>
    <trkpt lat="48.346833" lon="-4.702765"><ele>5.6</ele></trkpt>
    <trkpt lat="48.346412" lon="-4.702827"><ele>7.2</ele></trkpt>
    <trkpt lat="48.345367" lon="-4.702638"><ele>5.2</ele></trkpt>
    <trkpt lat="48.345277" lon="-4.702678"><ele>5.2</ele></trkpt>
    <trkpt lat="48.345207" lon="-4.702570"><ele>5.2</ele></trkpt>
    <trkpt lat="48.345095" lon="-4.702622"><ele>5.8</ele></trkpt>
    <trkpt lat="48.344953" lon="-4.702787"><ele>7.8</ele></trkpt>
    <trkpt lat="48.344902" lon="-4.702753"><ele>8.8</ele></trkpt>
    <trkpt lat="48.344892" lon="-4.702672"><ele>9.0</ele></trkpt>
    <trkpt lat="48.344918" lon="-4.702117"><ele>12.0</ele></trkpt>
    <trkpt lat="48.344890" lon="-4.701923"><ele>12.4</ele></trkpt>
    <trkpt lat="48.344777" lon="-4.701790"><ele>13.2</ele></trkpt>
    <trkpt lat="48.344180" lon="-4.701360"><ele>16.4</ele></trkpt>
    <trkpt lat="48.344010" lon="-4.701300"><ele>16.8</ele></trkpt>
    <trkpt lat="48.343668" lon="-4.701378"><ele>17.6</ele></trkpt>
    <trkpt lat="48.343308" lon="-4.701340"><ele>18.0</ele></trkpt>
    <trkpt lat="48.342982" lon="-4.701572"><ele>17.6</ele></trkpt>
    <trkpt lat="48.342852" lon="-4.701583"><ele>17.6</ele></trkpt>
    <trkpt lat="48.342728" lon="-4.701508"><ele>18.2</ele></trkpt>
    <trkpt lat="48.342483" lon="-4.701198"><ele>20.2</ele></trkpt>
    <trkpt lat="48.342080" lon="-4.700927"><ele>22.0</ele></trkpt>
    <trkpt lat="48.341867" lon="-4.700847"><ele>25.0</ele></trkpt>
    <trkpt lat="48.341525" lon="-4.700635"><ele>32.4</ele></trkpt>
    <trkpt lat="48.341185" lon="-4.700580"><ele>32.6</ele></trkpt>
    <trkpt lat="48.340670" lon="-4.700667"><ele>25.4</ele></trkpt>
    <trkpt lat="48.340393" lon="-4.700927"><ele>22.4</ele></trkpt>
    <trkpt lat="48.340027" lon="-4.701145"><ele>18.2</ele></trkpt>
    <trkpt lat="48.339880" lon="-4.701413"><ele>15.6</ele></trkpt>
    <trkpt lat="48.339733" lon="-4.701863"><ele>13.2</ele></trkpt>
    <trkpt lat="48.339698" lon="-4.702157"><ele>11.6</ele></trkpt>
    <trkpt lat="48.339722" lon="-4.702583"><ele>10.0</ele></trkpt>
    <trkpt lat="48.339675" lon="-4.702667"><ele>9.6</ele></trkpt>
    <trkpt lat="48.339552" lon="-4.702583"><ele>9.6</ele></trkpt>
    <trkpt lat="48.339578" lon="-4.702378"><ele>9.2</ele></trkpt>
    <trkpt lat="48.339662" lon="-4.702267"><ele>0.4</ele></trkpt>
    <trkpt lat="48.339283" lon="-4.701757"><ele>5.8</ele></trkpt>
    <trkpt lat="48.339282" lon="-4.701680"><ele>6.2</ele></trkpt>
    <trkpt lat="48.339343" lon="-4.701530"><ele>6.2</ele></trkpt>
    <trkpt lat="48.339338" lon="-4.701380"><ele>6.4</ele></trkpt>
    <trkpt lat="48.339068" lon="-4.700860"><ele>9.2</ele></trkpt>
    <trkpt lat="48.338968" lon="-4.700555"><ele>9.8</ele></trkpt>
    <trkpt lat="48.338715" lon="-4.700347"><ele>13.8</ele></trkpt>
    <trkpt lat="48.338678" lon="-4.700248"><ele>15.0</ele></trkpt>
    <trkpt lat="48.338953" lon="-4.699723"><ele>17.0</ele></trkpt>
    <trkpt lat="48.338973" lon="-4.699550"><ele>17.0</ele></trkpt>
    <trkpt lat="48.338913" lon="-4.699300"><ele>16.0</ele></trkpt>
    <trkpt lat="48.338585" lon="-4.698807"><ele>15.0</ele></trkpt>
    <trkpt lat="48.338387" lon="-4.698645"><ele>15.4</ele></trkpt>
    <trkpt lat="48.338275" lon="-4.698452"><ele>15.4</ele></trkpt>
    <trkpt lat="48.338177" lon="-4.698410"><ele>15.2</ele></trkpt>
    <trkpt lat="48.337885" lon="-4.698733"><ele>15.6</ele></trkpt>
    <trkpt lat="48.337735" lon="-4.698958"><ele>17.2</ele></trkpt>
    <trkpt lat="48.337712" lon="-4.699273"><ele>19.8</ele></trkpt>
    <trkpt lat="48.337588" lon="-4.699502"><ele>22.4</ele></trkpt>
    <trkpt lat="48.337508" lon="-4.699578"><ele>23.6</ele></trkpt>
    <trkpt lat="48.337332" lon="-4.699602"><ele>24.8</ele></trkpt>
    <trkpt lat="48.337240" lon="-4.699730"><ele>25.0</ele></trkpt>
    <trkpt lat="48.337055" lon="-4.700603"><ele>24.4</ele></trkpt>
    <trkpt lat="48.337138" lon="-4.701137"><ele>23.0</ele></trkpt>
    <trkpt lat="48.337117" lon="-4.701687"><ele>22.8</ele></trkpt>
    <trkpt lat="48.337002" lon="-4.701913"><ele>22.8</ele></trkpt>
    <trkpt lat="48.336720" lon="-4.702280"><ele>23.0</ele></trkpt>
    <trkpt lat="48.336608" lon="-4.702630"><ele>24.0</ele></trkpt>
    <trkpt lat="48.336535" lon="-4.703070"><ele>25.6</ele></trkpt>
    <trkpt lat="48.336508" lon="-4.703458"><ele>26.4</ele></trkpt>
    <trkpt lat="48.336465" lon="-4.703628"><ele>26.4</ele></trkpt>
    <trkpt lat="48.336500" lon="-4.703798"><ele>26.4</ele></trkpt>
    <trkpt lat="48.336525" lon="-4.704813"><ele>29.8</ele></trkpt>
    <trkpt lat="48.336593" lon="-4.705652"><ele>32.0</ele></trkpt>
    <trkpt lat="48.336357" lon="-4.707425"><ele>35.8</ele></trkpt>
    <trkpt lat="48.336223" lon="-4.708007"><ele>36.8</ele></trkpt>
    <trkpt lat="48.336083" lon="-4.709003"><ele>39.4</ele></trkpt>
    <trkpt lat="48.335940" lon="-4.709658"><ele>40.6</ele></trkpt>
    <trkpt lat="48.335778" lon="-4.709680"><ele>41.0</ele></trkpt>
    <trkpt lat="48.335163" lon="-4.709563"><ele>41.8</ele></trkpt>
    <trkpt lat="48.334755" lon="-4.709467"><ele>40.8</ele></trkpt>
    <trkpt lat="48.334452" lon="-4.709337"><ele>41.2</ele></trkpt>
    <trkpt lat="48.334440" lon="-4.709198"><ele>41.4</ele></trkpt>
    <trkpt lat="48.334537" lon="-4.708843"><ele>41.8</ele></trkpt>
    <trkpt lat="48.334613" lon="-4.708375"><ele>40.0</ele></trkpt>
    <trkpt lat="48.334685" lon="-4.708187"><ele>38.8</ele></trkpt>
    <trkpt lat="48.334658" lon="-4.707697"><ele>35.0</ele></trkpt>
    <trkpt lat="48.334623" lon="-4.707577"><ele>34.0</ele></trkpt>
    <trkpt lat="48.334275" lon="-4.707050"><ele>27.8</ele></trkpt>
    <trkpt lat="48.334218" lon="-4.707097"><ele>26.6</ele></trkpt>
    <trkpt lat="48.334175" lon="-4.707205"><ele>25.8</ele></trkpt>
    <trkpt lat="48.334143" lon="-4.707512"><ele>24.0</ele></trkpt>
    <trkpt lat="48.334072" lon="-4.707790"><ele>24.6</ele></trkpt>
    <trkpt lat="48.334030" lon="-4.707843"><ele>25.0</ele></trkpt>
    <trkpt lat="48.333928" lon="-4.707868"><ele>26.8</ele></trkpt>
    <trkpt lat="48.333840" lon="-4.707767"><ele>26.4</ele></trkpt>
    <trkpt lat="48.333782" lon="-4.707757"><ele>25.4</ele></trkpt>
    <trkpt lat="48.333260" lon="-4.708112"><ele>21.0</ele></trkpt>
    <trkpt lat="48.332980" lon="-4.708148"><ele>22.0</ele></trkpt>
    <trkpt lat="48.332483" lon="-4.708125"><ele>24.2</ele></trkpt>
    <trkpt lat="48.332268" lon="-4.708223"><ele>26.8</ele></trkpt>
    <trkpt lat="48.332220" lon="-4.708325"><ele>28.2</ele></trkpt>
    <trkpt lat="48.332128" lon="-4.708412"><ele>32.0</ele></trkpt>
    <trkpt lat="48.332100" lon="-4.708498"><ele>32.0</ele></trkpt>
    <trkpt lat="48.331965" lon="-4.709265"><ele>35.8</ele></trkpt>
    <trkpt lat="48.331870" lon="-4.709382"><ele>37.4</ele></trkpt>
    <trkpt lat="48.331618" lon="-4.709555"><ele>41.2</ele></trkpt>
    <trkpt lat="48.331463" lon="-4.709878"><ele>41.0</ele></trkpt>
    <trkpt lat="48.331430" lon="-4.710660"><ele>39.8</ele></trkpt>
    <trkpt lat="48.331543" lon="-4.710977"><ele>39.2</ele></trkpt>
    <trkpt lat="48.331577" lon="-4.711273"><ele>40.4</ele></trkpt>
    <trkpt lat="48.331663" lon="-4.711632"><ele>42.6</ele></trkpt>
    <trkpt lat="48.331655" lon="-4.711900"><ele>43.2</ele></trkpt>
    <trkpt lat="48.331687" lon="-4.712063"><ele>42.2</ele></trkpt>
    <trkpt lat="48.331710" lon="-4.712635"><ele>39.2</ele></trkpt>
    <trkpt lat="48.331803" lon="-4.712818"><ele>39.4</ele></trkpt>
    <trkpt lat="48.332045" lon="-4.712873"><ele>42.6</ele></trkpt>
    <trkpt lat="48.332103" lon="-4.712925"><ele>43.6</ele></trkpt>
    <trkpt lat="48.332195" lon="-4.713212"><ele>45.0</ele></trkpt>
    <trkpt lat="48.332195" lon="-4.713455"><ele>45.6</ele></trkpt>
    <trkpt lat="48.332128" lon="-4.713607"><ele>45.8</ele></trkpt>
    <trkpt lat="48.332003" lon="-4.713733"><ele>45.4</ele></trkpt>
    <trkpt lat="48.330972" lon="-4.713983"><ele>37.4</ele></trkpt>
    <trkpt lat="48.330720" lon="-4.714090"><ele>35.8</ele></trkpt>
    <trkpt lat="48.330622" lon="-4.714187"><ele>35.4</ele></trkpt>
    <trkpt lat="48.330588" lon="-4.714412"><ele>33.8</ele></trkpt>
    <trkpt lat="48.330777" lon="-4.715052"><ele>34.6</ele></trkpt>
    <trkpt lat="48.330757" lon="-4.715263"><ele>35.4</ele></trkpt>
    <trkpt lat="48.330617" lon="-4.715593"><ele>35.0</ele></trkpt>
    <trkpt lat="48.330098" lon="-4.716393"><ele>34.4</ele></trkpt>
    <trkpt lat="48.330062" lon="-4.716528"><ele>34.8</ele></trkpt>
    <trkpt lat="48.330490" lon="-4.717418"><ele>34.4</ele></trkpt>
    <trkpt lat="48.330558" lon="-4.717503"><ele>34.0</ele></trkpt>
    <trkpt lat="48.330663" lon="-4.717497"><ele>33.4</ele></trkpt>
    <trkpt lat="48.330855" lon="-4.717358"><ele>37.8</ele></trkpt>
    <trkpt lat="48.330973" lon="-4.717125"><ele>41.6</ele></trkpt>
    <trkpt lat="48.331103" lon="-4.716995"><ele>43.8</ele></trkpt>
    <trkpt lat="48.331323" lon="-4.717005"><ele>42.6</ele></trkpt>
    <trkpt lat="48.331377" lon="-4.717087"><ele>39.6</ele></trkpt>
    <trkpt lat="48.331358" lon="-4.717438"><ele>31.6</ele></trkpt>
    <trkpt lat="48.331318" lon="-4.717592"><ele>29.4</ele></trkpt>
    <trkpt lat="48.331193" lon="-4.717855"><ele>26.8</ele></trkpt>
    <trkpt lat="48.331232" lon="-4.718020"><ele>25.4</ele></trkpt>
    <trkpt lat="48.330927" lon="-4.718478"><ele>17.8</ele></trkpt>
    <trkpt lat="48.330942" lon="-4.718693"><ele>16.4</ele></trkpt>
    <trkpt lat="48.330912" lon="-4.718900"><ele>20.0</ele></trkpt>
    <trkpt lat="48.330805" lon="-4.719175"><ele>19.4</ele></trkpt>
    <trkpt lat="48.330717" lon="-4.719705"><ele>18.8</ele></trkpt>
    <trkpt lat="48.330772" lon="-4.719837"><ele>19.6</ele></trkpt>
    <trkpt lat="48.330895" lon="-4.719910"><ele>19.8</ele></trkpt>
    <trkpt lat="48.330925" lon="-4.720055"><ele>22.8</ele></trkpt>
    <trkpt lat="48.330475" lon="-4.721123"><ele>23.0</ele></trkpt>
    <trkpt lat="48.330470" lon="-4.721485"><ele>23.4</ele></trkpt>
    <trkpt lat="48.330577" lon="-4.721635"><ele>24.6</ele></trkpt>
    <trkpt lat="48.330588" lon="-4.721743"><ele>25.4</ele></trkpt>
    <trkpt lat="48.330457" lon="-4.722415"><ele>28.0</ele></trkpt>
    <trkpt lat="48.330290" lon="-4.722962"><ele>31.2</ele></trkpt>
    <trkpt lat="48.330275" lon="-4.723227"><ele>30.0</ele></trkpt>
    <trkpt lat="48.330298" lon="-4.723375"><ele>29.6</ele></trkpt>
    <trkpt lat="48.330443" lon="-4.723587"><ele>28.6</ele></trkpt>
    <trkpt lat="48.330657" lon="-4.723798"><ele>26.0</ele></trkpt>
    <trkpt lat="48.330640" lon="-4.723878"><ele>25.6</ele></trkpt>
    <trkpt lat="48.330540" lon="-4.723975"><ele>24.6</ele></trkpt>
    <trkpt lat="48.330498" lon="-4.724155"><ele>24.2</ele></trkpt>
    <trkpt lat="48.330707" lon="-4.724723"><ele>27.8</ele></trkpt>
    <trkpt lat="48.330748" lon="-4.724993"><ele>30.0</ele></trkpt>
    <trkpt lat="48.330605" lon="-4.725633"><ele>30.6</ele></trkpt>
    <trkpt lat="48.330455" lon="-4.725805"><ele>30.0</ele></trkpt>
    <trkpt lat="48.330490" lon="-4.725942"><ele>28.8</ele></trkpt>
    <trkpt lat="48.330675" lon="-4.726167"><ele>26.6</ele></trkpt>
    <trkpt lat="48.330732" lon="-4.726837"><ele>26.0</ele></trkpt>
    <trkpt lat="48.330698" lon="-4.727143"><ele>27.0</ele></trkpt>
    <trkpt lat="48.330497" lon="-4.727763"><ele>30.8</ele></trkpt>
    <trkpt lat="48.330565" lon="-4.728620"><ele>30.6</ele></trkpt>
    <trkpt lat="48.330623" lon="-4.728767"><ele>32.0</ele></trkpt>
    <trkpt lat="48.330930" lon="-4.729213"><ele>32.8</ele></trkpt>
    <trkpt lat="48.331142" lon="-4.729635"><ele>35.4</ele></trkpt>
    <trkpt lat="48.331245" lon="-4.729728"><ele>37.0</ele></trkpt>
    <trkpt lat="48.331330" lon="-4.729670"><ele>37.6</ele></trkpt>
    <trkpt lat="48.331365" lon="-4.729515"><ele>38.6</ele></trkpt>
    <trkpt lat="48.331363" lon="-4.729148"><ele>43.4</ele></trkpt>
    <trkpt lat="48.331282" lon="-4.728658"><ele>49.4</ele></trkpt>
    <trkpt lat="48.331298" lon="-4.728557"><ele>49.6</ele></trkpt>
    <trkpt lat="48.331378" lon="-4.728460"><ele>50.0</ele></trkpt>
    <trkpt lat="48.331755" lon="-4.728403"><ele>49.2</ele></trkpt>
    <trkpt lat="48.331908" lon="-4.728340"><ele>49.2</ele></trkpt>
    <trkpt lat="48.332745" lon="-4.728333"><ele>49.0</ele></trkpt>
    <trkpt lat="48.333553" lon="-4.728558"><ele>52.0</ele></trkpt>
    <trkpt lat="48.334990" lon="-4.729278"><ele>48.6</ele></trkpt>
    <trkpt lat="48.336103" lon="-4.729648"><ele>48.0</ele></trkpt>
    <trkpt lat="48.336168" lon="-4.729862"><ele>47.6</ele></trkpt>
    <trkpt lat="48.336185" lon="-4.730800"><ele>44.2</ele></trkpt>
    <trkpt lat="48.335838" lon="-4.732475"><ele>37.2</ele></trkpt>
    <trkpt lat="48.335693" lon="-4.732748"><ele>36.2</ele></trkpt>
    <trkpt lat="48.335430" lon="-4.733407"><ele>31.8</ele></trkpt>
    <trkpt lat="48.335238" lon="-4.733718"><ele>29.2</ele></trkpt>
    <trkpt lat="48.334212" lon="-4.735107"><ele>22.0</ele></trkpt>
    <trkpt lat="48.333658" lon="-4.735667"><ele>18.2</ele></trkpt>
    <trkpt lat="48.333625" lon="-4.736085"><ele>17.0</ele></trkpt>
    <trkpt lat="48.333530" lon="-4.736198"><ele>17.2</ele></trkpt>
    <trkpt lat="48.333313" lon="-4.736675"><ele>17.2</ele></trkpt>
    <trkpt lat="48.333327" lon="-4.736945"><ele>17.6</ele></trkpt>
    <trkpt lat="48.333265" lon="-4.737092"><ele>17.2</ele></trkpt>
    <trkpt lat="48.333307" lon="-4.737203"><ele>18.0</ele></trkpt>
    <trkpt lat="48.333268" lon="-4.737317"><ele>22.4</ele></trkpt>
    <trkpt lat="48.333217" lon="-4.737310"><ele>23.4</ele></trkpt>
    <trkpt lat="48.333105" lon="-4.737513"><ele>26.8</ele></trkpt>
    <trkpt lat="48.333077" lon="-4.737663"><ele>26.6</ele></trkpt>
    <trkpt lat="48.333278" lon="-4.737868"><ele>29.4</ele></trkpt>
    <trkpt lat="48.333603" lon="-4.738010"><ele>32.8</ele></trkpt>
    <trkpt lat="48.333748" lon="-4.738175"><ele>31.8</ele></trkpt>
    <trkpt lat="48.333782" lon="-4.738263"><ele>32.0</ele></trkpt>
    <trkpt lat="48.333675" lon="-4.738387"><ele>32.6</ele></trkpt>
    <trkpt lat="48.333683" lon="-4.738508"><ele>33.8</ele></trkpt>
    <trkpt lat="48.333657" lon="-4.738593"><ele>34.8</ele></trkpt>
    <trkpt lat="48.333605" lon="-4.738637"><ele>36.2</ele></trkpt>
    <trkpt lat="48.333450" lon="-4.738600"><ele>39.4</ele></trkpt>
    <trkpt lat="48.333320" lon="-4.738620"><ele>40.2</ele></trkpt>
    <trkpt lat="48.333298" lon="-4.738815"><ele>41.4</ele></trkpt>
    <trkpt lat="48.333263" lon="-4.738870"><ele>41.6</ele></trkpt>
    <trkpt lat="48.332475" lon="-4.739252"><ele>42.4</ele></trkpt>
    <trkpt lat="48.332360" lon="-4.739492"><ele>42.2</ele></trkpt>
    <trkpt lat="48.332258" lon="-4.739938"><ele>40.4</ele></trkpt>
    <trkpt lat="48.332253" lon="-4.740482"><ele>42.2</ele></trkpt>
    <trkpt lat="48.332022" lon="-4.741443"><ele>41.2</ele></trkpt>
    <trkpt lat="48.332090" lon="-4.741872"><ele>42.0</ele></trkpt>
    <trkpt lat="48.332085" lon="-4.742105"><ele>40.8</ele></trkpt>
    <trkpt lat="48.331710" lon="-4.742730"><ele>41.6</ele></trkpt>
    <trkpt lat="48.331590" lon="-4.743190"><ele>39.4</ele></trkpt>
    <trkpt lat="48.331518" lon="-4.743712"><ele>33.0</ele></trkpt>
    <trkpt lat="48.331517" lon="-4.743907"><ele>30.6</ele></trkpt>
    <trkpt lat="48.331588" lon="-4.744372"><ele>23.8</ele></trkpt>
    <trkpt lat="48.331655" lon="-4.744512"><ele>21.2</ele></trkpt>
    <trkpt lat="48.331648" lon="-4.744587"><ele>20.2</ele></trkpt>
    <trkpt lat="48.331228" lon="-4.744693"><ele>18.2</ele></trkpt>
    <trkpt lat="48.331057" lon="-4.744612"><ele>17.6</ele></trkpt>
    <trkpt lat="48.330798" lon="-4.744367"><ele>20.8</ele></trkpt>
    <trkpt lat="48.330675" lon="-4.744382"><ele>22.8</ele></trkpt>
    <trkpt lat="48.330563" lon="-4.744942"><ele>22.4</ele></trkpt>
    <trkpt lat="48.330408" lon="-4.745347"><ele>26.6</ele></trkpt>
    <trkpt lat="48.330390" lon="-4.745453"><ele>28.0</ele></trkpt>
    <trkpt lat="48.330408" lon="-4.745697"><ele>30.6</ele></trkpt>
    <trkpt lat="48.330190" lon="-4.746080"><ele>34.4</ele></trkpt>
    <trkpt lat="48.329955" lon="-4.746697"><ele>35.0</ele></trkpt>
    <trkpt lat="48.329910" lon="-4.747012"><ele>34.2</ele></trkpt>
    <trkpt lat="48.329913" lon="-4.747437"><ele>34.4</ele></trkpt>
    <trkpt lat="48.329767" lon="-4.748477"><ele>34.2</ele></trkpt>
    <trkpt lat="48.329803" lon="-4.748727"><ele>34.4</ele></trkpt>
    <trkpt lat="48.329938" lon="-4.749123"><ele>32.2</ele></trkpt>
    <trkpt lat="48.330050" lon="-4.749907"><ele>31.8</ele></trkpt>
    <trkpt lat="48.330057" lon="-4.750720"><ele>28.0</ele></trkpt>
    <trkpt lat="48.329970" lon="-4.751127"><ele>26.6</ele></trkpt>
    <trkpt lat="48.330087" lon="-4.751468"><ele>25.0</ele></trkpt>
    <trkpt lat="48.330038" lon="-4.751743"><ele>23.6</ele></trkpt>
    <trkpt lat="48.330023" lon="-4.752273"><ele>21.4</ele></trkpt>
    <trkpt lat="48.330090" lon="-4.752410"><ele>20.8</ele></trkpt>
    <trkpt lat="48.330280" lon="-4.752497"><ele>19.8</ele></trkpt>
    <trkpt lat="48.330392" lon="-4.752622"><ele>20.6</ele></trkpt>
    <trkpt lat="48.330530" lon="-4.752687"><ele>21.0</ele></trkpt>
    <trkpt lat="48.330550" lon="-4.752747"><ele>21.0</ele></trkpt>
    <trkpt lat="48.330332" lon="-4.752957"><ele>19.4</ele></trkpt>
    <trkpt lat="48.330273" lon="-4.753080"><ele>17.8</ele></trkpt>
    <trkpt lat="48.330258" lon="-4.753328"><ele>15.4</ele></trkpt>
    <trkpt lat="48.330297" lon="-4.753457"><ele>14.6</ele></trkpt>
    <trkpt lat="48.330367" lon="-4.753550"><ele>13.6</ele></trkpt>
    <trkpt lat="48.330307" lon="-4.753760"><ele>17.8</ele></trkpt>
    <trkpt lat="48.330108" lon="-4.753797"><ele>21.8</ele></trkpt>
    <trkpt lat="48.329840" lon="-4.753713"><ele>20.6</ele></trkpt>
    <trkpt lat="48.329630" lon="-4.753760"><ele>20.8</ele></trkpt>
    <trkpt lat="48.329517" lon="-4.754293"><ele>22.2</ele></trkpt>
    <trkpt lat="48.329447" lon="-4.754472"><ele>22.8</ele></trkpt>
    <trkpt lat="48.329077" lon="-4.755043"><ele>24.0</ele></trkpt>
    <trkpt lat="48.329027" lon="-4.755177"><ele>23.8</ele></trkpt>
    <trkpt lat="48.328915" lon="-4.755935"><ele>23.6</ele></trkpt>
    <trkpt lat="48.328962" lon="-4.756905"><ele>25.6</ele></trkpt>
    <trkpt lat="48.328903" lon="-4.757745"><ele>27.2</ele></trkpt>
    <trkpt lat="48.328803" lon="-4.758507"><ele>26.8</ele></trkpt>
    <trkpt lat="48.328783" lon="-4.759543"><ele>26.8</ele></trkpt>
    <trkpt lat="48.328723" lon="-4.759990"><ele>27.0</ele></trkpt>
    <trkpt lat="48.328618" lon="-4.760473"><ele>26.6</ele></trkpt>
    <trkpt lat="48.328525" lon="-4.760807"><ele>24.4</ele></trkpt>
    <trkpt lat="48.328375" lon="-4.761077"><ele>24.2</ele></trkpt>
    <trkpt lat="48.328333" lon="-4.761490"><ele>26.0</ele></trkpt>
    <trkpt lat="48.328220" lon="-4.762002"><ele>25.6</ele></trkpt>
    <trkpt lat="48.328247" lon="-4.762285"><ele>24.4</ele></trkpt>
    <trkpt lat="48.328362" lon="-4.762663"><ele>23.0</ele></trkpt>
    <trkpt lat="48.328332" lon="-4.762962"><ele>21.2</ele></trkpt>
    <trkpt lat="48.328375" lon="-4.763382"><ele>20.8</ele></trkpt>
    <trkpt lat="48.328345" lon="-4.764402"><ele>20.4</ele></trkpt>
    <trkpt lat="48.328375" lon="-4.764477"><ele>20.2</ele></trkpt>
    <trkpt lat="48.328577" lon="-4.764677"><ele>17.0</ele></trkpt>
    <trkpt lat="48.328580" lon="-4.764722"><ele>16.4</ele></trkpt>
    <trkpt lat="48.328455" lon="-4.764907"><ele>15.2</ele></trkpt>
    <trkpt lat="48.328443" lon="-4.765007"><ele>15.6</ele></trkpt>
    <trkpt lat="48.328502" lon="-4.765473"><ele>21.8</ele></trkpt>
    <trkpt lat="48.328477" lon="-4.765708"><ele>22.4</ele></trkpt>
    <trkpt lat="48.328487" lon="-4.765983"><ele>22.8</ele></trkpt>
    <trkpt lat="48.328568" lon="-4.766252"><ele>22.8</ele></trkpt>
    <trkpt lat="48.328562" lon="-4.766510"><ele>23.0</ele></trkpt>
    <trkpt lat="48.328593" lon="-4.766733"><ele>22.0</ele></trkpt>
    <trkpt lat="48.328688" lon="-4.766805"><ele>21.0</ele></trkpt>
    <trkpt lat="48.329208" lon="-4.766492"><ele>26.8</ele></trkpt>
    <trkpt lat="48.329295" lon="-4.766498"><ele>27.2</ele></trkpt>
    <trkpt lat="48.329360" lon="-4.766587"><ele>27.0</ele></trkpt>
    <trkpt lat="48.329342" lon="-4.766933"><ele>25.6</ele></trkpt>
    <trkpt lat="48.328947" lon="-4.767583"><ele>26.2</ele></trkpt>
    <trkpt lat="48.328862" lon="-4.768143"><ele>25.2</ele></trkpt>
    <trkpt lat="48.328895" lon="-4.768333"><ele>24.4</ele></trkpt>
    <trkpt lat="48.328967" lon="-4.768455"><ele>23.8</ele></trkpt>
    <trkpt lat="48.329732" lon="-4.769235"><ele>23.0</ele></trkpt>
    <trkpt lat="48.329813" lon="-4.769402"><ele>23.6</ele></trkpt>
    <trkpt lat="48.329785" lon="-4.769632"><ele>24.4</ele></trkpt>
    <trkpt lat="48.329553" lon="-4.770613"><ele>28.0</ele></trkpt>
    <trkpt lat="48.329628" lon="-4.771032"><ele>26.4</ele></trkpt>
    <trkpt lat="48.329600" lon="-4.771708"><ele>23.0</ele></trkpt>
    <trkpt lat="48.329865" lon="-4.772030"><ele>25.8</ele></trkpt>
    <trkpt lat="48.330277" lon="-4.771963"><ele>26.2</ele></trkpt>
    <trkpt lat="48.330405" lon="-4.772040"><ele>24.4</ele></trkpt>
    <trkpt lat="48.330438" lon="-4.772132"><ele>22.8</ele></trkpt>
    <trkpt lat="48.330435" lon="-4.772230"><ele>21.6</ele></trkpt>
    <trkpt lat="48.330307" lon="-4.772523"><ele>19.8</ele></trkpt>
    <trkpt lat="48.330273" lon="-4.772708"><ele>19.2</ele></trkpt>
    <trkpt lat="48.330438" lon="-4.773008"><ele>19.6</ele></trkpt>
    <trkpt lat="48.330498" lon="-4.773198"><ele>20.8</ele></trkpt>
    <trkpt lat="48.330640" lon="-4.773345"><ele>21.0</ele></trkpt>
    <trkpt lat="48.330772" lon="-4.773403"><ele>20.8</ele></trkpt>
    <trkpt lat="48.330890" lon="-4.773393"><ele>20.2</ele></trkpt>
    <trkpt lat="48.330933" lon="-4.773267"><ele>19.4</ele></trkpt>
    <trkpt lat="48.330973" lon="-4.773242"><ele>19.8</ele></trkpt>
    <trkpt lat="48.331182" lon="-4.773463"><ele>20.0</ele></trkpt>
    <trkpt lat="48.331768" lon="-4.773510"><ele>15.0</ele></trkpt>
    <trkpt lat="48.331840" lon="-4.773438"><ele>15.2</ele></trkpt>
    <trkpt lat="48.331898" lon="-4.773280"><ele>16.2</ele></trkpt>
    <trkpt lat="48.331908" lon="-4.773090"><ele>17.4</ele></trkpt>
    <trkpt lat="48.332505" lon="-4.772343"><ele>20.0</ele></trkpt>
    <trkpt lat="48.332628" lon="-4.772098"><ele>21.6</ele></trkpt>
    <trkpt lat="48.332742" lon="-4.771960"><ele>21.8</ele></trkpt>
    <trkpt lat="48.333035" lon="-4.771852"><ele>22.0</ele></trkpt>
    <trkpt lat="48.333297" lon="-4.771633"><ele>23.2</ele></trkpt>
    <trkpt lat="48.333610" lon="-4.771485"><ele>24.8</ele></trkpt>
    <trkpt lat="48.333835" lon="-4.771518"><ele>25.2</ele></trkpt>
    <trkpt lat="48.334208" lon="-4.771453"><ele>22.8</ele></trkpt>
    <trkpt lat="48.334430" lon="-4.771625"><ele>21.0</ele></trkpt>
    <trkpt lat="48.334598" lon="-4.771650"><ele>19.4</ele></trkpt>
    <trkpt lat="48.334757" lon="-4.771543"><ele>19.6</ele></trkpt>
    <trkpt lat="48.334882" lon="-4.771387"><ele>19.2</ele></trkpt>
    <trkpt lat="48.334998" lon="-4.771342"><ele>18.8</ele></trkpt>
    <trkpt lat="48.335162" lon="-4.771197"><ele>17.2</ele></trkpt>
    <trkpt lat="48.335243" lon="-4.771193"><ele>15.6</ele></trkpt>
    <trkpt lat="48.335437" lon="-4.771298"><ele>9.6</ele></trkpt>
    <trkpt lat="48.335552" lon="-4.771583"><ele>11.4</ele></trkpt>
    <trkpt lat="48.335610" lon="-4.772330"><ele>12.6</ele></trkpt>
    <trkpt lat="48.335698" lon="-4.772567"><ele>13.6</ele></trkpt>
    <trkpt lat="48.335658" lon="-4.772903"><ele>14.8</ele></trkpt>
    <trkpt lat="48.335683" lon="-4.773308"><ele>15.2</ele></trkpt>
    <trkpt lat="48.335713" lon="-4.773375"><ele>15.2</ele></trkpt>
    <trkpt lat="48.335853" lon="-4.773490"><ele>15.0</ele></trkpt>
    <trkpt lat="48.336007" lon="-4.773750"><ele>14.4</ele></trkpt>
    <trkpt lat="48.336005" lon="-4.774238"><ele>15.0</ele></trkpt>
    <trkpt lat="48.336078" lon="-4.774265"><ele>15.2</ele></trkpt>
    <trkpt lat="48.336237" lon="-4.774215"><ele>15.8</ele></trkpt>
    <trkpt lat="48.336345" lon="-4.774308"><ele>16.6</ele></trkpt>
    <trkpt lat="48.336387" lon="-4.774482"><ele>17.4</ele></trkpt>
    <trkpt lat="48.336378" lon="-4.774802"><ele>17.6</ele></trkpt>
    <trkpt lat="48.336372" lon="-4.774835"><ele>17.6</ele></trkpt>
    <trkpt lat="48.336363" lon="-4.774518"><ele>19.4</ele></trkpt>
    <trkpt lat="48.336328" lon="-4.774330"><ele>20.6</ele></trkpt>
    <trkpt lat="48.336242" lon="-4.774225"><ele>20.4</ele></trkpt>
    <trkpt lat="48.336012" lon="-4.774272"><ele>20.6</ele></trkpt>
    <trkpt lat="48.335963" lon="-4.774227"><ele>20.6</ele></trkpt>
    <trkpt lat="48.335998" lon="-4.773773"><ele>21.8</ele></trkpt>
    <trkpt lat="48.335832" lon="-4.773483"><ele>23.6</ele></trkpt>
    <trkpt lat="48.335668" lon="-4.773305"><ele>23.6</ele></trkpt>
    <trkpt lat="48.335667" lon="-4.772840"><ele>23.6</ele></trkpt>
    <trkpt lat="48.335710" lon="-4.772622"><ele>24.6</ele></trkpt>
    <trkpt lat="48.335623" lon="-4.772310"><ele>21.8</ele></trkpt>
    <trkpt lat="48.335582" lon="-4.771842"><ele>19.8</ele></trkpt>
    <trkpt lat="48.335508" lon="-4.771472"><ele>17.4</ele></trkpt>
    <trkpt lat="48.335408" lon="-4.771297"><ele>15.2</ele></trkpt>
    <trkpt lat="48.335163" lon="-4.771195"><ele>13.6</ele></trkpt>
    <trkpt lat="48.334838" lon="-4.771377"><ele>18.0</ele></trkpt>
    <trkpt lat="48.334635" lon="-4.771590"><ele>18.8</ele></trkpt>
    <trkpt lat="48.334523" lon="-4.771648"><ele>19.6</ele></trkpt>
    <trkpt lat="48.334372" lon="-4.771640"><ele>20.2</ele></trkpt>
    <trkpt lat="48.334120" lon="-4.771443"><ele>24.2</ele></trkpt>
    <trkpt lat="48.333775" lon="-4.771510"><ele>26.2</ele></trkpt>
    <trkpt lat="48.333500" lon="-4.771470"><ele>27.6</ele></trkpt>
    <trkpt lat="48.333248" lon="-4.771587"><ele>26.6</ele></trkpt>
    <trkpt lat="48.333005" lon="-4.771795"><ele>27.6</ele></trkpt>
    <trkpt lat="48.332675" lon="-4.771907"><ele>27.4</ele></trkpt>
    <trkpt lat="48.332425" lon="-4.772330"><ele>25.8</ele></trkpt>
    <trkpt lat="48.331872" lon="-4.773028"><ele>22.4</ele></trkpt>
    <trkpt lat="48.331838" lon="-4.773325"><ele>21.6</ele></trkpt>
    <trkpt lat="48.331785" lon="-4.773432"><ele>21.0</ele></trkpt>
    <trkpt lat="48.331708" lon="-4.773495"><ele>20.4</ele></trkpt>
    <trkpt lat="48.331128" lon="-4.773478"><ele>20.2</ele></trkpt>
    <trkpt lat="48.330903" lon="-4.773252"><ele>23.2</ele></trkpt>
    <trkpt lat="48.330820" lon="-4.773433"><ele>24.2</ele></trkpt>
    <trkpt lat="48.330660" lon="-4.773405"><ele>25.6</ele></trkpt>
    <trkpt lat="48.330548" lon="-4.773287"><ele>26.4</ele></trkpt>
    <trkpt lat="48.330302" lon="-4.772818"><ele>24.2</ele></trkpt>
    <trkpt lat="48.330273" lon="-4.772663"><ele>23.8</ele></trkpt>
    <trkpt lat="48.330455" lon="-4.772188"><ele>21.8</ele></trkpt>
    <trkpt lat="48.330597" lon="-4.771942"><ele>23.0</ele></trkpt>
    <trkpt lat="48.330703" lon="-4.771560"><ele>27.8</ele></trkpt>
    <trkpt lat="48.330898" lon="-4.770393"><ele>34.6</ele></trkpt>
    <trkpt lat="48.331217" lon="-4.769847"><ele>33.8</ele></trkpt>
    <trkpt lat="48.331568" lon="-4.768618"><ele>34.4</ele></trkpt>
    <trkpt lat="48.331427" lon="-4.768310"><ele>34.6</ele></trkpt>
    <trkpt lat="48.331543" lon="-4.768622"><ele>26.2</ele></trkpt>
    <trkpt lat="48.331287" lon="-4.769532"><ele>23.6</ele></trkpt>
    <trkpt lat="48.331143" lon="-4.769893"><ele>22.8</ele></trkpt>
    <trkpt lat="48.330918" lon="-4.770042"><ele>24.4</ele></trkpt>
    <trkpt lat="48.330782" lon="-4.770273"><ele>26.0</ele></trkpt>
    <trkpt lat="48.330225" lon="-4.770293"><ele>25.8</ele></trkpt>
    <trkpt lat="48.330155" lon="-4.770262"><ele>26.6</ele></trkpt>
    <trkpt lat="48.330110" lon="-4.770170"><ele>27.2</ele></trkpt>
    <trkpt lat="48.330033" lon="-4.769777"><ele>29.2</ele></trkpt>
    <trkpt lat="48.329975" lon="-4.769643"><ele>28.8</ele></trkpt>
    <trkpt lat="48.329673" lon="-4.769232"><ele>28.4</ele></trkpt>
    <trkpt lat="48.329023" lon="-4.768530"><ele>28.0</ele></trkpt>
    <trkpt lat="48.328887" lon="-4.768203"><ele>27.0</ele></trkpt>
    <trkpt lat="48.328875" lon="-4.768045"><ele>26.6</ele></trkpt>
    <trkpt lat="48.328902" lon="-4.767855"><ele>26.6</ele></trkpt>
    <trkpt lat="48.329002" lon="-4.767478"><ele>25.6</ele></trkpt>
    <trkpt lat="48.329190" lon="-4.767222"><ele>24.6</ele></trkpt>
    <trkpt lat="48.329313" lon="-4.766978"><ele>24.2</ele></trkpt>
    <trkpt lat="48.329327" lon="-4.766648"><ele>24.2</ele></trkpt>
    <trkpt lat="48.329290" lon="-4.766552"><ele>23.8</ele></trkpt>
    <trkpt lat="48.329163" lon="-4.766478"><ele>23.6</ele></trkpt>
    <trkpt lat="48.328975" lon="-4.766570"><ele>24.6</ele></trkpt>
    <trkpt lat="48.328678" lon="-4.766795"><ele>24.0</ele></trkpt>
    <trkpt lat="48.328625" lon="-4.766793"><ele>23.4</ele></trkpt>
    <trkpt lat="48.328578" lon="-4.766715"><ele>22.6</ele></trkpt>
    <trkpt lat="48.328548" lon="-4.766287"><ele>24.6</ele></trkpt>
    <trkpt lat="48.328482" lon="-4.765882"><ele>26.0</ele></trkpt>
    <trkpt lat="48.328497" lon="-4.765492"><ele>26.0</ele></trkpt>
    <trkpt lat="48.328443" lon="-4.764940"><ele>22.2</ele></trkpt>
    <trkpt lat="48.328548" lon="-4.764653"><ele>20.0</ele></trkpt>
    <trkpt lat="48.328400" lon="-4.764465"><ele>21.2</ele></trkpt>
    <trkpt lat="48.328358" lon="-4.764338"><ele>21.8</ele></trkpt>
    <trkpt lat="48.328385" lon="-4.763430"><ele>23.2</ele></trkpt>
    <trkpt lat="48.328343" lon="-4.762907"><ele>23.8</ele></trkpt>
    <trkpt lat="48.328352" lon="-4.762660"><ele>22.8</ele></trkpt>
    <trkpt lat="48.328223" lon="-4.762195"><ele>23.0</ele></trkpt>
    <trkpt lat="48.328252" lon="-4.761910"><ele>25.4</ele></trkpt>
    <trkpt lat="48.328353" lon="-4.761482"><ele>28.2</ele></trkpt>
    <trkpt lat="48.328377" lon="-4.761198"><ele>27.2</ele></trkpt>
    <trkpt lat="48.328408" lon="-4.761078"><ele>26.2</ele></trkpt>
    <trkpt lat="48.328550" lon="-4.760813"><ele>24.4</ele></trkpt>
    <trkpt lat="48.328640" lon="-4.760507"><ele>23.8</ele></trkpt>
    <trkpt lat="48.328787" lon="-4.759742"><ele>26.4</ele></trkpt>
    <trkpt lat="48.328817" lon="-4.759370"><ele>27.4</ele></trkpt>
    <trkpt lat="48.328810" lon="-4.758657"><ele>29.8</ele></trkpt>
    <trkpt lat="48.328910" lon="-4.757898"><ele>31.0</ele></trkpt>
    <trkpt lat="48.328987" lon="-4.756845"><ele>30.6</ele></trkpt>
    <trkpt lat="48.328938" lon="-4.755968"><ele>27.6</ele></trkpt>
    <trkpt lat="48.329072" lon="-4.755170"><ele>27.6</ele></trkpt>
    <trkpt lat="48.329143" lon="-4.755008"><ele>27.0</ele></trkpt>
    <trkpt lat="48.329398" lon="-4.754682"><ele>27.4</ele></trkpt>
    <trkpt lat="48.329497" lon="-4.754483"><ele>27.2</ele></trkpt>
    <trkpt lat="48.329580" lon="-4.754213"><ele>26.2</ele></trkpt>
    <trkpt lat="48.329632" lon="-4.753835"><ele>25.6</ele></trkpt>
    <trkpt lat="48.329683" lon="-4.753737"><ele>25.4</ele></trkpt>
    <trkpt lat="48.329862" lon="-4.753682"><ele>23.8</ele></trkpt>
    <trkpt lat="48.330178" lon="-4.753783"><ele>22.6</ele></trkpt>
    <trkpt lat="48.330340" lon="-4.753713"><ele>22.8</ele></trkpt>
    <trkpt lat="48.330377" lon="-4.753558"><ele>19.0</ele></trkpt>
    <trkpt lat="48.330275" lon="-4.753315"><ele>14.6</ele></trkpt>
    <trkpt lat="48.330292" lon="-4.753093"><ele>13.0</ele></trkpt>
    <trkpt lat="48.330323" lon="-4.752992"><ele>13.0</ele></trkpt>
    <trkpt lat="48.330502" lon="-4.752755"><ele>16.8</ele></trkpt>
    <trkpt lat="48.330240" lon="-4.752502"><ele>22.2</ele></trkpt>
    <trkpt lat="48.330090" lon="-4.752412"><ele>21.6</ele></trkpt>
    <trkpt lat="48.330017" lon="-4.752247"><ele>21.2</ele></trkpt>
    <trkpt lat="48.330072" lon="-4.751445"><ele>21.8</ele></trkpt>
    <trkpt lat="48.329968" lon="-4.751117"><ele>22.4</ele></trkpt>
    <trkpt lat="48.330052" lon="-4.750840"><ele>23.2</ele></trkpt>
    <trkpt lat="48.330045" lon="-4.749997"><ele>27.0</ele></trkpt>
    <trkpt lat="48.329955" lon="-4.749252"><ele>30.4</ele></trkpt>
    <trkpt lat="48.329788" lon="-4.748567"><ele>34.4</ele></trkpt>
    <trkpt lat="48.329852" lon="-4.747858"><ele>35.8</ele></trkpt>
    <trkpt lat="48.329923" lon="-4.747457"><ele>37.2</ele></trkpt>
    <trkpt lat="48.329933" lon="-4.747028"><ele>37.0</ele></trkpt>
    <trkpt lat="48.329997" lon="-4.746643"><ele>36.6</ele></trkpt>
    <trkpt lat="48.330198" lon="-4.746128"><ele>39.0</ele></trkpt>
    <trkpt lat="48.330393" lon="-4.745762"><ele>40.4</ele></trkpt>
    <trkpt lat="48.330412" lon="-4.745337"><ele>35.6</ele></trkpt>
    <trkpt lat="48.330567" lon="-4.744948"><ele>31.2</ele></trkpt>
    <trkpt lat="48.330728" lon="-4.744345"><ele>22.4</ele></trkpt>
    <trkpt lat="48.330777" lon="-4.744312"><ele>21.6</ele></trkpt>
    <trkpt lat="48.330857" lon="-4.744343"><ele>21.0</ele></trkpt>
    <trkpt lat="48.331083" lon="-4.744540"><ele>18.8</ele></trkpt>
    <trkpt lat="48.331267" lon="-4.744643"><ele>17.4</ele></trkpt>
    <trkpt lat="48.331682" lon="-4.744560"><ele>16.6</ele></trkpt>
    <trkpt lat="48.331695" lon="-4.744470"><ele>16.6</ele></trkpt>
    <trkpt lat="48.331598" lon="-4.744325"><ele>16.8</ele></trkpt>
    <trkpt lat="48.331540" lon="-4.744093"><ele>21.2</ele></trkpt>
    <trkpt lat="48.331520" lon="-4.743793"><ele>27.2</ele></trkpt>
    <trkpt lat="48.331612" lon="-4.743338"><ele>30.8</ele></trkpt>
    <trkpt lat="48.331613" lon="-4.743187"><ele>31.8</ele></trkpt>
    <trkpt lat="48.331712" lon="-4.742802"><ele>32.2</ele></trkpt>
    <trkpt lat="48.331823" lon="-4.742585"><ele>35.0</ele></trkpt>
    <trkpt lat="48.332115" lon="-4.742178"><ele>38.8</ele></trkpt>
    <trkpt lat="48.332115" lon="-4.741895"><ele>40.0</ele></trkpt>
    <trkpt lat="48.332043" lon="-4.741512"><ele>42.8</ele></trkpt>
    <trkpt lat="48.332283" lon="-4.740502"><ele>41.8</ele></trkpt>
    <trkpt lat="48.332302" lon="-4.740327"><ele>41.8</ele></trkpt>
    <trkpt lat="48.332285" lon="-4.739938"><ele>40.8</ele></trkpt>
    <trkpt lat="48.332370" lon="-4.739555"><ele>40.0</ele></trkpt>
    <trkpt lat="48.332515" lon="-4.739262"><ele>40.4</ele></trkpt>
    <trkpt lat="48.332820" lon="-4.739162"><ele>40.6</ele></trkpt>
    <trkpt lat="48.333327" lon="-4.738910"><ele>39.2</ele></trkpt>
    <trkpt lat="48.333395" lon="-4.738590"><ele>38.2</ele></trkpt>
    <trkpt lat="48.333712" lon="-4.738587"><ele>36.8</ele></trkpt>
    <trkpt lat="48.333695" lon="-4.738367"><ele>34.6</ele></trkpt>
    <trkpt lat="48.333763" lon="-4.738232"><ele>32.8</ele></trkpt>
    <trkpt lat="48.333732" lon="-4.738150"><ele>32.0</ele></trkpt>
    <trkpt lat="48.333563" lon="-4.737985"><ele>30.4</ele></trkpt>
    <trkpt lat="48.333270" lon="-4.737887"><ele>32.2</ele></trkpt>
    <trkpt lat="48.333080" lon="-4.737648"><ele>30.0</ele></trkpt>
    <trkpt lat="48.333108" lon="-4.737517"><ele>28.8</ele></trkpt>
    <trkpt lat="48.333337" lon="-4.737208"><ele>22.4</ele></trkpt>
    <trkpt lat="48.333288" lon="-4.737088"><ele>17.8</ele></trkpt>
    <trkpt lat="48.333338" lon="-4.736952"><ele>15.4</ele></trkpt>
    <trkpt lat="48.333330" lon="-4.736707"><ele>14.0</ele></trkpt>
    <trkpt lat="48.333682" lon="-4.736065"><ele>14.2</ele></trkpt>
    <trkpt lat="48.333697" lon="-4.735730"><ele>14.6</ele></trkpt>
    <trkpt lat="48.333747" lon="-4.735613"><ele>14.8</ele></trkpt>
    <trkpt lat="48.334092" lon="-4.735322"><ele>18.6</ele></trkpt>
    <trkpt lat="48.334460" lon="-4.734902"><ele>21.8</ele></trkpt>
    <trkpt lat="48.334737" lon="-4.734520"><ele>22.0</ele></trkpt>
    <trkpt lat="48.334847" lon="-4.734300"><ele>22.0</ele></trkpt>
    <trkpt lat="48.335395" lon="-4.733618"><ele>25.2</ele></trkpt>
    <trkpt lat="48.335695" lon="-4.732842"><ele>31.0</ele></trkpt>
    <trkpt lat="48.335930" lon="-4.732353"><ele>34.8</ele></trkpt>
    <trkpt lat="48.335940" lon="-4.732143"><ele>35.4</ele></trkpt>
    <trkpt lat="48.336192" lon="-4.730923"><ele>42.6</ele></trkpt>
    <trkpt lat="48.336147" lon="-4.729990"><ele>45.2</ele></trkpt>
    <trkpt lat="48.336108" lon="-4.729770"><ele>44.8</ele></trkpt>
    <trkpt lat="48.336055" lon="-4.729678"><ele>44.8</ele></trkpt>
    <trkpt lat="48.335337" lon="-4.729447"><ele>46.2</ele></trkpt>
    <trkpt lat="48.333140" lon="-4.728407"><ele>54.2</ele></trkpt>
    <trkpt lat="48.332840" lon="-4.728328"><ele>53.4</ele></trkpt>
    <trkpt lat="48.332273" lon="-4.728283"><ele>50.4</ele></trkpt>
    <trkpt lat="48.331582" lon="-4.728323"><ele>47.8</ele></trkpt>
    <trkpt lat="48.331365" lon="-4.728385"><ele>47.6</ele></trkpt>
    <trkpt lat="48.331287" lon="-4.728488"><ele>46.8</ele></trkpt>
    <trkpt lat="48.331260" lon="-4.728607"><ele>46.8</ele></trkpt>
    <trkpt lat="48.331282" lon="-4.728837"><ele>46.4</ele></trkpt>
    <trkpt lat="48.331362" lon="-4.729150"><ele>43.6</ele></trkpt>
    <trkpt lat="48.331365" lon="-4.729383"><ele>41.2</ele></trkpt>
    <trkpt lat="48.331313" lon="-4.729672"><ele>40.6</ele></trkpt>
    <trkpt lat="48.331238" lon="-4.729735"><ele>40.6</ele></trkpt>
    <trkpt lat="48.331142" lon="-4.729668"><ele>40.2</ele></trkpt>
    <trkpt lat="48.330573" lon="-4.728687"><ele>38.0</ele></trkpt>
    <trkpt lat="48.330533" lon="-4.728500"><ele>36.4</ele></trkpt>
    <trkpt lat="48.330512" lon="-4.727792"><ele>36.0</ele></trkpt>
    <trkpt lat="48.330720" lon="-4.727198"><ele>32.8</ele></trkpt>
    <trkpt lat="48.330748" lon="-4.726913"><ele>32.2</ele></trkpt>
    <trkpt lat="48.330675" lon="-4.726212"><ele>27.2</ele></trkpt>
    <trkpt lat="48.330512" lon="-4.725968"><ele>25.4</ele></trkpt>
    <trkpt lat="48.330473" lon="-4.725847"><ele>27.2</ele></trkpt>
    <trkpt lat="48.330508" lon="-4.725758"><ele>29.2</ele></trkpt>
    <trkpt lat="48.330617" lon="-4.725670"><ele>32.0</ele></trkpt>
    <trkpt lat="48.330745" lon="-4.725037"><ele>38.2</ele></trkpt>
    <trkpt lat="48.330683" lon="-4.724690"><ele>37.0</ele></trkpt>
    <trkpt lat="48.330637" lon="-4.724627"><ele>35.4</ele></trkpt>
    <trkpt lat="48.330492" lon="-4.724155"><ele>28.4</ele></trkpt>
    <trkpt lat="48.330523" lon="-4.724022"><ele>27.2</ele></trkpt>
    <trkpt lat="48.330640" lon="-4.723843"><ele>27.6</ele></trkpt>
    <trkpt lat="48.330332" lon="-4.723457"><ele>31.4</ele></trkpt>
    <trkpt lat="48.330285" lon="-4.723278"><ele>32.4</ele></trkpt>
    <trkpt lat="48.330288" lon="-4.723045"><ele>31.8</ele></trkpt>
    <trkpt lat="48.330312" lon="-4.722883"><ele>32.4</ele></trkpt>
    <trkpt lat="48.330468" lon="-4.722443"><ele>33.4</ele></trkpt>
    <trkpt lat="48.330600" lon="-4.721765"><ele>30.6</ele></trkpt>
    <trkpt lat="48.330587" lon="-4.721667"><ele>31.0</ele></trkpt>
    <trkpt lat="48.330483" lon="-4.721530"><ele>32.6</ele></trkpt>
    <trkpt lat="48.330460" lon="-4.721448"><ele>32.4</ele></trkpt>
    <trkpt lat="48.330502" lon="-4.721107"><ele>31.2</ele></trkpt>
    <trkpt lat="48.330822" lon="-4.720452"><ele>28.6</ele></trkpt>
    <trkpt lat="48.330937" lon="-4.720100"><ele>26.6</ele></trkpt>
    <trkpt lat="48.330905" lon="-4.719952"><ele>25.6</ele></trkpt>
    <trkpt lat="48.330770" lon="-4.719833"><ele>24.4</ele></trkpt>
    <trkpt lat="48.330732" lon="-4.719745"><ele>23.4</ele></trkpt>
    <trkpt lat="48.330805" lon="-4.719232"><ele>22.6</ele></trkpt>
    <trkpt lat="48.330875" lon="-4.719002"><ele>21.6</ele></trkpt>
    <trkpt lat="48.330940" lon="-4.718910"><ele>22.0</ele></trkpt>
    <trkpt lat="48.330950" lon="-4.718503"><ele>18.2</ele></trkpt>
    <trkpt lat="48.330985" lon="-4.718395"><ele>16.8</ele></trkpt>
    <trkpt lat="48.331110" lon="-4.718267"><ele>17.4</ele></trkpt>
    <trkpt lat="48.331248" lon="-4.718040"><ele>16.4</ele></trkpt>
    <trkpt lat="48.331202" lon="-4.717858"><ele>20.4</ele></trkpt>
    <trkpt lat="48.331353" lon="-4.717452"><ele>22.8</ele></trkpt>
    <trkpt lat="48.331340" lon="-4.717250"><ele>27.6</ele></trkpt>
    <trkpt lat="48.331362" lon="-4.717117"><ele>30.0</ele></trkpt>
    <trkpt lat="48.331342" lon="-4.717015"><ele>33.2</ele></trkpt>
    <trkpt lat="48.331293" lon="-4.716963"><ele>34.6</ele></trkpt>
    <trkpt lat="48.331103" lon="-4.716927"><ele>38.6</ele></trkpt>
    <trkpt lat="48.330987" lon="-4.717043"><ele>37.8</ele></trkpt>
    <trkpt lat="48.330825" lon="-4.717320"><ele>35.8</ele></trkpt>
    <trkpt lat="48.330613" lon="-4.717492"><ele>33.4</ele></trkpt>
    <trkpt lat="48.330520" lon="-4.717485"><ele>31.8</ele></trkpt>
    <trkpt lat="48.330183" lon="-4.716840"><ele>33.0</ele></trkpt>
    <trkpt lat="48.330058" lon="-4.716517"><ele>33.4</ele></trkpt>
    <trkpt lat="48.330143" lon="-4.716335"><ele>34.2</ele></trkpt>
    <trkpt lat="48.330550" lon="-4.715798"><ele>33.0</ele></trkpt>
    <trkpt lat="48.330787" lon="-4.715283"><ele>35.6</ele></trkpt>
    <trkpt lat="48.330798" lon="-4.715042"><ele>36.8</ele></trkpt>
    <trkpt lat="48.330623" lon="-4.714388"><ele>34.2</ele></trkpt>
    <trkpt lat="48.330625" lon="-4.714263"><ele>33.8</ele></trkpt>
    <trkpt lat="48.330690" lon="-4.714132"><ele>33.8</ele></trkpt>
    <trkpt lat="48.331042" lon="-4.713953"><ele>33.6</ele></trkpt>
    <trkpt lat="48.331750" lon="-4.713855"><ele>35.4</ele></trkpt>
    <trkpt lat="48.331992" lon="-4.713775"><ele>36.8</ele></trkpt>
    <trkpt lat="48.332123" lon="-4.713695"><ele>38.2</ele></trkpt>
    <trkpt lat="48.332213" lon="-4.713540"><ele>40.0</ele></trkpt>
    <trkpt lat="48.332197" lon="-4.713262"><ele>41.4</ele></trkpt>
    <trkpt lat="48.332097" lon="-4.712950"><ele>42.0</ele></trkpt>
    <trkpt lat="48.332010" lon="-4.712862"><ele>42.0</ele></trkpt>
    <trkpt lat="48.331787" lon="-4.712790"><ele>40.6</ele></trkpt>
    <trkpt lat="48.331728" lon="-4.712650"><ele>39.4</ele></trkpt>
    <trkpt lat="48.331725" lon="-4.712110"><ele>41.8</ele></trkpt>
    <trkpt lat="48.331692" lon="-4.711922"><ele>43.0</ele></trkpt>
    <trkpt lat="48.331708" lon="-4.711700"><ele>44.2</ele></trkpt>
    <trkpt lat="48.331623" lon="-4.711368"><ele>45.8</ele></trkpt>
    <trkpt lat="48.331588" lon="-4.711048"><ele>43.8</ele></trkpt>
    <trkpt lat="48.331452" lon="-4.710595"><ele>41.2</ele></trkpt>
    <trkpt lat="48.331498" lon="-4.709857"><ele>40.0</ele></trkpt>
    <trkpt lat="48.331647" lon="-4.709575"><ele>40.4</ele></trkpt>
    <trkpt lat="48.331917" lon="-4.709407"><ele>39.8</ele></trkpt>
    <trkpt lat="48.331997" lon="-4.709307"><ele>39.2</ele></trkpt>
    <trkpt lat="48.332130" lon="-4.708483"><ele>31.4</ele></trkpt>
    <trkpt lat="48.332287" lon="-4.708223"><ele>29.2</ele></trkpt>
    <trkpt lat="48.332503" lon="-4.708112"><ele>24.4</ele></trkpt>
    <trkpt lat="48.332743" lon="-4.708153"><ele>21.0</ele></trkpt>
    <trkpt lat="48.333310" lon="-4.708100"><ele>18.8</ele></trkpt>
    <trkpt lat="48.333880" lon="-4.707697"><ele>18.2</ele></trkpt>
    <trkpt lat="48.334002" lon="-4.707817"><ele>20.4</ele></trkpt>
    <trkpt lat="48.334092" lon="-4.707833"><ele>21.6</ele></trkpt>
    <trkpt lat="48.334133" lon="-4.707773"><ele>22.0</ele></trkpt>
    <trkpt lat="48.334225" lon="-4.707205"><ele>18.6</ele></trkpt>
    <trkpt lat="48.334318" lon="-4.707028"><ele>18.4</ele></trkpt>
    <trkpt lat="48.334563" lon="-4.707467"><ele>21.4</ele></trkpt>
    <trkpt lat="48.334695" lon="-4.707848"><ele>23.4</ele></trkpt>
    <trkpt lat="48.334683" lon="-4.708173"><ele>24.6</ele></trkpt>
    <trkpt lat="48.334603" lon="-4.708335"><ele>26.0</ele></trkpt>
    <trkpt lat="48.334500" lon="-4.708850"><ele>26.6</ele></trkpt>
    <trkpt lat="48.334478" lon="-4.709183"><ele>28.2</ele></trkpt>
    <trkpt lat="48.334507" lon="-4.709352"><ele>28.8</ele></trkpt>
    <trkpt lat="48.334962" lon="-4.709553"><ele>31.2</ele></trkpt>
    <trkpt lat="48.335143" lon="-4.709552"><ele>33.0</ele></trkpt>
    <trkpt lat="48.335905" lon="-4.709690"><ele>39.2</ele></trkpt>
    <trkpt lat="48.336000" lon="-4.709630"><ele>40.2</ele></trkpt>
    <trkpt lat="48.336078" lon="-4.709233"><ele>42.0</ele></trkpt>
    <trkpt lat="48.336230" lon="-4.708065"><ele>41.4</ele></trkpt>
    <trkpt lat="48.336417" lon="-4.707207"><ele>38.6</ele></trkpt>
    <trkpt lat="48.336615" lon="-4.705783"><ele>34.2</ele></trkpt>
    <trkpt lat="48.336613" lon="-4.705478"><ele>33.4</ele></trkpt>
    <trkpt lat="48.336522" lon="-4.704457"><ele>29.4</ele></trkpt>
    <trkpt lat="48.336530" lon="-4.703815"><ele>26.2</ele></trkpt>
    <trkpt lat="48.336490" lon="-4.703577"><ele>26.6</ele></trkpt>
    <trkpt lat="48.336532" lon="-4.703432"><ele>26.6</ele></trkpt>
    <trkpt lat="48.336617" lon="-4.702765"><ele>25.6</ele></trkpt>
    <trkpt lat="48.336715" lon="-4.702357"><ele>24.0</ele></trkpt>
    <trkpt lat="48.337080" lon="-4.701857"><ele>23.0</ele></trkpt>
    <trkpt lat="48.337155" lon="-4.701695"><ele>23.2</ele></trkpt>
    <trkpt lat="48.337158" lon="-4.701147"><ele>24.2</ele></trkpt>
    <trkpt lat="48.337082" lon="-4.700598"><ele>24.4</ele></trkpt>
    <trkpt lat="48.337278" lon="-4.699698"><ele>27.6</ele></trkpt>
    <trkpt lat="48.337363" lon="-4.699575"><ele>27.4</ele></trkpt>
    <trkpt lat="48.337507" lon="-4.699583"><ele>27.6</ele></trkpt>
    <trkpt lat="48.337627" lon="-4.699477"><ele>28.2</ele></trkpt>
    <trkpt lat="48.337740" lon="-4.699243"><ele>28.2</ele></trkpt>
    <trkpt lat="48.337773" lon="-4.698902"><ele>25.0</ele></trkpt>
    <trkpt lat="48.338230" lon="-4.698378"><ele>19.6</ele></trkpt>
    <trkpt lat="48.338332" lon="-4.698423"><ele>18.8</ele></trkpt>
    <trkpt lat="48.338425" lon="-4.698603"><ele>18.0</ele></trkpt>
    <trkpt lat="48.338680" lon="-4.698837"><ele>18.6</ele></trkpt>
    <trkpt lat="48.338897" lon="-4.699230"><ele>17.2</ele></trkpt>
    <trkpt lat="48.338975" lon="-4.699442"><ele>16.2</ele></trkpt>
    <trkpt lat="48.338980" lon="-4.699603"><ele>16.4</ele></trkpt>
    <trkpt lat="48.338937" lon="-4.699793"><ele>17.0</ele></trkpt>
    <trkpt lat="48.338735" lon="-4.700120"><ele>18.0</ele></trkpt>
    <trkpt lat="48.338710" lon="-4.700232"><ele>18.2</ele></trkpt>
    <trkpt lat="48.338748" lon="-4.700393"><ele>18.0</ele></trkpt>
    <trkpt lat="48.338940" lon="-4.700470"><ele>16.0</ele></trkpt>
    <trkpt lat="48.339017" lon="-4.700565"><ele>15.2</ele></trkpt>
    <trkpt lat="48.339095" lon="-4.700827"><ele>13.6</ele></trkpt>
    <trkpt lat="48.339360" lon="-4.701383"><ele>7.2</ele></trkpt>
    <trkpt lat="48.339380" lon="-4.701520"><ele>6.2</ele></trkpt>
    <trkpt lat="48.339362" lon="-4.701637"><ele>5.4</ele></trkpt>
    <trkpt lat="48.339117" lon="-4.702222"><ele>1.6</ele></trkpt>
    <trkpt lat="48.339137" lon="-4.702465"><ele>1.6</ele></trkpt>
    <trkpt lat="48.339232" lon="-4.702548"><ele>2.4</ele></trkpt>
    <trkpt lat="48.339525" lon="-4.702568"><ele>3.4</ele></trkpt>
    <trkpt lat="48.339705" lon="-4.702628"><ele>4.2</ele></trkpt>
    <trkpt lat="48.339768" lon="-4.702570"><ele>4.6</ele></trkpt>
    <trkpt lat="48.339720" lon="-4.702200"><ele>6.8</ele></trkpt>
    <trkpt lat="48.339732" lon="-4.701990"><ele>8.0</ele></trkpt>
    <trkpt lat="48.339855" lon="-4.701533"><ele>10.4</ele></trkpt>
    <trkpt lat="48.339947" lon="-4.701317"><ele>12.0</ele></trkpt>
    <trkpt lat="48.340098" lon="-4.701142"><ele>13.8</ele></trkpt>
    <trkpt lat="48.340468" lon="-4.700923"><ele>14.8</ele></trkpt>
    <trkpt lat="48.340513" lon="-4.700798"><ele>15.2</ele></trkpt>
    <trkpt lat="48.340703" lon="-4.700658"><ele>17.2</ele></trkpt>
    <trkpt lat="48.341108" lon="-4.700605"><ele>26.0</ele></trkpt>
    <trkpt lat="48.341473" lon="-4.700642"><ele>32.2</ele></trkpt>
    <trkpt lat="48.342452" lon="-4.701115"><ele>23.4</ele></trkpt>
    <trkpt lat="48.342580" lon="-4.701222"><ele>22.4</ele></trkpt>
    <trkpt lat="48.342767" lon="-4.701508"><ele>21.0</ele></trkpt>
    <trkpt lat="48.342873" lon="-4.701580"><ele>20.2</ele></trkpt>
    <trkpt lat="48.342963" lon="-4.701570"><ele>19.4</ele></trkpt>
    <trkpt lat="48.343180" lon="-4.701397"><ele>18.8</ele></trkpt>
    <trkpt lat="48.343403" lon="-4.701298"><ele>18.6</ele></trkpt>
    <trkpt lat="48.343735" lon="-4.701342"><ele>19.6</ele></trkpt>
    <trkpt lat="48.344023" lon="-4.701242"><ele>18.6</ele></trkpt>
    <trkpt lat="48.344237" lon="-4.701310"><ele>18.0</ele></trkpt>
    <trkpt lat="48.344845" lon="-4.701753"><ele>16.0</ele></trkpt>
    <trkpt lat="48.344962" lon="-4.701923"><ele>15.6</ele></trkpt>
    <trkpt lat="48.344992" lon="-4.702098"><ele>15.2</ele></trkpt>
    <trkpt lat="48.344970" lon="-4.702775"><ele>14.0</ele></trkpt>
    <trkpt lat="48.345005" lon="-4.702855"><ele>13.6</ele></trkpt>
    <trkpt lat="48.345247" lon="-4.702532"><ele>9.2</ele></trkpt>
    <trkpt lat="48.345330" lon="-4.702675"><ele>5.0</ele></trkpt>
    <trkpt lat="48.345565" lon="-4.702515"><ele>2.4</ele></trkpt>
    <trkpt lat="48.345892" lon="-4.702367"><ele>0.0</ele></trkpt>
    <trkpt lat="48.346257" lon="-4.702297"><ele>0.0</ele></trkpt>
    <trkpt lat="48.346493" lon="-4.702190"><ele>0.0</ele></trkpt>
    <trkpt lat="48.346678" lon="-4.702173"><ele>0.4</ele></trkpt>
    <trkpt lat="48.348348" lon="-4.701680"><ele>1.2</ele></trkpt>
    <trkpt lat="48.348600" lon="-4.701577"><ele>2.4</ele></trkpt>
    <trkpt lat="48.348963" lon="-4.701330"><ele>2.0</ele></trkpt>
    <trkpt lat="48.349345" lon="-4.701187"><ele>1.8</ele></trkpt>
    <trkpt lat="48.349818" lon="-4.700890"><ele>3.2</ele></trkpt>
    <trkpt lat="48.349933" lon="-4.700773"><ele>3.0</ele></trkpt>
    <trkpt lat="48.350360" lon="-4.700138"><ele>1.8</ele></trkpt>
    <trkpt lat="48.350517" lon="-4.699988"><ele>1.8</ele></trkpt>
    <trkpt lat="48.350630" lon="-4.699943"><ele>1.8</ele></trkpt>
    <trkpt lat="48.350698" lon="-4.700082"><ele>4.8</ele></trkpt>
    <trkpt lat="48.350732" lon="-4.700080"><ele>4.8</ele></trkpt>
    <trkpt lat="48.350908" lon="-4.699757"><ele>7.4</ele></trkpt>
    <trkpt lat="48.350972" lon="-4.699700"><ele>8.2</ele></trkpt>
    <trkpt lat="48.351192" lon="-4.699683"><ele>10.4</ele></trkpt>
    <trkpt lat="48.351417" lon="-4.699733"><ele>13.6</ele></trkpt>
    <trkpt lat="48.351917" lon="-4.699623"><ele>17.6</ele></trkpt>
    <trkpt lat="48.352398" lon="-4.699705"><ele>21.0</ele></trkpt>
    <trkpt lat="48.352563" lon="-4.699608"><ele>22.6</ele></trkpt>
    <trkpt lat="48.352595" lon="-4.699165"><ele>24.6</ele></trkpt>
    <trkpt lat="48.352422" lon="-4.698418"><ele>23.4</ele></trkpt>
    <trkpt lat="48.352408" lon="-4.698245"><ele>22.4</ele></trkpt>
    <trkpt lat="48.352485" lon="-4.698010"><ele>21.2</ele></trkpt>
    <trkpt lat="48.352710" lon="-4.697572"><ele>19.6</ele></trkpt>
    <trkpt lat="48.352775" lon="-4.697315"><ele>19.6</ele></trkpt>
    <trkpt lat="48.352438" lon="-4.696882"><ele>17.2</ele></trkpt>
    <trkpt lat="48.352457" lon="-4.696665"><ele>16.2</ele></trkpt>
    <trkpt lat="48.352552" lon="-4.696502"><ele>15.4</ele></trkpt>
    <trkpt lat="48.352753" lon="-4.696348"><ele>13.6</ele></trkpt>
    <trkpt lat="48.352897" lon="-4.696002"><ele>15.2</ele></trkpt>
    <trkpt lat="48.353072" lon="-4.695748"><ele>17.4</ele></trkpt>
    <trkpt lat="48.353212" lon="-4.695640"><ele>18.4</ele></trkpt>
    <trkpt lat="48.353427" lon="-4.695345"><ele>19.8</ele></trkpt>
    <trkpt lat="48.353440" lon="-4.695118"><ele>18.6</ele></trkpt>
    <trkpt lat="48.353625" lon="-4.694662"><ele>16.6</ele></trkpt>
    <trkpt lat="48.353678" lon="-4.694093"><ele>16.0</ele></trkpt>
    <trkpt lat="48.353617" lon="-4.693578"><ele>17.2</ele></trkpt>
    <trkpt lat="48.353632" lon="-4.693315"><ele>17.4</ele></trkpt>
    <trkpt lat="48.353730" lon="-4.692803"><ele>18.0</ele></trkpt>
    <trkpt lat="48.353908" lon="-4.692308"><ele>17.6</ele></trkpt>
    <trkpt lat="48.354092" lon="-4.692117"><ele>17.8</ele></trkpt>
    <trkpt lat="48.354360" lon="-4.692025"><ele>18.2</ele></trkpt>
    <trkpt lat="48.354493" lon="-4.691885"><ele>19.4</ele></trkpt>
    <trkpt lat="48.354597" lon="-4.691575"><ele>19.0</ele></trkpt>
    <trkpt lat="48.354955" lon="-4.691168"><ele>13.8</ele></trkpt>
    <trkpt lat="48.354918" lon="-4.691153"><ele>12.0</ele></trkpt>
    <trkpt lat="48.354890" lon="-4.691075"><ele>11.2</ele></trkpt>
    <trkpt lat="48.354882" lon="-4.690455"><ele>7.4</ele></trkpt>
    <trkpt lat="48.354823" lon="-4.690273"><ele>5.8</ele></trkpt>
    <trkpt lat="48.354692" lon="-4.690053"><ele>5.2</ele></trkpt>
    <trkpt lat="48.354660" lon="-4.689725"><ele>6.0</ele></trkpt>
    <trkpt lat="48.354730" lon="-4.689535"><ele>8.4</ele></trkpt>
    <trkpt lat="48.354880" lon="-4.689322"><ele>10.6</ele></trkpt>
    <trkpt lat="48.354893" lon="-4.689245"><ele>11.2</ele></trkpt>
    <trkpt lat="48.354785" lon="-4.688703"><ele>12.0</ele></trkpt>
    <trkpt lat="48.354823" lon="-4.688225"><ele>17.0</ele></trkpt>
    <trkpt lat="48.354655" lon="-4.687570"><ele>16.6</ele></trkpt>
    <trkpt lat="48.354592" lon="-4.687183"><ele>18.2</ele></trkpt>
    <trkpt lat="48.354650" lon="-4.685350"><ele>26.4</ele></trkpt>
    <trkpt lat="48.354627" lon="-4.685262"><ele>26.8</ele></trkpt>
    <trkpt lat="48.354562" lon="-4.685200"><ele>26.8</ele></trkpt>
    <trkpt lat="48.354365" lon="-4.685202"><ele>25.4</ele></trkpt>
    <trkpt lat="48.354047" lon="-4.685282"><ele>22.4</ele></trkpt>
    <trkpt lat="48.353800" lon="-4.685200"><ele>19.6</ele></trkpt>
    <trkpt lat="48.353732" lon="-4.685085"><ele>18.8</ele></trkpt>
    <trkpt lat="48.353643" lon="-4.684760"><ele>17.0</ele></trkpt>
    <trkpt lat="48.353653" lon="-4.684612"><ele>16.4</ele></trkpt>
    <trkpt lat="48.353757" lon="-4.684390"><ele>16.6</ele></trkpt>
    <trkpt lat="48.353770" lon="-4.684285"><ele>16.4</ele></trkpt>
    <trkpt lat="48.353905" lon="-4.684202"><ele>15.8</ele></trkpt>
    <trkpt lat="48.353963" lon="-4.684077"><ele>16.4</ele></trkpt>
    <trkpt lat="48.353937" lon="-4.683602"><ele>15.6</ele></trkpt>
    <trkpt lat="48.354077" lon="-4.683047"><ele>16.2</ele></trkpt>
    <trkpt lat="48.354150" lon="-4.682943"><ele>16.6</ele></trkpt>
    <trkpt lat="48.354323" lon="-4.682875"><ele>18.4</ele></trkpt>
    <trkpt lat="48.354427" lon="-4.682748"><ele>19.2</ele></trkpt>
    <trkpt lat="48.354415" lon="-4.682465"><ele>20.2</ele></trkpt>
    <trkpt lat="48.354580" lon="-4.682312"><ele>20.8</ele></trkpt>
    <trkpt lat="48.354678" lon="-4.682155"><ele>21.2</ele></trkpt>
    <trkpt lat="48.354745" lon="-4.682148"><ele>21.2</ele></trkpt>
    <trkpt lat="48.354995" lon="-4.682340"><ele>24.0</ele></trkpt>
    <trkpt lat="48.355087" lon="-4.682298"><ele>24.4</ele></trkpt>
    <trkpt lat="48.355282" lon="-4.682065"><ele>23.0</ele></trkpt>
    <trkpt lat="48.355337" lon="-4.681967"><ele>22.2</ele></trkpt>
    <trkpt lat="48.355347" lon="-4.681772"><ele>20.4</ele></trkpt>
    <trkpt lat="48.355398" lon="-4.681617"><ele>19.6</ele></trkpt>
    <trkpt lat="48.355615" lon="-4.681375"><ele>21.2</ele></trkpt>
    <trkpt lat="48.355665" lon="-4.681265"><ele>20.8</ele></trkpt>
    <trkpt lat="48.355808" lon="-4.681147"><ele>19.6</ele></trkpt>
    <trkpt lat="48.356087" lon="-4.680697"><ele>14.4</ele></trkpt>
    <trkpt lat="48.356122" lon="-4.680245"><ele>10.2</ele></trkpt>
    <trkpt lat="48.356238" lon="-4.679982"><ele>8.6</ele></trkpt>
    <trkpt lat="48.356292" lon="-4.679747"><ele>8.6</ele></trkpt>
    <trkpt lat="48.356293" lon="-4.679345"><ele>9.4</ele></trkpt>
    <trkpt lat="48.356242" lon="-4.678983"><ele>8.0</ele></trkpt>
    <trkpt lat="48.356138" lon="-4.678887"><ele>7.4</ele></trkpt>
    <trkpt lat="48.355970" lon="-4.678853"><ele>6.6</ele></trkpt>
    <trkpt lat="48.355827" lon="-4.678487"><ele>7.0</ele></trkpt>
    <trkpt lat="48.355663" lon="-4.678295"><ele>7.8</ele></trkpt>
    <trkpt lat="48.355563" lon="-4.678265"><ele>7.2</ele></trkpt>
    <trkpt lat="48.355442" lon="-4.678112"><ele>8.2</ele></trkpt>
    <trkpt lat="48.355332" lon="-4.677922"><ele>8.8</ele></trkpt>
    <trkpt lat="48.355307" lon="-4.677770"><ele>9.4</ele></trkpt>
    <trkpt lat="48.355220" lon="-4.677645"><ele>10.4</ele></trkpt>
    <trkpt lat="48.355187" lon="-4.677505"><ele>11.0</ele></trkpt>
    <trkpt lat="48.355150" lon="-4.676887"><ele>15.2</ele></trkpt>
    <trkpt lat="48.355032" lon="-4.676447"><ele>14.0</ele></trkpt>
    <trkpt lat="48.354917" lon="-4.676227"><ele>13.2</ele></trkpt>
    <trkpt lat="48.354860" lon="-4.675958"><ele>12.4</ele></trkpt>
    <trkpt lat="48.354820" lon="-4.675523"><ele>11.4</ele></trkpt>
    <trkpt lat="48.354735" lon="-4.675042"><ele>10.0</ele></trkpt>
    <trkpt lat="48.354682" lon="-4.674122"><ele>9.6</ele></trkpt>
    <trkpt lat="48.354782" lon="-4.673863"><ele>11.0</ele></trkpt>
    <trkpt lat="48.355020" lon="-4.673517"><ele>12.4</ele></trkpt>
    <trkpt lat="48.355352" lon="-4.673283"><ele>13.2</ele></trkpt>
    <trkpt lat="48.355455" lon="-4.673152"><ele>13.8</ele></trkpt>
    <trkpt lat="48.355833" lon="-4.672917"><ele>16.6</ele></trkpt>
    <trkpt lat="48.355980" lon="-4.672760"><ele>17.6</ele></trkpt>
    <trkpt lat="48.356032" lon="-4.672630"><ele>17.2</ele></trkpt>
    <trkpt lat="48.356057" lon="-4.672213"><ele>18.8</ele></trkpt>
    <trkpt lat="48.356140" lon="-4.671987"><ele>20.2</ele></trkpt>
    <trkpt lat="48.356292" lon="-4.671758"><ele>20.2</ele></trkpt>
    <trkpt lat="48.356527" lon="-4.671558"><ele>18.8</ele></trkpt>
    <trkpt lat="48.356723" lon="-4.671243"><ele>17.8</ele></trkpt>
    <trkpt lat="48.356828" lon="-4.671142"><ele>18.6</ele></trkpt>
    <trkpt lat="48.356943" lon="-4.670918"><ele>19.8</ele></trkpt>
    <trkpt lat="48.356963" lon="-4.670777"><ele>20.6</ele></trkpt>
    <trkpt lat="48.356915" lon="-4.670657"><ele>23.2</ele></trkpt>
    <trkpt lat="48.356855" lon="-4.670608"><ele>25.2</ele></trkpt>
    <trkpt lat="48.356810" lon="-4.670470"><ele>26.0</ele></trkpt>
    <trkpt lat="48.356878" lon="-4.670215"><ele>25.6</ele></trkpt>
    <trkpt lat="48.357457" lon="-4.669732"><ele>25.6</ele></trkpt>
    <trkpt lat="48.357583" lon="-4.669550"><ele>26.6</ele></trkpt>
    <trkpt lat="48.357643" lon="-4.669423"><ele>27.4</ele></trkpt>
    <trkpt lat="48.357623" lon="-4.669302"><ele>28.2</ele></trkpt>
    <trkpt lat="48.357653" lon="-4.669127"><ele>27.8</ele></trkpt>
    <trkpt lat="48.357918" lon="-4.668840"><ele>32.0</ele></trkpt>
    <trkpt lat="48.357958" lon="-4.668760"><ele>33.4</ele></trkpt>
    <trkpt lat="48.357957" lon="-4.668535"><ele>31.0</ele></trkpt>
    <trkpt lat="48.357998" lon="-4.668453"><ele>28.8</ele></trkpt>
    <trkpt lat="48.357968" lon="-4.668390"><ele>28.4</ele></trkpt>
    <trkpt lat="48.357862" lon="-4.668328"><ele>28.4</ele></trkpt>
    <trkpt lat="48.357478" lon="-4.668348"><ele>35.6</ele></trkpt>
    <trkpt lat="48.357260" lon="-4.668508"><ele>39.2</ele></trkpt>
    <trkpt lat="48.357160" lon="-4.668508"><ele>39.6</ele></trkpt>
    <trkpt lat="48.356467" lon="-4.668302"><ele>40.4</ele></trkpt>
    <trkpt lat="48.356417" lon="-4.668202"><ele>39.6</ele></trkpt>
    <trkpt lat="48.356342" lon="-4.667807"><ele>40.4</ele></trkpt>
    <trkpt lat="48.356333" lon="-4.667448"><ele>42.4</ele></trkpt>
    <trkpt lat="48.356517" lon="-4.666978"><ele>46.2</ele></trkpt>
    <trkpt lat="48.356557" lon="-4.666552"><ele>46.6</ele></trkpt>
    <trkpt lat="48.356967" lon="-4.665382"><ele>49.0</ele></trkpt>
    <trkpt lat="48.357022" lon="-4.665088"><ele>48.8</ele></trkpt>
    <trkpt lat="48.357012" lon="-4.664792"><ele>48.6</ele></trkpt>
    <trkpt lat="48.357087" lon="-4.664705"><ele>49.0</ele></trkpt>
    <trkpt lat="48.357438" lon="-4.664567"><ele>51.0</ele></trkpt>
    <trkpt lat="48.357753" lon="-4.664355"><ele>54.6</ele></trkpt>
    <trkpt lat="48.357898" lon="-4.664333"><ele>55.8</ele></trkpt>
    <trkpt lat="48.358093" lon="-4.664410"><ele>56.2</ele></trkpt>
    <trkpt lat="48.358272" lon="-4.664277"><ele>56.2</ele></trkpt>
    <trkpt lat="48.359022" lon="-4.663940"><ele>55.6</ele></trkpt>
    <trkpt lat="48.359498" lon="-4.663178"><ele>59.4</ele></trkpt>
    <trkpt lat="48.359785" lon="-4.662807"><ele>61.2</ele></trkpt>
    <trkpt lat="48.360153" lon="-4.662148"><ele>63.8</ele></trkpt>
    <trkpt lat="48.360185" lon="-4.662020"><ele>64.4</ele></trkpt>
    <trkpt lat="48.360138" lon="-4.661677"><ele>65.8</ele></trkpt>
    <trkpt lat="48.360367" lon="-4.661253"><ele>66.8</ele></trkpt>
    <trkpt lat="48.360618" lon="-4.660912"><ele>68.6</ele></trkpt>
    <trkpt lat="48.361342" lon="-4.660327"><ele>70.6</ele></trkpt>
    <trkpt lat="48.361550" lon="-4.660085"><ele>70.4</ele></trkpt>
    <trkpt lat="48.361542" lon="-4.659942"><ele>70.6</ele></trkpt>
    <trkpt lat="48.361293" lon="-4.659195"><ele>70.6</ele></trkpt>
    <trkpt lat="48.361085" lon="-4.658698"><ele>70.2</ele></trkpt>
    <trkpt lat="48.360665" lon="-4.657900"><ele>67.8</ele></trkpt>
    <trkpt lat="48.360563" lon="-4.657330"><ele>68.0</ele></trkpt>
    <trkpt lat="48.360578" lon="-4.657170"><ele>67.4</ele></trkpt>
    <trkpt lat="48.360653" lon="-4.657000"><ele>67.2</ele></trkpt>
    <trkpt lat="48.361088" lon="-4.656622"><ele>70.2</ele></trkpt>
    <trkpt lat="48.361475" lon="-4.656420"><ele>71.6</ele></trkpt>
    <trkpt lat="48.361963" lon="-4.656320"><ele>72.0</ele></trkpt>
    <trkpt lat="48.362317" lon="-4.656332"><ele>72.2</ele></trkpt>
    <trkpt lat="48.362455" lon="-4.656273"><ele>72.4</ele></trkpt>
    <trkpt lat="48.362578" lon="-4.656035"><ele>71.8</ele></trkpt>
    <trkpt lat="48.362715" lon="-4.655312"><ele>74.8</ele></trkpt>
    <trkpt lat="48.362820" lon="-4.655108"><ele>75.2</ele></trkpt>
    <trkpt lat="48.363982" lon="-4.654817"><ele>74.4</ele></trkpt>
    <trkpt lat="48.364892" lon="-4.654287"><ele>74.4</ele></trkpt>
    <trkpt lat="48.365460" lon="-4.653890"><ele>75.8</ele></trkpt>
    <trkpt lat="48.365897" lon="-4.653425"><ele>74.8</ele></trkpt>
    <trkpt lat="48.366080" lon="-4.653355"><ele>74.6</ele></trkpt>
    <trkpt lat="48.366620" lon="-4.653387"><ele>72.2</ele></trkpt>
    <trkpt lat="48.366998" lon="-4.652950"><ele>73.4</ele></trkpt>
    <trkpt lat="48.367338" lon="-4.652872"><ele>72.8</ele></trkpt>
    <trkpt lat="48.367433" lon="-4.652708"><ele>73.0</ele></trkpt>
    <trkpt lat="48.367642" lon="-4.652010"><ele>72.6</ele></trkpt>
    <trkpt lat="48.367832" lon="-4.651522"><ele>71.4</ele></trkpt>
    <trkpt lat="48.368403" lon="-4.650855"><ele>69.8</ele></trkpt>
    <trkpt lat="48.368697" lon="-4.650448"><ele>70.0</ele></trkpt>
    <trkpt lat="48.368832" lon="-4.650068"><ele>69.8</ele></trkpt>
    <trkpt lat="48.368903" lon="-4.649535"><ele>68.8</ele></trkpt>
    <trkpt lat="48.368961" lon="-4.649400"><ele>65.1</ele></trkpt>
    <trkpt lat="48.368916" lon="-4.649426"><ele>65.4</ele></trkpt>
    <trkpt lat="48.368838" lon="-4.648639"><ele>64.1</ele></trkpt>
    <trkpt lat="48.368589" lon="-4.647839"><ele>63.8</ele></trkpt>
    <trkpt lat="48.368589" lon="-4.647725"><ele>63.3</ele></trkpt>
    <trkpt lat="48.368654" lon="-4.647620"><ele>63.0</ele></trkpt>
    <trkpt lat="48.368949" lon="-4.647405"><ele>61.3</ele></trkpt>
    <trkpt lat="48.369071" lon="-4.647072"><ele>60.0</ele></trkpt>
    <trkpt lat="48.369088" lon="-4.646531"><ele>59.0</ele></trkpt>
    <trkpt lat="48.369229" lon="-4.646111"><ele>57.9</ele></trkpt>
    <trkpt lat="48.369272" lon="-4.645672"><ele>57.3</ele></trkpt>
    <trkpt lat="48.369283" lon="-4.645384"><ele>57.2</ele></trkpt>
    <trkpt lat="48.369257" lon="-4.645093"><ele>57.5</ele></trkpt>
    <trkpt lat="48.369400" lon="-4.644461"><ele>58.1</ele></trkpt>
    <trkpt lat="48.369492" lon="-4.644248"><ele>57.8</ele></trkpt>
    <trkpt lat="48.369637" lon="-4.643531"><ele>58.4</ele></trkpt>
    <trkpt lat="48.369648" lon="-4.643161"><ele>59.5</ele></trkpt>
    <trkpt lat="48.369713" lon="-4.642868"><ele>60.0</ele></trkpt>
    <trkpt lat="48.369687" lon="-4.642481"><ele>60.7</ele></trkpt>
    <trkpt lat="48.369617" lon="-4.642143"><ele>60.4</ele></trkpt>
    <trkpt lat="48.369765" lon="-4.641639"><ele>60.3</ele></trkpt>
    <trkpt lat="48.369839" lon="-4.641563"><ele>60.2</ele></trkpt>
    <trkpt lat="48.369887" lon="-4.641188"><ele>60.0</ele></trkpt>
    <trkpt lat="48.370042" lon="-4.640779"><ele>60.0</ele></trkpt>
    <trkpt lat="48.370060" lon="-4.640204"><ele>60.0</ele></trkpt>
  </trkseg></trk>
</gpx>
